Clip Name,Project,Bin,Kind,Duration,Clip Duration,Size (MB),Codec,Resolution,Frame Rate,Sample Rate,Bit Depth,Type,Precompute Category,Effect Category,Effect,Effect Sequence,Date Created,Filename,Source Filename,Location,Database Status,MobId,MasterMobId,KelpieId,OmfScan
"Avid DNx SQ","zTeßt_1080i_59.94","","Audio","00:00:30:17","Track 1: 00:00:30:17",3.2,"PCM","","","48 kHz","16-bit","Media","","","","",2026-08-03 16:06,"A01.E6966CE6_A3C580A3C589AA.mxf","Avid DNx SQ.mov","/Users/Shared/AvidMediaComposer/Avid MediaFiles/MXF/1/A01.E6966CE6_A3C580A3C589AA.mxf","Listed","060a2b3401010105.01010f1013000000.9a583c0a55120690.48e346fc807fda72","060a2b3401010105.01010f1013000000.86583c0a55120690.c09946fc807fda72",1,false
"Avid DNx HQ","zTeßt_1080i_59.94","","Audio","00:00:30:17","Track 1: 00:00:30:17",3.2,"PCM","","","48 kHz","16-bit","Media","","","","",2026-08-03 16:19,"A01.E6967023_CB0BE0CB0BE82A.mxf","Avid DNx HQ.mov","/Users/Shared/AvidMediaComposer/Avid MediaFiles/MXF/1/A01.E6967023_CB0BE0CB0BE82A.mxf","Listed","060a2b3401010105.01010f1013000000.82beb00c55120690.8d6546fc807fda72","060a2b3401010105.01010f1013000000.63beb00c55120690.410146fc807fda72",2,false
"Avid DNx HQX","zTeßt_1080i_59.94","","Audio","00:00:30:17","Track 1: 00:00:30:17",3.2,"PCM","","","48 kHz","16-bit","Media","","","","",2026-08-03 16:20,"A01.E6967031_CBBA90CBBA946A.mxf","Avid DNx HQX.mov","/Users/Shared/AvidMediaComposer/Avid MediaFiles/MXF/1/A01.E6967031_CBBA90CBBA946A.mxf","Listed","060a2b3401010105.01010f1013000000.46a9bb0c55120690.335346fc807fda72","060a2b3401010105.01010f1013000000.2da9bb0c55120690.473b46fc807fda72",3,false
"Apple ProRes 422 Proxy","zTeßt_1080i_59.94","","Audio","00:00:30:17","Track 1: 00:00:30:17",3.2,"PCM","","","48 kHz","16-bit","Media","","","","",2026-08-03 16:26,"A01.E69671C5_DEDE70DEDE796A.mxf","Apple ProRes 422 Proxy.mov","/Users/Shared/AvidMediaComposer/Avid MediaFiles/MXF/1/A01.E69671C5_DEDE70DEDE796A.mxf","Listed","060a2b3401010105.01010f1013000000.96e7ed0d55120690.6a3646fc807fda72","060a2b3401010105.01010f1013000000.80e7ed0d55120690.2c6f46fc807fda72",4,false
"Apple ProRes 422 LT","zTeßt_1080i_59.94","","Audio","00:00:30:17","Track 1: 00:00:30:17",3.2,"PCM","","","48 kHz","16-bit","Media","","","","",2026-08-03 16:40,"A01.E69674FB_105D6105D63C0A.mxf","Apple ProRes 422 LT.mov","/Users/Shared/AvidMediaComposer/Avid MediaFiles/MXF/1/A01.E69674FB_105D6105D63C0A.mxf","Listed","060a2b3401010105.01010f1013000000.c0635d1055120690.526246fc807fda72","060a2b3401010105.01010f1013000000.b1635d1055120690.b8a446fc807fda72",5,false
"Apple ProRes 422","zTeßt_1080i_59.94","","Audio","00:00:30:17","Track 1: 00:00:30:17",3.2,"PCM","","","48 kHz","16-bit","Media","","","","",2026-08-03 16:45,"A01.E696763E_11529115294E1A.mxf","Apple ProRes 422.mov","/Users/Shared/AvidMediaComposer/Avid MediaFiles/MXF/1/A01.E696763E_11529115294E1A.mxf","Listed","060a2b3401010105.01010f1013000000.e194521155120690.9e9146fc807fda72","060a2b3401010105.01010f1013000000.ca94521155120690.9b3e46fc807fda72",6,false
"Apple ProRes 422 HQ","zTeßt_1080i_59.94","","Audio","00:00:30:17","Track 1: 00:00:30:17",3.2,"PCM","","","48 kHz","16-bit","Media","","","","",2026-08-03 16:46,"A01.E6967652_11614116145B4A.mxf","Apple ProRes 422 HQ.mov","/Users/Shared/AvidMediaComposer/Avid MediaFiles/MXF/1/A01.E6967652_11614116145B4A.mxf","Listed","060a2b3401010105.01010f1013000000.b445611155120690.872046fc807fda72","060a2b3401010105.01010f1013000000.9945611155120690.691a46fc807fda72",7,false
"AVC-Intra 100","zTeßt_1080i_59.94","","Audio","00:00:30:17","Track 1: 00:00:30:17",3.2,"PCM","","","48 kHz","16-bit","Media","","","","",2026-08-03 16:46,"A01.E6967671_1178C1178C49BA.mxf","AVC-Intra 100.mov","/Users/Shared/AvidMediaComposer/Avid MediaFiles/MXF/1/A01.E6967671_1178C1178C49BA.mxf","Listed","060a2b3401010105.01010f1013000000.9bc4781155120690.1d3646fc807fda72","060a2b3401010105.01010f1013000000.84c4781155120690.661046fc807fda72",8,false
"XAVC HD Intra CBG Class 100","zTeßt_1080i_59.94","","Audio","00:00:30:17","Track 1: 00:00:30:17",3.2,"PCM","","","48 kHz","16-bit","Media","","","","",2026-08-03 16:47,"A01.E69676B8_11AF211AF2D69A.mxf","XAVC HD Intra CBG Class 100.mov","/Users/Shared/AvidMediaComposer/Avid MediaFiles/MXF/1/A01.E69676B8_11AF211AF2D69A.mxf","Listed","060a2b3401010105.01010f1013000000.692daf1155120690.9ddb46fc807fda72","060a2b3401010105.01010f1013000000.4f2daf1155120690.022546fc807fda72",9,false
"XAVC HD Intra CBG Class 200","zTeßt_1080i_59.94","","Audio","00:00:30:17","Track 1: 00:00:30:17",3.2,"PCM","","","48 kHz","16-bit","Media","","","","",2026-08-03 17:18,"A01.E6967DC2_1705D1705D0CDA.mxf","XAVC HD Intra CBG Class 200.mov","/Users/Shared/AvidMediaComposer/Avid MediaFiles/MXF/1/A01.E6967DC2_1705D1705D0CDA.mxf","Listed","060a2b3401010105.01010f1013000000.cdd0051755120690.e64646fc807fda72","060a2b3401010105.01010f1013000000.9bd0051755120690.a7fa46fc807fda72",10,false
"AVC Long GOP 6","zTeßt_1080i_59.94","","Audio","00:00:30:17","Track 1: 00:00:30:17",3.2,"PCM","","","48 kHz","16-bit","Media","","","","",2026-08-03 17:19,"A01.E6967E19_174791747976FA.mxf","AVC Long GOP 6.mov","/Users/Shared/AvidMediaComposer/Avid MediaFiles/MXF/1/A01.E6967E19_174791747976FA.mxf","Listed","060a2b3401010105.01010f1013000000.6f97471755120690.0bea46fc807fda72","060a2b3401010105.01010f1013000000.5297471755120690.ffc446fc807fda72",11,false
"AVC Long GOP 12","zTeßt_1080i_59.94","","Audio","00:00:30:17","Track 1: 00:00:30:17",3.2,"PCM","","","48 kHz","16-bit","Media","","","","",2026-08-03 17:19,"A01.E6967E2D_1757117571C5BA.mxf","AVC Long GOP 12.mov","/Users/Shared/AvidMediaComposer/Avid MediaFiles/MXF/1/A01.E6967E2D_1757117571C5BA.mxf","Listed","060a2b3401010105.01010f1013000000.5b1c571755120690.d4db46fc807fda72","060a2b3401010105.01010f1013000000.3a1c571755120690.e6b046fc807fda72",12,false
"AVC Long GOP 25","zTeßt_1080i_59.94","","Audio","00:00:30:17","Track 1: 00:00:30:17",3.2,"PCM","","","48 kHz","16-bit","Media","","","","",2026-08-03 17:20,"A01.E6967E52_1772E1772E5A1A.mxf","AVC Long GOP 25.mov","/Users/Shared/AvidMediaComposer/Avid MediaFiles/MXF/1/A01.E6967E52_1772E1772E5A1A.mxf","Listed","060a2b3401010105.01010f1013000000.a1e5721755120690.c3e646fc807fda72","060a2b3401010105.01010f1013000000.6be5721755120690.5bea46fc807fda72",13,false
"AVC Long GOP 25","zTeßt_1080i_59.94","","Audio","00:00:30:17","Track 1: 00:00:30:17",3.2,"PCM","","","48 kHz","16-bit","Media","","","","",2026-08-03 17:24,"A01.E6967F5A_183B5183B513AA.mxf","AVC Long GOP 25.mov","/Users/Shared/AvidMediaComposer/Avid MediaFiles/MXF/1/A01.E6967F5A_183B5183B513AA.mxf","Listed","060a2b3401010105.01010f1013000000.3a513b1855120690.987e46fc807fda72","060a2b3401010105.01010f1013000000.18513b1855120690.1cc346fc807fda72",14,false
"AVC Long GOP 50","zTeßt_1080i_59.94","","Audio","00:00:30:17","Track 1: 00:00:30:17",3.2,"PCM","","","48 kHz","16-bit","Media","","","","",2026-08-03 17:25,"A01.E6967F8C_1860F1860FA7FA.mxf","AVC Long GOP 50.mov","/Users/Shared/AvidMediaComposer/Avid MediaFiles/MXF/1/A01.E6967F8C_1860F1860FA7FA.mxf","Listed","060a2b3401010105.01010f1013000000.7ffa601855120690.8df746fc807fda72","060a2b3401010105.01010f1013000000.61fa601855120690.b47546fc807fda72",15,false
"AVC Long GOP 50","zTeßt_1080i_59.94","","Audio","00:00:30:17","Track 1: 00:00:30:17",3.2,"PCM","","","48 kHz","16-bit","Media","","","","",2026-08-03 17:26,"A01.E6967FA9_18774187744F3A.mxf","AVC Long GOP 50.mov","/Users/Shared/AvidMediaComposer/Avid MediaFiles/MXF/1/A01.E6967FA9_18774187744F3A.mxf","Listed","060a2b3401010105.01010f1013000000.f344771855120690.0e3546fc807fda72","060a2b3401010105.01010f1013000000.d644771855120690.476646fc807fda72",16,false
"AVC Long GOP 35","zTeßt_1080i_59.94","","Audio","00:00:30:17","Track 1: 00:00:30:17",3.2,"PCM","","","48 kHz","16-bit","Media","","","","",2026-08-03 17:40,"A01.E69682F3_1AF611AF61DA1A.mxf","AVC Long GOP 35.mov","/Users/Shared/AvidMediaComposer/Avid MediaFiles/MXF/1/A01.E69682F3_1AF611AF61DA1A.mxf","Listed","060a2b3401010105.01010f1013000000.a11df61a55120690.d6c646fc807fda72","060a2b3401010105.01010f1013000000.761df61a55120690.a25c46fc807fda72",17,false
"H264 800Kps Proxy","zTeßt_1080i_59.94","","Audio","00:00:30:17","Track 1: 00:00:30:17",3.2,"PCM","","","48 kHz","16-bit","Media","","","","",2026-08-03 17:41,"A01.E6968362_1B4A21B4A27FCA.mxf","H264 800Kps Proxy.mov","/Users/Shared/AvidMediaComposer/Avid MediaFiles/MXF/1/A01.E6968362_1B4A21B4A27FCA.mxf","Listed","060a2b3401010105.01010f1013000000.fc274a1b55120690.ef5046fc807fda72","060a2b3401010105.01010f1013000000.e0274a1b55120690.bee246fc807fda72",18,false
"H264 2Mbps Proxy","zTeßt_1080i_59.94","","Audio","00:00:30:17","Track 1: 00:00:30:17",3.2,"PCM","","","48 kHz","16-bit","Media","","","","",2026-08-03 17:42,"A01.E6968379_1B5B61B5B6AA8A.mxf","H264 2Mbps Proxy.mov","/Users/Shared/AvidMediaComposer/Avid MediaFiles/MXF/1/A01.E6968379_1B5B61B5B6AA8A.mxf","Listed","060a2b3401010105.01010f1013000000.a86a5b1b55120690.795346fc807fda72","060a2b3401010105.01010f1013000000.8d6a5b1b55120690.b8fd46fc807fda72",19,false
"XDCAM EX 35","zTeßt_1080i_59.94","","Audio","00:00:30:17","Track 1: 00:00:30:17",3.2,"PCM","","","48 kHz","16-bit","Media","","","","",2026-08-03 17:44,"A01.E6968409_1BC8D1BC8D394A.mxf","XDCAM EX 35.mov","/Users/Shared/AvidMediaComposer/Avid MediaFiles/MXF/1/A01.E6968409_1BC8D1BC8D394A.mxf","Listed","060a2b3401010105.01010f1013000000.94d3c81b55120690.bd3846fc807fda72","060a2b3401010105.01010f1013000000.61d3c81b55120690.086946fc807fda72",20,false
"DVCPro HD","zTeßt_1080i_59.94","","Audio","00:00:30:17","Track 1: 00:00:30:17",3.2,"PCM","","","48 kHz","16-bit","Media","","","","",2026-08-03 17:45,"A01.E696842C_1BE361BE366E1A.mxf","DVCPro HD.mov","/Users/Shared/AvidMediaComposer/Avid MediaFiles/MXF/1/A01.E696842C_1BE361BE366E1A.mxf","Listed","060a2b3401010105.01010f1013000000.e166e31b55120690.3aef46fc807fda72","060a2b3401010105.01010f1013000000.b266e31b55120690.871b46fc807fda72",21,false
"Avid DNxUncompressed 422 8bit","zTeßt_1080i_59.94","","Audio","00:00:30:17","Track 1: 00:00:30:17",3.2,"PCM","","","48 kHz","16-bit","Media","","","","",2026-08-03 17:47,"A01.E69684AA_1C42A1C42A135A.mxf","Avid DNxUncompressed 422 8bit.mov","/Users/Shared/AvidMediaComposer/Avid MediaFiles/MXF/1/A01.E69684AA_1C42A1C42A135A.mxf","Listed","060a2b3401010105.01010f1013000000.35a1421c55120690.2fb046fc807fda72","060a2b3401010105.01010f1013000000.19a1421c55120690.a9bc46fc807fda72",22,false
"Avid DNxUncompressed 422 10bit","zTeßt_1080i_59.94","","Audio","00:00:30:17","Track 1: 00:00:30:17",3.2,"PCM","","","48 kHz","16-bit","Media","","","","",2026-08-03 17:47,"A01.E69684C1_1C5401C54070BA.mxf","Avid DNxUncompressed 422 10bit.mov","/Users/Shared/AvidMediaComposer/Avid MediaFiles/MXF/1/A01.E69684C1_1C5401C54070BA.mxf","Listed","060a2b3401010105.01010f1013000000.0b07541c55120690.b74c46fc807fda72","060a2b3401010105.01010f1013000000.f006541c55120690.f42a46fc807fda72",23,false
"Avid DNxUncompressed 422 12bit","zTeßt_1080i_59.94","","Audio","00:00:30:17","Track 1: 00:00:30:17",3.2,"PCM","","","48 kHz","16-bit","Media","","","","",2026-08-03 17:49,"A01.E696852E_1CA6A1CA6A436A.mxf","Avid DNxUncompressed 422 12bit.mov","/Users/Shared/AvidMediaComposer/Avid MediaFiles/MXF/1/A01.E696852E_1CA6A1CA6A436A.mxf","Listed","060a2b3401010105.01010f1013000000.36a4a61c55120690.79d946fc807fda72","060a2b3401010105.01010f1013000000.00a4a61c55120690.eca746fc807fda72",24,false
"Avid DNxUncompressed 422 32bit float","zTeßt_1080i_59.94","","Audio","00:00:30:17","Track 1: 00:00:30:17",3.2,"PCM","","","48 kHz","16-bit","Media","","","","",2026-08-03 17:50,"A01.E6968555_1CC421CC42847A.mxf","Avid DNxUncompressed 422 32bit float.mov","/Users/Shared/AvidMediaComposer/Avid MediaFiles/MXF/1/A01.E6968555_1CC421CC42847A.mxf","Listed","060a2b3401010105.01010f1013000000.4728c41c55120690.c7f646fc807fda72","060a2b3401010105.01010f1013000000.2328c41c55120690.da4c46fc807fda72",25,false
"Avid DNxUncompressed 422 16(2.14)bit","zTeßt_1080i_59.94","","Audio","00:00:30:17","Track 1: 00:00:30:17",3.2,"PCM","","","48 kHz","16-bit","Media","","","","",2026-08-03 17:50,"A01.E6968576_1CDDD1CDDD6A0A.mxf","Avid DNxUncompressed 422 16(2.14)bit.mov","/Users/Shared/AvidMediaComposer/Avid MediaFiles/MXF/1/A01.E6968576_1CDDD1CDDD6A0A.mxf","Listed","060a2b3401010105.01010f1013000000.a0d6dd1c55120690.299946fc807fda72","060a2b3401010105.01010f1013000000.7ed6dd1c55120690.24da46fc807fda72",26,false
"J2K HD","zTeßt_1080i_59.94","","Audio","00:00:30:17","Track 1: 00:00:30:17",3.2,"PCM","","","48 kHz","16-bit","Media","","","","",2026-08-03 17:52,"A01.E69685D0_1D2171D217EBDA.mxf","J2K HD.mov","/Users/Shared/AvidMediaComposer/Avid MediaFiles/MXF/1/A01.E69685D0_1D2171D217EBDA.mxf","Listed","060a2b3401010105.01010f1013000000.bd7e211d55120690.23ed46fc807fda72","060a2b3401010105.01010f1013000000.8d7e211d55120690.81ea46fc807fda72",27,false
"Avid DNx LB","zTeßt_1080p_23.976","","Audio","00:00:30:13","Track 1: 00:00:30:13",3.2,"PCM","","","48 kHz","16-bit","Media","","","","",2026-08-03 17:55,"A01.E696869F_1DBEC1DBECCDFA.mxf","Avid DNx LB.mov","/Users/Shared/AvidMediaComposer/Avid MediaFiles/MXF/1/A01.E696869F_1DBEC1DBECCDFA.mxf","Listed","060a2b3401010105.01010f1013000000.dfccbe1d55120690.d9a846fc807fda72","060a2b3401010105.01010f1013000000.b5ccbe1d55120690.a4a946fc807fda72",28,false
"Avid DNx SQ","zTeßt_1080p_23.976","","Audio","00:00:30:13","Track 1: 00:00:30:13",3.2,"PCM","","","48 kHz","16-bit","Media","","","","",2026-08-03 17:56,"A01.E69686CD_1DE1C1DE1CA0AA.mxf","Avid DNx SQ.mov","/Users/Shared/AvidMediaComposer/Avid MediaFiles/MXF/1/A01.E69686CD_1DE1C1DE1CA0AA.mxf","Listed","060a2b3401010105.01010f1013000000.0acae11d55120690.cdea46fc807fda72","060a2b3401010105.01010f1013000000.f5c9e11d55120690.83e146fc807fda72",29,false
"Avid DNx HQ","zTeßt_1080p_23.976","","Audio","00:00:30:13","Track 1: 00:00:30:13",3.2,"PCM","","","48 kHz","16-bit","Media","","","","",2026-08-03 17:56,"A01.E69686E9_1DF711DF71BD9A.mxf","Avid DNx HQ.mov","/Users/Shared/AvidMediaComposer/Avid MediaFiles/MXF/1/A01.E69686E9_1DF711DF71BD9A.mxf","Listed","060a2b3401010105.01010f1013000000.d91bf71d55120690.023546fc807fda72","060a2b3401010105.01010f1013000000.ba1bf71d55120690.241c46fc807fda72",30,false
"Avid DNx HQX","zTeßt_1080p_23.976","","Audio","00:00:30:13","Track 1: 00:00:30:13",3.2,"PCM","","","48 kHz","16-bit","Media","","","","",2026-08-03 18:00,"A01.E69687A9_1E8881E88859BA.mxf","Avid DNx HQX.mov","/Users/Shared/AvidMediaComposer/Avid MediaFiles/MXF/1/A01.E69687A9_1E8881E88859BA.mxf","Listed","060a2b3401010105.01010f1013000000.9b85881e55120690.392846fc807fda72","060a2b3401010105.01010f1013000000.8585881e55120690.6af146fc807fda72",31,false
"Apple ProRes 422 Proxy","zTeßt_1080p_23.976","","Audio","00:00:30:13","Track 1: 00:00:30:13",3.2,"PCM","","","48 kHz","16-bit","Media","","","","",2026-08-03 18:01,"A01.E69687EA_1EB9D1EB9DBB6A.mxf","Apple ProRes 422 Proxy.mov","/Users/Shared/AvidMediaComposer/Avid MediaFiles/MXF/1/A01.E69687EA_1EB9D1EB9DBB6A.mxf","Listed","060a2b3401010105.01010f1013000000.b6dbb91e55120690.c96846fc807fda72","060a2b3401010105.01010f1013000000.8adbb91e55120690.699646fc807fda72",32,false
"Apple ProRes 422 LT","zTeßt_1080p_23.976","","Audio","00:00:30:13","Track 1: 00:00:30:13",3.2,"PCM","","","48 kHz","16-bit","Media","","","","",2026-08-03 18:01,"A01.E69687F7_1EC3D1EC3D7C4A.mxf","Apple ProRes 422 LT.mov","/Users/Shared/AvidMediaComposer/Avid MediaFiles/MXF/1/A01.E69687F7_1EC3D1EC3D7C4A.mxf","Listed","060a2b3401010105.01010f1013000000.c4d7c31e55120690.b57946fc807fda72","060a2b3401010105.01010f1013000000.a5d7c31e55120690.361d46fc807fda72",33,false
"Apple ProRes 422","zTeßt_1080p_23.976","","Audio","00:00:30:13","Track 1: 00:00:30:13",3.2,"PCM","","","48 kHz","16-bit","Media","","","","",2026-08-03 18:01,"A01.E696880D_1ED481ED48359A.mxf","Apple ProRes 422.mov","/Users/Shared/AvidMediaComposer/Avid MediaFiles/MXF/1/A01.E696880D_1ED481ED48359A.mxf","Listed","060a2b3401010105.01010f1013000000.5983d41e55120690.a7de46fc807fda72","060a2b3401010105.01010f1013000000.4483d41e55120690.e64a46fc807fda72",34,false
"Apple ProRes 422 HQ","zTeßt_1080p_23.976","","Audio","00:00:30:13","Track 1: 00:00:30:13",3.2,"PCM","","","48 kHz","16-bit","Media","","","","",2026-08-03 18:02,"A01.E6968824_1EE611EE61AA6A.mxf","Apple ProRes 422 HQ.mov","/Users/Shared/AvidMediaComposer/Avid MediaFiles/MXF/1/A01.E6968824_1EE611EE61AA6A.mxf","Listed","060a2b3401010105.01010f1013000000.a61ae61e55120690.996246fc807fda72","060a2b3401010105.01010f1013000000.7a1ae61e55120690.3a9446fc807fda72",35,false
"AVC-Intra 100","zTeßt_1080p_23.976","","Audio","00:00:30:13","Track 1: 00:00:30:13",3.2,"PCM","","","48 kHz","16-bit","Media","","","","",2026-08-03 18:02,"A01.E696883B_1EF721EF72BE9A.mxf","AVC-Intra 100.mov","/Users/Shared/AvidMediaComposer/Avid MediaFiles/MXF/1/A01.E696883B_1EF721EF72BE9A.mxf","Listed","060a2b3401010105.01010f1013000000.e92bf71e55120690.917046fc807fda72","060a2b3401010105.01010f1013000000.d12bf71e55120690.d72346fc807fda72",36,false
"XAVC HD Intra CBG Class 100","zTeßt_1080p_23.976","","Audio","00:00:30:13","Track 1: 00:00:30:13",3.2,"PCM","","","48 kHz","16-bit","Media","","","","",2026-08-03 18:29,"A01.E6968E6E_23AAC23AAC63AA.mxf","XAVC HD Intra CBG Class 100.mov","/Users/Shared/AvidMediaComposer/Avid MediaFiles/MXF/1/A01.E6968E6E_23AAC23AAC63AA.mxf","Listed","060a2b3401010105.01010f1013000000.3ac6aa2355120690.110446fc807fda72","060a2b3401010105.01010f1013000000.20c6aa2355120690.dd4246fc807fda72",37,false
"XAVC HD Intra CBG Class 200","zTeßt_1080p_23.976","","Audio","00:00:30:13","Track 1: 00:00:30:13",3.2,"PCM","","","48 kHz","16-bit","Media","","","","",2026-08-03 18:29,"A01.E6968E96_23C9C23C9C889A.mxf","XAVC HD Intra CBG Class 200.mov","/Users/Shared/AvidMediaComposer/Avid MediaFiles/MXF/1/A01.E6968E96_23C9C23C9C889A.mxf","Listed","060a2b3401010105.01010f1013000000.89c8c92355120690.5a8e46fc807fda72","060a2b3401010105.01010f1013000000.72c8c92355120690.e74f46fc807fda72",38,false
"AVC-Intra HD 422","zTeßt_1080p_23.976","","Audio","00:00:30:13","Track 1: 00:00:30:13",3.2,"PCM","","","48 kHz","16-bit","Media","","","","",2026-08-03 18:31,"A01.E6968EE1_2402924029676A.mxf","AVC-Intra HD 422.mov","/Users/Shared/AvidMediaComposer/Avid MediaFiles/MXF/1/A01.E6968EE1_2402924029676A.mxf","Listed","060a2b3401010105.01010f1013000000.7696022455120690.7f7d46fc807fda72","060a2b3401010105.01010f1013000000.6196022455120690.b26646fc807fda72",39,false
"AVC Long GOP 6","zTeßt_1080p_23.976","","Audio","00:00:30:13","Track 1: 00:00:30:13",3.2,"PCM","","","48 kHz","16-bit","Media","","","","",2026-08-03 18:31,"A01.E6968EF4_2410E2410ECCDA.mxf","AVC Long GOP 6.mov","/Users/Shared/AvidMediaComposer/Avid MediaFiles/MXF/1/A01.E6968EF4_2410E2410ECCDA.mxf","Listed","060a2b3401010105.01010f1013000000.cdec102455120690.30bd46fc807fda72","060a2b3401010105.01010f1013000000.9dec102455120690.6f1546fc807fda72",40,false
"AVC Long GOP 12","zTeßt_1080p_23.976","","Audio","00:00:30:13","Track 1: 00:00:30:13",3.2,"PCM","","","48 kHz","16-bit","Media","","","","",2026-08-03 18:32,"A01.E6968F33_244072440784DA.mxf","AVC Long GOP 12.mov","/Users/Shared/AvidMediaComposer/Avid MediaFiles/MXF/1/A01.E6968F33_244072440784DA.mxf","Listed","060a2b3401010105.01010f1013000000.4d78402455120690.a51246fc807fda72","060a2b3401010105.01010f1013000000.1e78402455120690.fc7546fc807fda72",41,false
"AVC Long GOP 25","zTeßt_1080p_23.976","","Audio","00:00:30:13","Track 1: 00:00:30:13",3.2,"PCM","","","48 kHz","16-bit","Media","","","","",2026-08-03 18:33,"A01.E6968F81_247B8247B87B9A.mxf","AVC Long GOP 25.mov","/Users/Shared/AvidMediaComposer/Avid MediaFiles/MXF/1/A01.E6968F81_247B8247B87B9A.mxf","Listed","060a2b3401010105.01010f1013000000.b9877b2455120690.606946fc807fda72","060a2b3401010105.01010f1013000000.82877b2455120690.8c1f46fc807fda72",42,false
"AVC Long GOP 25","zTeßt_1080p_23.976","","Audio","00:00:30:13","Track 1: 00:00:30:13",3.2,"PCM","","","48 kHz","16-bit","Media","","","","",2026-08-03 18:33,"A01.E6968F93_2489724897CB5A.mxf","AVC Long GOP 25.mov","/Users/Shared/AvidMediaComposer/Avid MediaFiles/MXF/1/A01.E6968F93_2489724897CB5A.mxf","Listed","060a2b3401010105.01010f1013000000.b57c892455120690.6a6446fc807fda72","060a2b3401010105.01010f1013000000.9b7c892455120690.c1bd46fc807fda72",43,false
"AVC Long GOP 50","zTeßt_1080p_23.976","","Audio","00:00:30:13","Track 1: 00:00:30:13",3.2,"PCM","","","48 kHz","16-bit","Media","","","","",2026-08-03 18:34,"A01.E6968FAB_249BD249BDA1DA.mxf","AVC Long GOP 50.mov","/Users/Shared/AvidMediaComposer/Avid MediaFiles/MXF/1/A01.E6968FAB_249BD249BDA1DA.mxf","Listed","060a2b3401010105.01010f1013000000.1dda9b2455120690.2b4846fc807fda72","060a2b3401010105.01010f1013000000.0dda9b2455120690.eea846fc807fda72",44,false
"AVC Long GOP 50","zTeßt_1080p_23.976","","Audio","00:00:30:13","Track 1: 00:00:30:13",3.2,"PCM","","","48 kHz","16-bit","Media","","","","",2026-08-03 18:35,"A01.E6969009_24E2724E27AC8A.mxf","AVC Long GOP 50.mov","/Users/Shared/AvidMediaComposer/Avid MediaFiles/MXF/1/A01.E6969009_24E2724E27AC8A.mxf","Listed","060a2b3401010105.01010f1013000000.c87ae22455120690.5af546fc807fda72","060a2b3401010105.01010f1013000000.b27ae22455120690.a5aa46fc807fda72",45,false
"AVC Long GOP 35","zTeßt_1080p_23.976","","Audio","00:00:30:13","Track 1: 00:00:30:13",3.2,"PCM","","","48 kHz","16-bit","Media","","","","",2026-08-03 18:36,"A01.E6969023_24F6E24F6EAEEA.mxf","AVC Long GOP 35.mov","/Users/Shared/AvidMediaComposer/Avid MediaFiles/MXF/1/A01.E6969023_24F6E24F6EAEEA.mxf","Listed","060a2b3401010105.01010f1013000000.eeeaf62455120690.ef6846fc807fda72","060a2b3401010105.01010f1013000000.deeaf62455120690.f1e746fc807fda72",46,false
"H264 800Kps Proxy","zTeßt_1080p_23.976","","Audio","00:00:30:13","Track 1: 00:00:30:13",3.2,"PCM","","","48 kHz","16-bit","Media","","","","",2026-08-03 18:37,"A01.E696906A_252C9252C953CA.mxf","H264 800Kps Proxy.mov","/Users/Shared/AvidMediaComposer/Avid MediaFiles/MXF/1/A01.E696906A_252C9252C953CA.mxf","Listed","060a2b3401010105.01010f1013000000.3c952c2555120690.a6e746fc807fda72","060a2b3401010105.01010f1013000000.22952c2555120690.689b46fc807fda72",47,false
"XDCAM EX 35","zTeßt_1080p_23.976","","Audio","00:00:30:13","Track 1: 00:00:30:13",3.2,"PCM","","","48 kHz","16-bit","Media","","","","",2026-08-03 18:37,"A01.E6969078_2537325373305A.mxf","XDCAM EX 35.mov","/Users/Shared/AvidMediaComposer/Avid MediaFiles/MXF/1/A01.E6969078_2537325373305A.mxf","Listed","060a2b3401010105.01010f1013000000.0533372555120690.d7b646fc807fda72","060a2b3401010105.01010f1013000000.cd32372555120690.f0c446fc807fda72",48,false
"XDCAM HD 50","zTeßt_1080p_23.976","","Audio","00:00:30:13","Track 1: 00:00:30:13",3.2,"PCM","","","48 kHz","16-bit","Media","","","","",2026-08-03 18:37,"A01.E6969085_254132541344FA.mxf","XDCAM HD 50.mov","/Users/Shared/AvidMediaComposer/Avid MediaFiles/MXF/1/A01.E6969085_254132541344FA.mxf","Listed","060a2b3401010105.01010f1013000000.4f34412555120690.66af46fc807fda72","060a2b3401010105.01010f1013000000.3034412555120690.c83346fc807fda72",49,false
"Avid DNxUncompressed 422 8bit","zTeßt_1080p_23.976","","Audio","00:00:30:13","Track 1: 00:00:30:13",3.2,"PCM","","","48 kHz","16-bit","Media","","","","",2026-08-03 18:39,"A01.E69690DD_2583A2583A792A.mxf","Avid DNxUncompressed 422 8bit.mov","/Users/Shared/AvidMediaComposer/Avid MediaFiles/MXF/1/A01.E69690DD_2583A2583A792A.mxf","Listed","060a2b3401010105.01010f1013000000.92a7832555120690.fc9646fc807fda72","060a2b3401010105.01010f1013000000.6da7832555120690.58c046fc807fda72",50,false
"Avid DNxUncompressed 422 10bit","zTeßt_1080p_23.976","","Audio","00:00:30:13","Track 1: 00:00:30:13",3.2,"PCM","","","48 kHz","16-bit","Media","","","","",2026-08-03 18:40,"A01.E6969109_25A5025A5031DA.mxf","Avid DNxUncompressed 422 10bit.mov","/Users/Shared/AvidMediaComposer/Avid MediaFiles/MXF/1/A01.E6969109_25A5025A5031DA.mxf","Listed","060a2b3401010105.01010f1013000000.1d03a52555120690.5dd246fc807fda72","060a2b3401010105.01010f1013000000.f002a52555120690.99c246fc807fda72",51,false
"Avid DNxUncompressed 422 12bit","zTeßt_1080p_23.976","","Audio","00:00:30:13","Track 1: 00:00:30:13",3.2,"PCM","","","48 kHz","16-bit","Media","","","","",2026-08-03 18:40,"A01.E6969131_25C3025C3018FA.mxf","Avid DNxUncompressed 422 12bit.mov","/Users/Shared/AvidMediaComposer/Avid MediaFiles/MXF/1/A01.E6969131_25C3025C3018FA.mxf","Listed","060a2b3401010105.01010f1013000000.8f01c32555120690.adc646fc807fda72","060a2b3401010105.01010f1013000000.7801c32555120690.de0746fc807fda72",52,false
"Avid DNxUncompressed 422 32bit float","zTeßt_1080p_23.976","","Audio","00:00:30:13","Track 1: 00:00:30:13",3.2,"PCM","","","48 kHz","16-bit","Media","","","","",2026-08-03 18:41,"A01.E696913F_25CE525CE52CBA.mxf","Avid DNxUncompressed 422 32bit float.mov","/Users/Shared/AvidMediaComposer/Avid MediaFiles/MXF/1/A01.E696913F_25CE525CE52CBA.mxf","Listed","060a2b3401010105.01010f1013000000.cb52ce2555120690.c6f046fc807fda72","060a2b3401010105.01010f1013000000.b252ce2555120690.7f8a46fc807fda72",53,false
"Avid DNxUncompressed 422 16(2.14)bit","zTeßt_1080p_23.976","","Audio","00:00:30:13","Track 1: 00:00:30:13",3.2,"PCM","","","48 kHz","16-bit","Media","","","","",2026-08-03 18:41,"A01.E696914D_25D8525D85F79A.mxf","Avid DNxUncompressed 422 16(2.14)bit.mov","/Users/Shared/AvidMediaComposer/Avid MediaFiles/MXF/1/A01.E696914D_25D8525D85F79A.mxf","Listed","060a2b3401010105.01010f1013000000.795fd82555120690.fa2f46fc807fda72","060a2b3401010105.01010f1013000000.665fd82555120690.b86d46fc807fda72",54,false
"J2K HD","zTeßt_1080p_23.976","","Audio","00:00:30:13","Track 1: 00:00:30:13",3.2,"PCM","","","48 kHz","16-bit","Media","","","","",2026-08-03 18:41,"A01.E696915B_25E3625E36DD5A.mxf","J2K HD.mov","/Users/Shared/AvidMediaComposer/Avid MediaFiles/MXF/1/A01.E696915B_25E3625E36DD5A.mxf","Listed","060a2b3401010105.01010f1013000000.d56de32555120690.3d9d46fc807fda72","060a2b3401010105.01010f1013000000.bd6de32555120690.d3ff46fc807fda72",55,false
"J2K IMF YCrCb","zTeßt_1080p_23.976","","Audio","00:00:30:13","Track 1: 00:00:30:13",3.2,"PCM","","","48 kHz","16-bit","Media","","","","",2026-08-03 18:41,"A01.E696916B_25EF525EF5BF4A.mxf","J2K IMF YCrCb.mov","/Users/Shared/AvidMediaComposer/Avid MediaFiles/MXF/1/A01.E696916B_25EF525EF5BF4A.mxf","Listed","060a2b3401010105.01010f1013000000.f45bef2555120690.bccd46fc807fda72","060a2b3401010105.01010f1013000000.d95bef2555120690.d97946fc807fda72",56,false
"Avid DNx LB","zTeßt_1080p_29.97","","Audio","00:00:30:17","Track 1: 00:00:30:17",3.2,"PCM","","","48 kHz","16-bit","Media","","","","",2026-08-03 18:44,"A01.E696920F_266BF266BF7C8A.mxf","Avid DNx LB.mov","/Users/Shared/AvidMediaComposer/Avid MediaFiles/MXF/1/A01.E696920F_266BF266BF7C8A.mxf","Listed","060a2b3401010105.01010f1013000000.c8f76b2655120690.4cbb46fc807fda72","060a2b3401010105.01010f1013000000.b4f76b2655120690.c6b546fc807fda72",57,false
"Avid DNx SQ","zTeßt_1080p_29.97","","Audio","00:00:30:17","Track 1: 00:00:30:17",3.2,"PCM","","","48 kHz","16-bit","Media","","","","",2026-08-03 18:44,"A01.E6969224_267B8267B871BA.mxf","Avid DNx SQ.mov","/Users/Shared/AvidMediaComposer/Avid MediaFiles/MXF/1/A01.E6969224_267B8267B871BA.mxf","Listed","060a2b3401010105.01010f1013000000.1b877b2655120690.dffc46fc807fda72","060a2b3401010105.01010f1013000000.09877b2655120690.114a46fc807fda72",58,false
"Avid DNx HQ","zTeßt_1080p_29.97","","Audio","00:00:30:17","Track 1: 00:00:30:17",3.2,"PCM","","","48 kHz","16-bit","Media","","","","",2026-08-03 18:45,"A01.E6969231_2685B2685BD82A.mxf","Avid DNx HQ.mov","/Users/Shared/AvidMediaComposer/Avid MediaFiles/MXF/1/A01.E6969231_2685B2685BD82A.mxf","Listed","060a2b3401010105.01010f1013000000.82bd852655120690.214146fc807fda72","060a2b3401010105.01010f1013000000.73bd852655120690.f05c46fc807fda72",59,false
"Avid DNx HQX","zTeßt_1080p_29.97","","Audio","00:00:30:17","Track 1: 00:00:30:17",3.2,"PCM","","","48 kHz","16-bit","Media","","","","",2026-08-03 18:46,"A01.E6969284_26C4226C423D2A.mxf","Avid DNx HQX.mov","/Users/Shared/AvidMediaComposer/Avid MediaFiles/MXF/1/A01.E6969284_26C4226C423D2A.mxf","Listed","060a2b3401010105.01010f1013000000.d223c42655120690.3e0246fc807fda72","060a2b3401010105.01010f1013000000.c323c42655120690.07d246fc807fda72",60,false
"Apple ProRes 422 Proxy","zTeßt_1080p_29.97","","Audio","00:00:30:17","Track 1: 00:00:30:17",3.2,"PCM","","","48 kHz","16-bit","Media","","","","",2026-08-03 18:47,"A01.E69692B4_26E9326E93593A.mxf","Apple ProRes 422 Proxy.mov","/Users/Shared/AvidMediaComposer/Avid MediaFiles/MXF/1/A01.E69692B4_26E9326E93593A.mxf","Listed","060a2b3401010105.01010f1013000000.9335e92655120690.684246fc807fda72","060a2b3401010105.01010f1013000000.8435e92655120690.b11e46fc807fda72",61,false
"Apple ProRes 422 LT","zTeßt_1080p_29.97","","Audio","00:00:30:17","Track 1: 00:00:30:17",3.2,"PCM","","","48 kHz","16-bit","Media","","","","",2026-08-03 18:47,"A01.E69692C3_26F3E26F3EFC7A.mxf","Apple ProRes 422 LT.mov","/Users/Shared/AvidMediaComposer/Avid MediaFiles/MXF/1/A01.E69692C3_26F3E26F3EFC7A.mxf","Listed","060a2b3401010105.01010f1013000000.c7eff32655120690.815e46fc807fda72","060a2b3401010105.01010f1013000000.b8eff32655120690.08b746fc807fda72",62,false
"Apple ProRes 422","zTeßt_1080p_29.97","","Audio","00:00:30:17","Track 1: 00:00:30:17",3.2,"PCM","","","48 kHz","16-bit","Media","","","","",2026-08-03 18:47,"A01.E69692CE_26FCC26FCCAB7A.mxf","Apple ProRes 422.mov","/Users/Shared/AvidMediaComposer/Avid MediaFiles/MXF/1/A01.E69692CE_26FCC26FCCAB7A.mxf","Listed","060a2b3401010105.01010f1013000000.b7cafc2655120690.b89d46fc807fda72","060a2b3401010105.01010f1013000000.a7cafc2655120690.84e246fc807fda72",63,false
"Apple ProRes 422 HQ","zTeßt_1080p_29.97","","Audio","00:00:30:17","Track 1: 00:00:30:17",3.2,"PCM","","","48 kHz","16-bit","Media","","","","",2026-08-03 18:47,"A01.E69692DB_2706B2706B026A.mxf","Apple ProRes 422 HQ.mov","/Users/Shared/AvidMediaComposer/Avid MediaFiles/MXF/1/A01.E69692DB_2706B2706B026A.mxf","Listed","060a2b3401010105.01010f1013000000.26b0062755120690.40a246fc807fda72","060a2b3401010105.01010f1013000000.17b0062755120690.263b46fc807fda72",64,false
"AVC-Intra 100","zTeßt_1080p_29.97","","Audio","00:00:30:17","Track 1: 00:00:30:17",3.2,"PCM","","","48 kHz","16-bit","Media","","","","",2026-08-03 18:48,"A01.E69692EC_2713A2713A15FA.mxf","AVC-Intra 100.mov","/Users/Shared/AvidMediaComposer/Avid MediaFiles/MXF/1/A01.E69692EC_2713A2713A15FA.mxf","Listed","060a2b3401010105.01010f1013000000.5fa1132755120690.af0846fc807fda72","060a2b3401010105.01010f1013000000.50a1132755120690.d79846fc807fda72",65,false
"XAVC HD Intra CBG Class 100","zTeßt_1080p_29.97","","Audio","00:00:30:17","Track 1: 00:00:30:17",3.2,"PCM","","","48 kHz","16-bit","Media","","","","",2026-08-03 18:48,"A01.E6969302_2723B2723B505A.mxf","XAVC HD Intra CBG Class 100.mov","/Users/Shared/AvidMediaComposer/Avid MediaFiles/MXF/1/A01.E6969302_2723B2723B505A.mxf","Listed","060a2b3401010105.01010f1013000000.05b5232755120690.d8c046fc807fda72","060a2b3401010105.01010f1013000000.e7b4232755120690.9d3746fc807fda72",66,false
"XAVC HD Intra CBG Class 200","zTeßt_1080p_29.97","","Audio","00:00:30:17","Track 1: 00:00:30:17",3.2,"PCM","","","48 kHz","16-bit","Media","","","","",2026-08-03 18:49,"A01.E6969318_2734A2734AEC8A.mxf","XAVC HD Intra CBG Class 200.mov","/Users/Shared/AvidMediaComposer/Avid MediaFiles/MXF/1/A01.E6969318_2734A2734AEC8A.mxf","Listed","060a2b3401010105.01010f1013000000.c8ae342755120690.237646fc807fda72","060a2b3401010105.01010f1013000000.b6ae342755120690.0fc246fc807fda72",67,false
"AVC-Intra HD 422","zTeßt_1080p_29.97","","Audio","00:00:30:17","Track 1: 00:00:30:17",3.2,"PCM","","","48 kHz","16-bit","Media","","","","",2026-08-03 18:49,"A01.E696932C_2743E2743E720A.mxf","AVC-Intra HD 422.mov","/Users/Shared/AvidMediaComposer/Avid MediaFiles/MXF/1/A01.E696932C_2743E2743E720A.mxf","Listed","060a2b3401010105.01010f1013000000.20e7432755120690.0c2046fc807fda72","060a2b3401010105.01010f1013000000.0ee7432755120690.74f346fc807fda72",68,false
"AVC Long GOP 6","zTeßt_1080p_29.97","","Audio","00:00:30:17","Track 1: 00:00:30:17",3.2,"PCM","","","48 kHz","16-bit","Media","","","","",2026-08-03 18:49,"A01.E696933F_27529275294AEA.mxf","AVC Long GOP 6.mov","/Users/Shared/AvidMediaComposer/Avid MediaFiles/MXF/1/A01.E696933F_27529275294AEA.mxf","Listed","060a2b3401010105.01010f1013000000.ae94522755120690.8d8546fc807fda72","060a2b3401010105.01010f1013000000.9794522755120690.694546fc807fda72",69,false
"AVC Long GOP 12","zTeßt_1080p_29.97","","Audio","00:00:30:17","Track 1: 00:00:30:17",3.2,"PCM","","","48 kHz","16-bit","Media","","","","",2026-08-07 17:25,"A01.E69BC5A2_1871E1871E41CA.mxf","AVC Long GOP 12.mov","/Users/Shared/AvidMediaComposer/Avid MediaFiles/MXF/1/A01.E69BC5A2_1871E1871E41CA.mxf","Listed","060a2b3401010105.01010f1013000000.1ce4711859120690.831546fc807fda72","060a2b3401010105.01010f1013000000.d6e3711859120690.249a46fc807fda72",70,false
"AVC Long GOP 25","zTeßt_1080p_29.97","","Audio","00:00:30:17","Track 1: 00:00:30:17",3.2,"PCM","","","48 kHz","16-bit","Media","","","","",2026-08-07 17:26,"A01.E69BC5C0_1888B1888B73CA.mxf","AVC Long GOP 25.mov","/Users/Shared/AvidMediaComposer/Avid MediaFiles/MXF/1/A01.E69BC5C0_1888B1888B73CA.mxf","Listed","060a2b3401010105.01010f1013000000.3cb7881859120690.8e7c46fc807fda72","060a2b3401010105.01010f1013000000.14b7881859120690.7a5f46fc807fda72",71,false
"AVC Long GOP 25","zTeßt_1080p_29.97","","Audio","00:00:30:17","Track 1: 00:00:30:17",3.2,"PCM","","","48 kHz","16-bit","Media","","","","",2026-08-07 17:27,"A01.E69BC5ED_18AAC18AACCAAA.mxf","AVC Long GOP 25.mov","/Users/Shared/AvidMediaComposer/Avid MediaFiles/MXF/1/A01.E69BC5ED_18AAC18AACCAAA.mxf","Listed","060a2b3401010105.01010f1013000000.aaccaa1859120690.9cb746fc807fda72","060a2b3401010105.01010f1013000000.93ccaa1859120690.b41d46fc807fda72",72,false
"AVC Long GOP 35","zTeßt_1080p_29.97","","Audio","00:00:30:17","Track 1: 00:00:30:17",3.2,"PCM","","","48 kHz","16-bit","Media","","","","",2026-08-07 17:28,"A01.E69BC651_18F6518F650ABA.mxf","AVC Long GOP 35.mov","/Users/Shared/AvidMediaComposer/Avid MediaFiles/MXF/1/A01.E69BC651_18F6518F650ABA.mxf","Listed","060a2b3401010105.01010f1013000000.ab50f61859120690.21e146fc807fda72","060a2b3401010105.01010f1013000000.9c50f61859120690.2db146fc807fda72",73,false
"AVC Long GOP 50","zTeßt_1080p_29.97","","Audio","00:00:30:17","Track 1: 00:00:30:17",3.2,"PCM","","","48 kHz","16-bit","Media","","","","",2026-08-07 17:29,"A01.E69BC680_191A8191A8471A.mxf","AVC Long GOP 50.mov","/Users/Shared/AvidMediaComposer/Avid MediaFiles/MXF/1/A01.E69BC680_191A8191A8471A.mxf","Listed","060a2b3401010105.01010f1013000000.71841a1959120690.068646fc807fda72","060a2b3401010105.01010f1013000000.48841a1959120690.42c646fc807fda72",74,false
"AVC Long GOP 50","zTeßt_1080p_29.97","","Audio","00:00:30:17","Track 1: 00:00:30:17",3.2,"PCM","","","48 kHz","16-bit","Media","","","","",2026-08-07 17:30,"A01.E69BC696_192B1192B1AA0A.mxf","AVC Long GOP 50.mov","/Users/Shared/AvidMediaComposer/Avid MediaFiles/MXF/1/A01.E69BC696_192B1192B1AA0A.mxf","Listed","060a2b3401010105.01010f1013000000.a01a2b1959120690.303446fc807fda72","060a2b3401010105.01010f1013000000.871a2b1959120690.feb446fc807fda72",75,false
"H264 800Kps Proxy","zTeßt_1080p_29.97","","Audio","00:00:30:17","Track 1: 00:00:30:17",3.2,"PCM","","","48 kHz","16-bit","Media","","","","",2026-08-07 17:30,"A01.E69BC6C4_194DA194DA718A.mxf","H264 800Kps Proxy.mov","/Users/Shared/AvidMediaComposer/Avid MediaFiles/MXF/1/A01.E69BC6C4_194DA194DA718A.mxf","Listed","060a2b3401010105.01010f1013000000.18a74d1959120690.37fe46fc807fda72","060a2b3401010105.01010f1013000000.e8a64d1959120690.401246fc807fda72",76,false
"XDCAM EX 35","zTeßt_1080p_29.97","","Audio","00:00:30:17","Track 1: 00:00:30:17",3.2,"PCM","","","48 kHz","16-bit","Media","","","","",2026-08-07 17:33,"A01.E69BC750_19B8319B835C5A.mxf","XDCAM EX 35.mov","/Users/Shared/AvidMediaComposer/Avid MediaFiles/MXF/1/A01.E69BC750_19B8319B835C5A.mxf","Listed","060a2b3401010105.01010f1013000000.c535b81959120690.392046fc807fda72","060a2b3401010105.01010f1013000000.b235b81959120690.e79b46fc807fda72",77,false
"XDCAM HD 50","zTeßt_1080p_29.97","","Audio","00:00:30:17","Track 1: 00:00:30:17",3.2,"PCM","","","48 kHz","16-bit","Media","","","","",2026-08-07 17:33,"A01.E69BC76C_19CD019CD070BA.mxf","XDCAM HD 50.mov","/Users/Shared/AvidMediaComposer/Avid MediaFiles/MXF/1/A01.E69BC76C_19CD019CD070BA.mxf","Listed","060a2b3401010105.01010f1013000000.0b07cd1959120690.d3e246fc807fda72","060a2b3401010105.01010f1013000000.f606cd1959120690.a51846fc807fda72",78,false
"Avid DNxUncompressed 422 8bit","zTeßt_1080p_29.97","","Audio","00:00:30:17","Track 1: 00:00:30:17",3.2,"PCM","","","48 kHz","16-bit","Media","","","","",2026-08-07 17:38,"A01.E69BC87F_1A9D71A9D7750A.mxf","Avid DNxUncompressed 422 8bit.mov","/Users/Shared/AvidMediaComposer/Avid MediaFiles/MXF/1/A01.E69BC87F_1A9D71A9D7750A.mxf","Listed","060a2b3401010105.01010f1013000000.50779d1a59120690.809846fc807fda72","060a2b3401010105.01010f1013000000.3a779d1a59120690.831246fc807fda72",79,false
"Avid DNxUncompressed 422 10bit","zTeßt_1080p_29.97","","Audio","00:00:30:17","Track 1: 00:00:30:17",3.2,"PCM","","","48 kHz","16-bit","Media","","","","",2026-08-07 17:38,"A01.E69BC890_1AAAD1AAADCA3A.mxf","Avid DNxUncompressed 422 10bit.mov","/Users/Shared/AvidMediaComposer/Avid MediaFiles/MXF/1/A01.E69BC890_1AAAD1AAADCA3A.mxf","Listed","060a2b3401010105.01010f1013000000.a3dcaa1a59120690.10ac46fc807fda72","060a2b3401010105.01010f1013000000.8ddcaa1a59120690.636046fc807fda72",80,false
"Avid DNxUncompressed 422 12bit","zTeßt_1080p_29.97","","Audio","00:00:30:17","Track 1: 00:00:30:17",3.2,"PCM","","","48 kHz","16-bit","Media","","","","",2026-08-07 17:38,"A01.E69BC8A9_1ABDD1ABDD5ADA.mxf","Avid DNxUncompressed 422 12bit.mov","/Users/Shared/AvidMediaComposer/Avid MediaFiles/MXF/1/A01.E69BC8A9_1ABDD1ABDD5ADA.mxf","Listed","060a2b3401010105.01010f1013000000.add5bd1a59120690.a4db46fc807fda72","060a2b3401010105.01010f1013000000.8fd5bd1a59120690.1dea46fc807fda72",81,false
"Avid DNxUncompressed 422 32bit float","zTeßt_1080p_29.97","","Audio","00:00:30:17","Track 1: 00:00:30:17",3.2,"PCM","","","48 kHz","16-bit","Media","","","","",2026-08-07 17:41,"A01.E69BC936_1B2851B28566BA.mxf","Avid DNxUncompressed 422 32bit float.mov","/Users/Shared/AvidMediaComposer/Avid MediaFiles/MXF/1/A01.E69BC936_1B2851B28566BA.mxf","Listed","060a2b3401010105.01010f1013000000.6b56281b59120690.dd5246fc807fda72","060a2b3401010105.01010f1013000000.5856281b59120690.29fc46fc807fda72",82,false
"Avid DNxUncompressed 422 16(2.14)bit","zTeßt_1080p_29.97","","Audio","00:00:30:17","Track 1: 00:00:30:17",3.2,"PCM","","","48 kHz","16-bit","Media","","","","",2026-08-07 17:41,"A01.E69BC94C_1B3911B391752A.mxf","Avid DNxUncompressed 422 16(2.14)bit.mov","/Users/Shared/AvidMediaComposer/Avid MediaFiles/MXF/1/A01.E69BC94C_1B3911B391752A.mxf","Listed","060a2b3401010105.01010f1013000000.5217391b59120690.bc6046fc807fda72","060a2b3401010105.01010f1013000000.3a17391b59120690.7f1d46fc807fda72",83,false
"J2K HD","zTeßt_1080p_29.97","","Audio","00:00:30:17","Track 1: 00:00:30:17",3.2,"PCM","","","48 kHz","16-bit","Media","","","","",2026-08-07 17:42,"A01.E69BC981_1B6141B614466A.mxf","J2K HD.mov","/Users/Shared/AvidMediaComposer/Avid MediaFiles/MXF/1/A01.E69BC981_1B6141B614466A.mxf","Listed","060a2b3401010105.01010f1013000000.6644611b59120690.b0e546fc807fda72","060a2b3401010105.01010f1013000000.5244611b59120690.9ddf46fc807fda72",84,false
"J2K IMF YCrCb","zTeßt_1080p_29.97","","Audio","00:00:30:17","Track 1: 00:00:30:17",3.2,"PCM","","","48 kHz","16-bit","Media","","","","",2026-08-07 17:42,"A01.E69BC991_1B6DA1B6DA025A.mxf","J2K IMF YCrCb.mov","/Users/Shared/AvidMediaComposer/Avid MediaFiles/MXF/1/A01.E69BC991_1B6DA1B6DA025A.mxf","Listed","060a2b3401010105.01010f1013000000.25a06d1b59120690.fa7146fc807fda72","060a2b3401010105.01010f1013000000.0fa06d1b59120690.871746fc807fda72",85,false
"Avid DNx SQ","zTeßt_720p_23.976","","Audio","00:00:30:13","Track 1: 00:00:30:13",3.2,"PCM","","","48 kHz","16-bit","Media","","","","",2026-08-07 19:20,"A01.E69BE078_2CCCF2CCCFC54A.mxf","Avid DNx SQ.mov","/Users/Shared/AvidMediaComposer/Avid MediaFiles/MXF/1/A01.E69BE078_2CCCF2CCCFC54A.mxf","Listed","060a2b3401010105.01010f1013000000.54fccc2c59120690.f74646fc807fda72","060a2b3401010105.01010f1013000000.46fccc2c59120690.698c46fc807fda72",86,false
"Avid DNx HQ","zTeßt_720p_23.976","","Audio","00:00:30:13","Track 1: 00:00:30:13",3.2,"PCM","","","48 kHz","16-bit","Media","","","","",2026-08-07 19:56,"A01.E69BE8DE_332B7332B72CEA.mxf","Avid DNx HQ.mov","/Users/Shared/AvidMediaComposer/Avid MediaFiles/MXF/1/A01.E69BE8DE_332B7332B72CEA.mxf","Listed","060a2b3401010105.01010f1013000000.ce722b3359120690.7b4f46fc807fda72","060a2b3401010105.01010f1013000000.b3722b3359120690.32b146fc807fda72",87,false
"Avid DNx HQX","zTeßt_720p_23.976","","Audio","00:00:30:13","Track 1: 00:00:30:13",3.2,"PCM","","","48 kHz","16-bit","Media","","","","",2026-08-07 19:56,"A01.E69BE8F6_333DD333DD881A.mxf","Avid DNx HQX.mov","/Users/Shared/AvidMediaComposer/Avid MediaFiles/MXF/1/A01.E69BE8F6_333DD333DD881A.mxf","Listed","060a2b3401010105.01010f1013000000.81d83d3359120690.9def46fc807fda72","060a2b3401010105.01010f1013000000.6ad83d3359120690.b27d46fc807fda72",88,false
"Apple ProRes 422 Proxy","zTeßt_720p_23.976","","Audio","00:00:30:13","Track 1: 00:00:30:13",3.2,"PCM","","","48 kHz","16-bit","Media","","","","",2026-08-07 19:56,"A01.E69BE902_334723347209EA.mxf","Apple ProRes 422 Proxy.mov","/Users/Shared/AvidMediaComposer/Avid MediaFiles/MXF/1/A01.E69BE902_334723347209EA.mxf","Listed","060a2b3401010105.01010f1013000000.9e20473359120690.1dd246fc807fda72","060a2b3401010105.01010f1013000000.8e20473359120690.37f446fc807fda72",89,false
"Apple ProRes 422 LT","zTeßt_720p_23.976","","Audio","00:00:30:13","Track 1: 00:00:30:13",3.2,"PCM","","","48 kHz","16-bit","Media","","","","",2026-08-08 10:08,"A01.E69CB088_CA9EBCA9EB028A.mxf","Apple ProRes 422 LT.mov","/Users/Shared/AvidMediaComposer/Avid MediaFiles/MXF/1/A01.E69CB088_CA9EBCA9EB028A.mxf","Listed","060a2b3401010105.01010f1013000000.28b09eca60120690.e32f46fc807fda72","060a2b3401010105.01010f1013000000.f8af9eca60120690.da2046fc807fda72",90,false
"Apple ProRes 422","zTeßt_720p_23.976","","Audio","00:00:30:13","Track 1: 00:00:30:13",3.2,"PCM","","","48 kHz","16-bit","Media","","","","",2026-08-08 10:08,"A01.E69CB09C_CAADDCAADD7D4A.mxf","Apple ProRes 422.mov","/Users/Shared/AvidMediaComposer/Avid MediaFiles/MXF/1/A01.E69CB09C_CAADDCAADD7D4A.mxf","Listed","060a2b3401010105.01010f1013000000.d4d7adca60120690.bfc146fc807fda72","060a2b3401010105.01010f1013000000.c2d7adca60120690.3ab846fc807fda72",91,false
"Apple ProRes 422 HQ","zTeßt_720p_23.976","","Audio","00:00:30:13","Track 1: 00:00:30:13",3.2,"PCM","","","48 kHz","16-bit","Media","","","","",2026-08-08 10:12,"A01.E69CB191_CB673CB673FF0A.mxf","Apple ProRes 422 HQ.mov","/Users/Shared/AvidMediaComposer/Avid MediaFiles/MXF/1/A01.E69CB191_CB673CB673FF0A.mxf","Listed","060a2b3401010105.01010f1013000000.f03f67cb60120690.75df46fc807fda72","060a2b3401010105.01010f1013000000.e23f67cb60120690.2de246fc807fda72",92,false
"AVC-Intra 100","zTeßt_720p_23.976","","Audio","00:00:30:13","Track 1: 00:00:30:13",3.2,"PCM","","","48 kHz","16-bit","Media","","","","",2026-08-08 10:12,"A01.E69CB19D_CB708CB708DFBA.mxf","AVC-Intra 100.mov","/Users/Shared/AvidMediaComposer/Avid MediaFiles/MXF/1/A01.E69CB19D_CB708CB708DFBA.mxf","Listed","060a2b3401010105.01010f1013000000.fb8d70cb60120690.168f46fc807fda72","060a2b3401010105.01010f1013000000.ef8d70cb60120690.93b046fc807fda72",93,false
"H264 800Kps Proxy","zTeßt_720p_23.976","","Audio","00:00:30:13","Track 1: 00:00:30:13",3.2,"PCM","","","48 kHz","16-bit","Media","","","","",2026-08-08 10:12,"A01.E69CB1AB_CB7B1CB7B19D9A.mxf","H264 800Kps Proxy.mov","/Users/Shared/AvidMediaComposer/Avid MediaFiles/MXF/1/A01.E69CB1AB_CB7B1CB7B19D9A.mxf","Listed","060a2b3401010105.01010f1013000000.d9197bcb60120690.fa8f46fc807fda72","060a2b3401010105.01010f1013000000.c8197bcb60120690.52c646fc807fda72",94,false
"XDCAM EX 35","zTeßt_720p_23.976","","Audio","00:00:30:13","Track 1: 00:00:30:13",3.2,"PCM","","","48 kHz","16-bit","Media","","","","",2026-08-08 10:29,"A01.E69CB574_CE5A0CE5A0632A.mxf","XDCAM EX 35.mov","/Users/Shared/AvidMediaComposer/Avid MediaFiles/MXF/1/A01.E69CB574_CE5A0CE5A0632A.mxf","Listed","060a2b3401010105.01010f1013000000.32065ace60120690.693546fc807fda72","060a2b3401010105.01010f1013000000.22065ace60120690.c7c246fc807fda72",95,false
"XDCAM HD 50","zTeßt_720p_23.976","","Audio","00:00:30:13","Track 1: 00:00:30:13",3.2,"PCM","","","48 kHz","16-bit","Media","","","","",2026-08-08 10:29,"A01.E69CB57D_CE619CE61917BA.mxf","XDCAM HD 50.mov","/Users/Shared/AvidMediaComposer/Avid MediaFiles/MXF/1/A01.E69CB57D_CE619CE61917BA.mxf","Listed","060a2b3401010105.01010f1013000000.7b9161ce60120690.9ffb46fc807fda72","060a2b3401010105.01010f1013000000.6a9161ce60120690.aab246fc807fda72",96,false
"Avid DNxUncompressed 422 8bit","zTeßt_720p_23.976","","Audio","00:00:30:13","Track 1: 00:00:30:13",3.2,"PCM","","","48 kHz","16-bit","Media","","","","",2026-08-08 10:29,"A01.E69CB588_CE69CCE69C12DA.mxf","Avid DNxUncompressed 422 8bit.mov","/Users/Shared/AvidMediaComposer/Avid MediaFiles/MXF/1/A01.E69CB588_CE69CCE69C12DA.mxf","Listed","060a2b3401010105.01010f1013000000.2dc169ce60120690.648446fc807fda72","060a2b3401010105.01010f1013000000.14c169ce60120690.9f4b46fc807fda72",97,false
"Avid DNxUncompressed 422 10bit","zTeßt_720p_23.976","","Audio","00:00:30:13","Track 1: 00:00:30:13",3.2,"PCM","","","48 kHz","16-bit","Media","","","","",2026-08-08 10:29,"A01.E69CB592_CE70CCE70CB99A.mxf","Avid DNxUncompressed 422 10bit.mov","/Users/Shared/AvidMediaComposer/Avid MediaFiles/MXF/1/A01.E69CB592_CE70CCE70CB99A.mxf","Listed","060a2b3401010105.01010f1013000000.99cb70ce60120690.f55346fc807fda72","060a2b3401010105.01010f1013000000.8ccb70ce60120690.661046fc807fda72",98,false
"Avid DNxUncompressed 422 12bit","zTeßt_720p_23.976","","Audio","00:00:30:13","Track 1: 00:00:30:13",3.2,"PCM","","","48 kHz","16-bit","Media","","","","",2026-08-08 10:29,"A01.E69CB59E_CE79ECE79E42BA.mxf","Avid DNxUncompressed 422 12bit.mov","/Users/Shared/AvidMediaComposer/Avid MediaFiles/MXF/1/A01.E69CB59E_CE79ECE79E42BA.mxf","Listed","060a2b3401010105.01010f1013000000.2be479ce60120690.cd2746fc807fda72","060a2b3401010105.01010f1013000000.17e479ce60120690.818146fc807fda72",99,false
"Avid DNxUncompressed 422 32bit float","zTeßt_720p_23.976","","Audio","00:00:30:13","Track 1: 00:00:30:13",3.2,"PCM","","","48 kHz","16-bit","Media","","","","",2026-08-08 10:30,"A01.E69CB5AC_CE848CE8485F7A.mxf","Avid DNxUncompressed 422 32bit float.mov","/Users/Shared/AvidMediaComposer/Avid MediaFiles/MXF/1/A01.E69CB5AC_CE848CE8485F7A.mxf","Listed","060a2b3401010105.01010f1013000000.f78584ce60120690.ee7246fc807fda72","060a2b3401010105.01010f1013000000.e58584ce60120690.c51246fc807fda72",100,false
"Avid DNxUncompressed 422 16(2.14)bit","zTeßt_720p_23.976","","Audio","00:00:30:13","Track 1: 00:00:30:13",3.2,"PCM","","","48 kHz","16-bit","Media","","","","",2026-08-08 10:30,"A01.E69CB5C7_CE99ACE99AAC3A.mxf","Avid DNxUncompressed 422 16(2.14)bit.mov","/Users/Shared/AvidMediaComposer/Avid MediaFiles/MXF/1/A01.E69CB5C7_CE99ACE99AAC3A.mxf","Listed","060a2b3401010105.01010f1013000000.c3aa99ce60120690.364d46fc807fda72","060a2b3401010105.01010f1013000000.b2aa99ce60120690.f08e46fc807fda72",101,false
"J2K HD","zTeßt_720p_23.976","","Audio","00:00:30:13","Track 1: 00:00:30:13",3.2,"PCM","","","48 kHz","16-bit","Media","","","","",2026-08-08 10:31,"A01.E69CB5F0_CEB88CEB88AD6A.mxf","J2K HD.mov","/Users/Shared/AvidMediaComposer/Avid MediaFiles/MXF/1/A01.E69CB5F0_CEB88CEB88AD6A.mxf","Listed","060a2b3401010105.01010f1013000000.d68ab8ce60120690.b84146fc807fda72","060a2b3401010105.01010f1013000000.c18ab8ce60120690.43e546fc807fda72",102,false
"Apple ProRes 422 Proxy","zTeßt_NTSC_30i","","Audio","00:00:30:17","Track 1: 00:00:30:17",3.2,"PCM","","","48 kHz","16-bit","Media","","","","",2026-08-08 14:27,"A01.E69CED6D_F8CF2F8CF224DA.mxf","Apple ProRes 422 Proxy.mov","/Users/Shared/AvidMediaComposer/Avid MediaFiles/MXF/1/A01.E69CED6D_F8CF2F8CF224DA.mxf","Listed","060a2b3401010105.01010f1013000000.4d22cff860120690.118946fc807fda72","060a2b3401010105.01010f1013000000.4122cff860120690.2a6346fc807fda72",103,false
"Apple ProRes 422 LT","zTeßt_NTSC_30i","","Audio","00:00:30:17","Track 1: 00:00:30:17",3.2,"PCM","","","48 kHz","16-bit","Media","","","","",2026-08-08 14:28,"A01.E69CED77_F8D71F8D71A1DA.mxf","Apple ProRes 422 LT.mov","/Users/Shared/AvidMediaComposer/Avid MediaFiles/MXF/1/A01.E69CED77_F8D71F8D71A1DA.mxf","Listed","060a2b3401010105.01010f1013000000.1d1ad7f860120690.936e46fc807fda72","060a2b3401010105.01010f1013000000.091ad7f860120690.288746fc807fda72",104,false
"Apple ProRes 422","zTeßt_NTSC_30i","","Audio","00:00:30:17","Track 1: 00:00:30:17",3.2,"PCM","","","48 kHz","16-bit","Media","","","","",2026-08-08 14:28,"A01.E69CED82_F8DF1F8DF1DD1A.mxf","Apple ProRes 422.mov","/Users/Shared/AvidMediaComposer/Avid MediaFiles/MXF/1/A01.E69CED82_F8DF1F8DF1DD1A.mxf","Listed","060a2b3401010105.01010f1013000000.d11ddff860120690.a77a46fc807fda72","060a2b3401010105.01010f1013000000.c51ddff860120690.ca5e46fc807fda72",105,false
"Apple ProRes 422 HQ","zTeßt_NTSC_30i","","Audio","00:00:30:17","Track 1: 00:00:30:17",3.2,"PCM","","","48 kHz","16-bit","Media","","","","",2026-08-08 14:28,"A01.E69CED8B_F8E5DF8E5DD4DA.mxf","Apple ProRes 422 HQ.mov","/Users/Shared/AvidMediaComposer/Avid MediaFiles/MXF/1/A01.E69CED8B_F8E5DF8E5DD4DA.mxf","Listed","060a2b3401010105.01010f1013000000.4ddde5f860120690.dfb846fc807fda72","060a2b3401010105.01010f1013000000.3cdde5f860120690.8c1346fc807fda72",106,false
"H264 800Kps Proxy","zTeßt_NTSC_30i","","Audio","00:00:30:17","Track 1: 00:00:30:17",3.2,"PCM","","","48 kHz","16-bit","Media","","","","",2026-08-08 14:28,"A01.E69CED99_F8F08F8F08A81A.mxf","H264 800Kps Proxy.mov","/Users/Shared/AvidMediaComposer/Avid MediaFiles/MXF/1/A01.E69CED99_F8F08F8F08A81A.mxf","Listed","060a2b3401010105.01010f1013000000.818af0f860120690.bc1746fc807fda72","060a2b3401010105.01010f1013000000.668af0f860120690.5f0746fc807fda72",107,false
"H264 1500Kps Proxy","zTeßt_NTSC_30i","","Audio","00:00:30:17","Track 1: 00:00:30:17",3.2,"PCM","","","48 kHz","16-bit","Media","","","","",2026-08-08 14:29,"A01.E69CEDC4_F9117F911729AA.mxf","H264 1500Kps Proxy.mov","/Users/Shared/AvidMediaComposer/Avid MediaFiles/MXF/1/A01.E69CEDC4_F9117F911729AA.mxf","Listed","060a2b3401010105.01010f1013000000.9a7211f960120690.eb3d46fc807fda72","060a2b3401010105.01010f1013000000.877211f960120690.c05a46fc807fda72",108,false
"DV 25 411","zTeßt_NTSC_30i","","Audio","00:00:30:17","Track 1: 00:00:30:17",3.2,"PCM","","","48 kHz","16-bit","Media","","","","",2026-08-08 14:29,"A01.E69CEDE1_F926CF926C990A.mxf","DV 25 411.mov","/Users/Shared/AvidMediaComposer/Avid MediaFiles/MXF/1/A01.E69CEDE1_F926CF926C990A.mxf","Listed","060a2b3401010105.01010f1013000000.90c926f960120690.655646fc807fda72","060a2b3401010105.01010f1013000000.78c926f960120690.fb5246fc807fda72",109,false
"DV 50","zTeßt_NTSC_30i","","Audio","00:00:30:17","Track 1: 00:00:30:17",3.2,"PCM","","","48 kHz","16-bit","Media","","","","",2026-08-08 14:30,"A01.E69CEDFC_F93B5F93B54ACA.mxf","DV 50.mov","/Users/Shared/AvidMediaComposer/Avid MediaFiles/MXF/1/A01.E69CEDFC_F93B5F93B54ACA.mxf","Listed","060a2b3401010105.01010f1013000000.ac543bf960120690.b44446fc807fda72","060a2b3401010105.01010f1013000000.90543bf960120690.36b546fc807fda72",110,false
"J2K SD","zTeßt_NTSC_30i","","Audio","00:00:30:17","Track 1: 00:00:30:17",3.2,"PCM","","","48 kHz","16-bit","Media","","","","",2026-08-08 14:30,"A01.E69CEE13_F94CEF94CEE73A.mxf","J2K SD.mov","/Users/Shared/AvidMediaComposer/Avid MediaFiles/MXF/1/A01.E69CEE13_F94CEF94CEE73A.mxf","Listed","060a2b3401010105.01010f1013000000.73ee4cf960120690.477a46fc807fda72","060a2b3401010105.01010f1013000000.5cee4cf960120690.14a946fc807fda72",111,false
"Apple ProRes 422 Proxy","zTeßt_PAL_25p","","Audio","00:00:30:15","Track 1: 00:00:30:15",3.2,"PCM","","","48 kHz","16-bit","Media","","","","",2026-08-08 14:31,"A01.E69CEE5F_F9868F98687DEA.mxf","Apple ProRes 422 Proxy.mov","/Users/Shared/AvidMediaComposer/Avid MediaFiles/MXF/1/A01.E69CEE5F_F9868F98687DEA.mxf","Listed","060a2b3401010105.01010f1013000000.de8786f960120690.261846fc807fda72","060a2b3401010105.01010f1013000000.d08786f960120690.474646fc807fda72",112,false
"Apple ProRes 422 LT","zTeßt_PAL_25p","","Audio","00:00:30:15","Track 1: 00:00:30:15",3.2,"PCM","","","48 kHz","16-bit","Media","","","","",2026-08-08 14:32,"A01.E69CEE69_F98E3F98E32CDA.mxf","Apple ProRes 422 LT.mov","/Users/Shared/AvidMediaComposer/Avid MediaFiles/MXF/1/A01.E69CEE69_F98E3F98E32CDA.mxf","Listed","060a2b3401010105.01010f1013000000.cd328ef960120690.c54046fc807fda72","060a2b3401010105.01010f1013000000.bb328ef960120690.685446fc807fda72",113,false
"Apple ProRes 422","zTeßt_PAL_25p","","Audio","00:00:30:15","Track 1: 00:00:30:15",3.2,"PCM","","","48 kHz","16-bit","Media","","","","",2026-08-08 14:32,"A01.E69CEE72_F9952F9952B96A.mxf","Apple ProRes 422.mov","/Users/Shared/AvidMediaComposer/Avid MediaFiles/MXF/1/A01.E69CEE72_F9952F9952B96A.mxf","Listed","060a2b3401010105.01010f1013000000.962b95f960120690.0df546fc807fda72","060a2b3401010105.01010f1013000000.872b95f960120690.2ec046fc807fda72",114,false
"Apple ProRes 422 HQ","zTeßt_PAL_25p","","Audio","00:00:30:15","Track 1: 00:00:30:15",3.2,"PCM","","","48 kHz","16-bit","Media","","","","",2026-08-08 14:32,"A01.E69CEE7C_F99D0F99D03DBA.mxf","Apple ProRes 422 HQ.mov","/Users/Shared/AvidMediaComposer/Avid MediaFiles/MXF/1/A01.E69CEE7C_F99D0F99D03DBA.mxf","Listed","060a2b3401010105.01010f1013000000.db039df960120690.b9b346fc807fda72","060a2b3401010105.01010f1013000000.c6039df960120690.7f8446fc807fda72",115,false
"H264 800Kps Proxy","zTeßt_PAL_25p","","Audio","00:00:30:15","Track 1: 00:00:30:15",3.2,"PCM","","","48 kHz","16-bit","Media","","","","",2026-08-08 14:32,"A01.E69CEE8A_F9A77F9A7702EA.mxf","H264 800Kps Proxy.mov","/Users/Shared/AvidMediaComposer/Avid MediaFiles/MXF/1/A01.E69CEE8A_F9A77F9A7702EA.mxf","Listed","060a2b3401010105.01010f1013000000.2e70a7f960120690.c20e46fc807fda72","060a2b3401010105.01010f1013000000.1970a7f960120690.0e9e46fc807fda72",116,false
"J2K SD","zTeßt_PAL_25p","","Audio","00:00:30:15","Track 1: 00:00:30:15",3.2,"PCM","","","48 kHz","16-bit","Media","","","","",2026-08-08 14:32,"A01.E69CEE96_F9B01F9B01A6EA.mxf","J2K SD.mov","/Users/Shared/AvidMediaComposer/Avid MediaFiles/MXF/1/A01.E69CEE96_F9B01F9B01A6EA.mxf","Listed","060a2b3401010105.01010f1013000000.6e1ab0f960120690.df8646fc807fda72","060a2b3401010105.01010f1013000000.381ab0f960120690.a5a446fc807fda72",117,false
"Avid DNx SQ","zTeßt_1080i_59.94","","Audio","00:00:30:17","Track 2: 00:00:30:17",3.2,"PCM","","","48 kHz","16-bit","Media","","","","",2026-08-03 16:06,"A02.E6966CE7_A3C580A3C58A7A.mxf","Avid DNx SQ.mov","/Users/Shared/AvidMediaComposer/Avid MediaFiles/MXF/1/A02.E6966CE7_A3C580A3C58A7A.mxf","Listed","060a2b3401010105.01010f1013000000.a7583c0a55120690.616646fc807fda72","060a2b3401010105.01010f1013000000.86583c0a55120690.c09946fc807fda72",118,false
"Avid DNx HQ","zTeßt_1080i_59.94","","Audio","00:00:30:17","Track 2: 00:00:30:17",3.2,"PCM","","","48 kHz","16-bit","Media","","","","",2026-08-03 16:19,"A02.E6967024_CB0BE0CB0BE90A.mxf","Avid DNx HQ.mov","/Users/Shared/AvidMediaComposer/Avid MediaFiles/MXF/1/A02.E6967024_CB0BE0CB0BE90A.mxf","Listed","060a2b3401010105.01010f1013000000.90beb00c55120690.fba946fc807fda72","060a2b3401010105.01010f1013000000.63beb00c55120690.410146fc807fda72",119,false
"Avid DNx HQX","zTeßt_1080i_59.94","","Audio","00:00:30:17","Track 2: 00:00:30:17",3.2,"PCM","","","48 kHz","16-bit","Media","","","","",2026-08-03 16:20,"A02.E6967032_CBBA90CBBA953A.mxf","Avid DNx HQX.mov","/Users/Shared/AvidMediaComposer/Avid MediaFiles/MXF/1/A02.E6967032_CBBA90CBBA953A.mxf","Listed","060a2b3401010105.01010f1013000000.53a9bb0c55120690.768746fc807fda72","060a2b3401010105.01010f1013000000.2da9bb0c55120690.473b46fc807fda72",120,false
"Apple ProRes 422 Proxy","zTeßt_1080i_59.94","","Audio","00:00:30:17","Track 2: 00:00:30:17",3.2,"PCM","","","48 kHz","16-bit","Media","","","","",2026-08-03 16:26,"A02.E69671C6_DEDE70DEDE7A1A.mxf","Apple ProRes 422 Proxy.mov","/Users/Shared/AvidMediaComposer/Avid MediaFiles/MXF/1/A02.E69671C6_DEDE70DEDE7A1A.mxf","Listed","060a2b3401010105.01010f1013000000.a1e7ed0d55120690.886b46fc807fda72","060a2b3401010105.01010f1013000000.80e7ed0d55120690.2c6f46fc807fda72",121,false
"Apple ProRes 422 LT","zTeßt_1080i_59.94","","Audio","00:00:30:17","Track 2: 00:00:30:17",3.2,"PCM","","","48 kHz","16-bit","Media","","","","",2026-08-03 16:40,"A02.E69674FC_105D6105D63C8A.mxf","Apple ProRes 422 LT.mov","/Users/Shared/AvidMediaComposer/Avid MediaFiles/MXF/1/A02.E69674FC_105D6105D63C8A.mxf","Listed","060a2b3401010105.01010f1013000000.c8635d1055120690.f17546fc807fda72","060a2b3401010105.01010f1013000000.b1635d1055120690.b8a446fc807fda72",122,false
"Apple ProRes 422","zTeßt_1080i_59.94","","Audio","00:00:30:17","Track 2: 00:00:30:17",3.2,"PCM","","","48 kHz","16-bit","Media","","","","",2026-08-03 16:45,"A02.E696763F_11529115294ECA.mxf","Apple ProRes 422.mov","/Users/Shared/AvidMediaComposer/Avid MediaFiles/MXF/1/A02.E696763F_11529115294ECA.mxf","Listed","060a2b3401010105.01010f1013000000.ec94521155120690.ab3746fc807fda72","060a2b3401010105.01010f1013000000.ca94521155120690.9b3e46fc807fda72",123,false
"Apple ProRes 422 HQ","zTeßt_1080i_59.94","","Audio","00:00:30:17","Track 2: 00:00:30:17",3.2,"PCM","","","48 kHz","16-bit","Media","","","","",2026-08-03 16:46,"A02.E6967653_11614116145C2A.mxf","Apple ProRes 422 HQ.mov","/Users/Shared/AvidMediaComposer/Avid MediaFiles/MXF/1/A02.E6967653_11614116145C2A.mxf","Listed","060a2b3401010105.01010f1013000000.c245611155120690.b8f446fc807fda72","060a2b3401010105.01010f1013000000.9945611155120690.691a46fc807fda72",124,false
"AVC-Intra 100","zTeßt_1080i_59.94","","Audio","00:00:30:17","Track 2: 00:00:30:17",3.2,"PCM","","","48 kHz","16-bit","Media","","","","",2026-08-03 16:46,"A02.E6967672_1178C1178C4A6A.mxf","AVC-Intra 100.mov","/Users/Shared/AvidMediaComposer/Avid MediaFiles/MXF/1/A02.E6967672_1178C1178C4A6A.mxf","Listed","060a2b3401010105.01010f1013000000.a6c4781155120690.298346fc807fda72","060a2b3401010105.01010f1013000000.84c4781155120690.661046fc807fda72",125,false
"XAVC HD Intra CBG Class 100","zTeßt_1080i_59.94","","Audio","00:00:30:17","Track 2: 00:00:30:17",3.2,"PCM","","","48 kHz","16-bit","Media","","","","",2026-08-03 16:47,"A02.E69676B9_11AF211AF2D75A.mxf","XAVC HD Intra CBG Class 100.mov","/Users/Shared/AvidMediaComposer/Avid MediaFiles/MXF/1/A02.E69676B9_11AF211AF2D75A.mxf","Listed","060a2b3401010105.01010f1013000000.752daf1155120690.86f446fc807fda72","060a2b3401010105.01010f1013000000.4f2daf1155120690.022546fc807fda72",126,false
"XAVC HD Intra CBG Class 200","zTeßt_1080i_59.94","","Audio","00:00:30:17","Track 2: 00:00:30:17",3.2,"PCM","","","48 kHz","16-bit","Media","","","","",2026-08-03 17:18,"A02.E6967DC3_1705D1705D0D5A.mxf","XAVC HD Intra CBG Class 200.mov","/Users/Shared/AvidMediaComposer/Avid MediaFiles/MXF/1/A02.E6967DC3_1705D1705D0D5A.mxf","Listed","060a2b3401010105.01010f1013000000.d5d0051755120690.252046fc807fda72","060a2b3401010105.01010f1013000000.9bd0051755120690.a7fa46fc807fda72",127,false
"AVC Long GOP 6","zTeßt_1080i_59.94","","Audio","00:00:30:17","Track 2: 00:00:30:17",3.2,"PCM","","","48 kHz","16-bit","Media","","","","",2026-08-03 17:19,"A02.E6967E1A_1747917479777A.mxf","AVC Long GOP 6.mov","/Users/Shared/AvidMediaComposer/Avid MediaFiles/MXF/1/A02.E6967E1A_1747917479777A.mxf","Listed","060a2b3401010105.01010f1013000000.7797471755120690.355746fc807fda72","060a2b3401010105.01010f1013000000.5297471755120690.ffc446fc807fda72",128,false
"AVC Long GOP 12","zTeßt_1080i_59.94","","Audio","00:00:30:17","Track 2: 00:00:30:17",3.2,"PCM","","","48 kHz","16-bit","Media","","","","",2026-08-03 17:19,"A02.E6967E2E_1757117571C63A.mxf","AVC Long GOP 12.mov","/Users/Shared/AvidMediaComposer/Avid MediaFiles/MXF/1/A02.E6967E2E_1757117571C63A.mxf","Listed","060a2b3401010105.01010f1013000000.631c571755120690.f06c46fc807fda72","060a2b3401010105.01010f1013000000.3a1c571755120690.e6b046fc807fda72",129,false
"AVC Long GOP 25","zTeßt_1080i_59.94","","Audio","00:00:30:17","Track 2: 00:00:30:17",3.2,"PCM","","","48 kHz","16-bit","Media","","","","",2026-08-03 17:20,"A02.E6967E53_1772E1772E5ABA.mxf","AVC Long GOP 25.mov","/Users/Shared/AvidMediaComposer/Avid MediaFiles/MXF/1/A02.E6967E53_1772E1772E5ABA.mxf","Listed","060a2b3401010105.01010f1013000000.abe5721755120690.4edb46fc807fda72","060a2b3401010105.01010f1013000000.6be5721755120690.5bea46fc807fda72",130,false
"AVC Long GOP 25","zTeßt_1080i_59.94","","Audio","00:00:30:17","Track 2: 00:00:30:17",3.2,"PCM","","","48 kHz","16-bit","Media","","","","",2026-08-03 17:24,"A02.E6967F5B_183B5183B5143A.mxf","AVC Long GOP 25.mov","/Users/Shared/AvidMediaComposer/Avid MediaFiles/MXF/1/A02.E6967F5B_183B5183B5143A.mxf","Listed","060a2b3401010105.01010f1013000000.43513b1855120690.815146fc807fda72","060a2b3401010105.01010f1013000000.18513b1855120690.1cc346fc807fda72",131,false
"AVC Long GOP 50","zTeßt_1080i_59.94","","Audio","00:00:30:17","Track 2: 00:00:30:17",3.2,"PCM","","","48 kHz","16-bit","Media","","","","",2026-08-03 17:25,"A02.E6967F8D_1860F1860FA88A.mxf","AVC Long GOP 50.mov","/Users/Shared/AvidMediaComposer/Avid MediaFiles/MXF/1/A02.E6967F8D_1860F1860FA88A.mxf","Listed","060a2b3401010105.01010f1013000000.88fa601855120690.4ca846fc807fda72","060a2b3401010105.01010f1013000000.61fa601855120690.b47546fc807fda72",132,false
"AVC Long GOP 50","zTeßt_1080i_59.94","","Audio","00:00:30:17","Track 2: 00:00:30:17",3.2,"PCM","","","48 kHz","16-bit","Media","","","","",2026-08-03 17:26,"A02.E6967FAA_18774187744FEA.mxf","AVC Long GOP 50.mov","/Users/Shared/AvidMediaComposer/Avid MediaFiles/MXF/1/A02.E6967FAA_18774187744FEA.mxf","Listed","060a2b3401010105.01010f1013000000.fe44771855120690.adc446fc807fda72","060a2b3401010105.01010f1013000000.d644771855120690.476646fc807fda72",133,false
"AVC Long GOP 35","zTeßt_1080i_59.94","","Audio","00:00:30:17","Track 2: 00:00:30:17",3.2,"PCM","","","48 kHz","16-bit","Media","","","","",2026-08-03 17:40,"A02.E69682F4_1AF611AF61DABA.mxf","AVC Long GOP 35.mov","/Users/Shared/AvidMediaComposer/Avid MediaFiles/MXF/1/A02.E69682F4_1AF611AF61DABA.mxf","Listed","060a2b3401010105.01010f1013000000.ab1df61a55120690.089c46fc807fda72","060a2b3401010105.01010f1013000000.761df61a55120690.a25c46fc807fda72",134,false
"H264 800Kps Proxy","zTeßt_1080i_59.94","","Audio","00:00:30:17","Track 2: 00:00:30:17",3.2,"PCM","","","48 kHz","16-bit","Media","","","","",2026-08-03 17:41,"A02.E6968363_1B4A21B4A2804A.mxf","H264 800Kps Proxy.mov","/Users/Shared/AvidMediaComposer/Avid MediaFiles/MXF/1/A02.E6968363_1B4A21B4A2804A.mxf","Listed","060a2b3401010105.01010f1013000000.04284a1b55120690.25db46fc807fda72","060a2b3401010105.01010f1013000000.e0274a1b55120690.bee246fc807fda72",135,false
"H264 2Mbps Proxy","zTeßt_1080i_59.94","","Audio","00:00:30:17","Track 2: 00:00:30:17",3.2,"PCM","","","48 kHz","16-bit","Media","","","","",2026-08-03 17:42,"A02.E696837A_1B5B61B5B6AB3A.mxf","H264 2Mbps Proxy.mov","/Users/Shared/AvidMediaComposer/Avid MediaFiles/MXF/1/A02.E696837A_1B5B61B5B6AB3A.mxf","Listed","060a2b3401010105.01010f1013000000.b36a5b1b55120690.de2646fc807fda72","060a2b3401010105.01010f1013000000.8d6a5b1b55120690.b8fd46fc807fda72",136,false
"XDCAM EX 35","zTeßt_1080i_59.94","","Audio","00:00:30:17","Track 2: 00:00:30:17",3.2,"PCM","","","48 kHz","16-bit","Media","","","","",2026-08-03 17:44,"A02.E696840A_1BC8D1BC8D39EA.mxf","XDCAM EX 35.mov","/Users/Shared/AvidMediaComposer/Avid MediaFiles/MXF/1/A02.E696840A_1BC8D1BC8D39EA.mxf","Listed","060a2b3401010105.01010f1013000000.9ed3c81b55120690.c81946fc807fda72","060a2b3401010105.01010f1013000000.61d3c81b55120690.086946fc807fda72",137,false
"XDCAM HD 50","zTeßt_1080i_59.94","","Audio","00:00:30:17","Track 2: 00:00:30:17",3.2,"PCM","","","48 kHz","16-bit","Media","","","","",2026-08-03 17:44,"A02.E6968418_1BD321BD32278A.mxf","XDCAM HD 50.mov","/Users/Shared/AvidMediaComposer/Avid MediaFiles/MXF/1/A02.E6968418_1BD321BD32278A.mxf","Listed","060a2b3401010105.01010f1013000000.7822d31b55120690.227746fc807fda72","060a2b3401010105.01010f1013000000.5622d31b55120690.b12e46fc807fda72",138,false
"DVCPro HD","zTeßt_1080i_59.94","","Audio","00:00:30:17","Track 2: 00:00:30:17",3.2,"PCM","","","48 kHz","16-bit","Media","","","","",2026-08-03 17:45,"A02.E696842D_1BE361BE366EEA.mxf","DVCPro HD.mov","/Users/Shared/AvidMediaComposer/Avid MediaFiles/MXF/1/A02.E696842D_1BE361BE366EEA.mxf","Listed","060a2b3401010105.01010f1013000000.ee66e31b55120690.22a746fc807fda72","060a2b3401010105.01010f1013000000.b266e31b55120690.871b46fc807fda72",139,false
"Avid DNxUncompressed 422 8bit","zTeßt_1080i_59.94","","Audio","00:00:30:17","Track 2: 00:00:30:17",3.2,"PCM","","","48 kHz","16-bit","Media","","","","",2026-08-03 17:47,"A02.E69684AB_1C42A1C42A13FA.mxf","Avid DNxUncompressed 422 8bit.mov","/Users/Shared/AvidMediaComposer/Avid MediaFiles/MXF/1/A02.E69684AB_1C42A1C42A13FA.mxf","Listed","060a2b3401010105.01010f1013000000.3fa1421c55120690.2f3e46fc807fda72","060a2b3401010105.01010f1013000000.19a1421c55120690.a9bc46fc807fda72",140,false
"Avid DNxUncompressed 422 10bit","zTeßt_1080i_59.94","","Audio","00:00:30:17","Track 2: 00:00:30:17",3.2,"PCM","","","48 kHz","16-bit","Media","","","","",2026-08-03 17:47,"A02.E69684C2_1C5401C540713A.mxf","Avid DNxUncompressed 422 10bit.mov","/Users/Shared/AvidMediaComposer/Avid MediaFiles/MXF/1/A02.E69684C2_1C5401C540713A.mxf","Listed","060a2b3401010105.01010f1013000000.1307541c55120690.77cc46fc807fda72","060a2b3401010105.01010f1013000000.f006541c55120690.f42a46fc807fda72",141,false
"Avid DNxUncompressed 422 12bit","zTeßt_1080i_59.94","","Audio","00:00:30:17","Track 2: 00:00:30:17",3.2,"PCM","","","48 kHz","16-bit","Media","","","","",2026-08-03 17:49,"A02.E696852F_1CA6A1CA6A440A.mxf","Avid DNxUncompressed 422 12bit.mov","/Users/Shared/AvidMediaComposer/Avid MediaFiles/MXF/1/A02.E696852F_1CA6A1CA6A440A.mxf","Listed","060a2b3401010105.01010f1013000000.40a4a61c55120690.179c46fc807fda72","060a2b3401010105.01010f1013000000.00a4a61c55120690.eca746fc807fda72",142,false
"Avid DNxUncompressed 422 32bit float","zTeßt_1080i_59.94","","Audio","00:00:30:17","Track 2: 00:00:30:17",3.2,"PCM","","","48 kHz","16-bit","Media","","","","",2026-08-03 17:50,"A02.E6968556_1CC421CC42850A.mxf","Avid DNxUncompressed 422 32bit float.mov","/Users/Shared/AvidMediaComposer/Avid MediaFiles/MXF/1/A02.E6968556_1CC421CC42850A.mxf","Listed","060a2b3401010105.01010f1013000000.5028c41c55120690.2e9046fc807fda72","060a2b3401010105.01010f1013000000.2328c41c55120690.da4c46fc807fda72",143,false
"Avid DNxUncompressed 422 16(2.14)bit","zTeßt_1080i_59.94","","Audio","00:00:30:17","Track 2: 00:00:30:17",3.2,"PCM","","","48 kHz","16-bit","Media","","","","",2026-08-03 17:50,"A02.E6968577_1CDDD1CDDD6ABA.mxf","Avid DNxUncompressed 422 16(2.14)bit.mov","/Users/Shared/AvidMediaComposer/Avid MediaFiles/MXF/1/A02.E6968577_1CDDD1CDDD6ABA.mxf","Listed","060a2b3401010105.01010f1013000000.abd6dd1c55120690.a4af46fc807fda72","060a2b3401010105.01010f1013000000.7ed6dd1c55120690.24da46fc807fda72",144,false
"J2K HD","zTeßt_1080i_59.94","","Audio","00:00:30:17","Track 2: 00:00:30:17",3.2,"PCM","","","48 kHz","16-bit","Media","","","","",2026-08-03 17:52,"A02.E69685D1_1D2171D217EC6A.mxf","J2K HD.mov","/Users/Shared/AvidMediaComposer/Avid MediaFiles/MXF/1/A02.E69685D1_1D2171D217EC6A.mxf","Listed","060a2b3401010105.01010f1013000000.c67e211d55120690.99ca46fc807fda72","060a2b3401010105.01010f1013000000.8d7e211d55120690.81ea46fc807fda72",145,false
"Avid DNx LB","zTeßt_1080p_23.976","","Audio","00:00:30:13","Track 2: 00:00:30:13",3.2,"PCM","","","48 kHz","16-bit","Media","","","","",2026-08-03 17:55,"A02.E69686A0_1DBEC1DBECCE8A.mxf","Avid DNx LB.mov","/Users/Shared/AvidMediaComposer/Avid MediaFiles/MXF/1/A02.E69686A0_1DBEC1DBECCE8A.mxf","Listed","060a2b3401010105.01010f1013000000.e8ccbe1d55120690.ccee46fc807fda72","060a2b3401010105.01010f1013000000.b5ccbe1d55120690.a4a946fc807fda72",146,false
"Avid DNx SQ","zTeßt_1080p_23.976","","Audio","00:00:30:13","Track 2: 00:00:30:13",3.2,"PCM","","","48 kHz","16-bit","Media","","","","",2026-08-03 17:56,"A02.E69686CE_1DE1C1DE1CA13A.mxf","Avid DNx SQ.mov","/Users/Shared/AvidMediaComposer/Avid MediaFiles/MXF/1/A02.E69686CE_1DE1C1DE1CA13A.mxf","Listed","060a2b3401010105.01010f1013000000.13cae11d55120690.f9ea46fc807fda72","060a2b3401010105.01010f1013000000.f5c9e11d55120690.83e146fc807fda72",147,false
"Avid DNx HQ","zTeßt_1080p_23.976","","Audio","00:00:30:13","Track 2: 00:00:30:13",3.2,"PCM","","","48 kHz","16-bit","Media","","","","",2026-08-03 17:56,"A02.E69686EA_1DF711DF71BE1A.mxf","Avid DNx HQ.mov","/Users/Shared/AvidMediaComposer/Avid MediaFiles/MXF/1/A02.E69686EA_1DF711DF71BE1A.mxf","Listed","060a2b3401010105.01010f1013000000.e11bf71d55120690.305b46fc807fda72","060a2b3401010105.01010f1013000000.ba1bf71d55120690.241c46fc807fda72",148,false
"Avid DNx HQX","zTeßt_1080p_23.976","","Audio","00:00:30:13","Track 2: 00:00:30:13",3.2,"PCM","","","48 kHz","16-bit","Media","","","","",2026-08-03 18:00,"A02.E69687AA_1E8881E8885A2A.mxf","Avid DNx HQX.mov","/Users/Shared/AvidMediaComposer/Avid MediaFiles/MXF/1/A02.E69687AA_1E8881E8885A2A.mxf","Listed","060a2b3401010105.01010f1013000000.a285881e55120690.7c4046fc807fda72","060a2b3401010105.01010f1013000000.8585881e55120690.6af146fc807fda72",149,false
"Apple ProRes 422 Proxy","zTeßt_1080p_23.976","","Audio","00:00:30:13","Track 2: 00:00:30:13",3.2,"PCM","","","48 kHz","16-bit","Media","","","","",2026-08-03 18:01,"A02.E69687EB_1EB9D1EB9DBC8A.mxf","Apple ProRes 422 Proxy.mov","/Users/Shared/AvidMediaComposer/Avid MediaFiles/MXF/1/A02.E69687EB_1EB9D1EB9DBC8A.mxf","Listed","060a2b3401010105.01010f1013000000.c8dbb91e55120690.d60246fc807fda72","060a2b3401010105.01010f1013000000.8adbb91e55120690.699646fc807fda72",150,false
"Apple ProRes 422 LT","zTeßt_1080p_23.976","","Audio","00:00:30:13","Track 2: 00:00:30:13",3.2,"PCM","","","48 kHz","16-bit","Media","","","","",2026-08-03 18:01,"A02.E69687F8_1EC3D1EC3D7CEA.mxf","Apple ProRes 422 LT.mov","/Users/Shared/AvidMediaComposer/Avid MediaFiles/MXF/1/A02.E69687F8_1EC3D1EC3D7CEA.mxf","Listed","060a2b3401010105.01010f1013000000.ced7c31e55120690.c0f446fc807fda72","060a2b3401010105.01010f1013000000.a5d7c31e55120690.361d46fc807fda72",151,false
"Apple ProRes 422","zTeßt_1080p_23.976","","Audio","00:00:30:13","Track 2: 00:00:30:13",3.2,"PCM","","","48 kHz","16-bit","Media","","","","",2026-08-03 18:01,"A02.E696880E_1ED481ED48363A.mxf","Apple ProRes 422.mov","/Users/Shared/AvidMediaComposer/Avid MediaFiles/MXF/1/A02.E696880E_1ED481ED48363A.mxf","Listed","060a2b3401010105.01010f1013000000.6383d41e55120690.1b4646fc807fda72","060a2b3401010105.01010f1013000000.4483d41e55120690.e64a46fc807fda72",152,false
"Apple ProRes 422 HQ","zTeßt_1080p_23.976","","Audio","00:00:30:13","Track 2: 00:00:30:13",3.2,"PCM","","","48 kHz","16-bit","Media","","","","",2026-08-03 18:02,"A02.E6968825_1EE611EE61AB0A.mxf","Apple ProRes 422 HQ.mov","/Users/Shared/AvidMediaComposer/Avid MediaFiles/MXF/1/A02.E6968825_1EE611EE61AB0A.mxf","Listed","060a2b3401010105.01010f1013000000.b01ae61e55120690.89aa46fc807fda72","060a2b3401010105.01010f1013000000.7a1ae61e55120690.3a9446fc807fda72",153,false
"AVC-Intra 100","zTeßt_1080p_23.976","","Audio","00:00:30:13","Track 2: 00:00:30:13",3.2,"PCM","","","48 kHz","16-bit","Media","","","","",2026-08-03 18:02,"A02.E696883C_1EF721EF72BF4A.mxf","AVC-Intra 100.mov","/Users/Shared/AvidMediaComposer/Avid MediaFiles/MXF/1/A02.E696883C_1EF721EF72BF4A.mxf","Listed","060a2b3401010105.01010f1013000000.f42bf71e55120690.aa5746fc807fda72","060a2b3401010105.01010f1013000000.d12bf71e55120690.d72346fc807fda72",154,false
"XAVC HD Intra CBG Class 100","zTeßt_1080p_23.976","","Audio","00:00:30:13","Track 2: 00:00:30:13",3.2,"PCM","","","48 kHz","16-bit","Media","","","","",2026-08-03 18:29,"A02.E6968E6F_23AAC23AAC642A.mxf","XAVC HD Intra CBG Class 100.mov","/Users/Shared/AvidMediaComposer/Avid MediaFiles/MXF/1/A02.E6968E6F_23AAC23AAC642A.mxf","Listed","060a2b3401010105.01010f1013000000.42c6aa2355120690.28e946fc807fda72","060a2b3401010105.01010f1013000000.20c6aa2355120690.dd4246fc807fda72",155,false
"XAVC HD Intra CBG Class 200","zTeßt_1080p_23.976","","Audio","00:00:30:13","Track 2: 00:00:30:13",3.2,"PCM","","","48 kHz","16-bit","Media","","","","",2026-08-03 18:29,"A02.E6968E97_23C9C23C9C891A.mxf","XAVC HD Intra CBG Class 200.mov","/Users/Shared/AvidMediaComposer/Avid MediaFiles/MXF/1/A02.E6968E97_23C9C23C9C891A.mxf","Listed","060a2b3401010105.01010f1013000000.91c8c92355120690.54f146fc807fda72","060a2b3401010105.01010f1013000000.72c8c92355120690.e74f46fc807fda72",156,false
"AVC-Intra HD 422","zTeßt_1080p_23.976","","Audio","00:00:30:13","Track 2: 00:00:30:13",3.2,"PCM","","","48 kHz","16-bit","Media","","","","",2026-08-03 18:31,"A02.E6968EE2_240292402967EA.mxf","AVC-Intra HD 422.mov","/Users/Shared/AvidMediaComposer/Avid MediaFiles/MXF/1/A02.E6968EE2_240292402967EA.mxf","Listed","060a2b3401010105.01010f1013000000.7e96022455120690.564b46fc807fda72","060a2b3401010105.01010f1013000000.6196022455120690.b26646fc807fda72",157,false
"AVC Long GOP 6","zTeßt_1080p_23.976","","Audio","00:00:30:13","Track 2: 00:00:30:13",3.2,"PCM","","","48 kHz","16-bit","Media","","","","",2026-08-03 18:31,"A02.E6968EF5_2410E2410ECD5A.mxf","AVC Long GOP 6.mov","/Users/Shared/AvidMediaComposer/Avid MediaFiles/MXF/1/A02.E6968EF5_2410E2410ECD5A.mxf","Listed","060a2b3401010105.01010f1013000000.d5ec102455120690.e08c46fc807fda72","060a2b3401010105.01010f1013000000.9dec102455120690.6f1546fc807fda72",158,false
"AVC Long GOP 12","zTeßt_1080p_23.976","","Audio","00:00:30:13","Track 2: 00:00:30:13",3.2,"PCM","","","48 kHz","16-bit","Media","","","","",2026-08-03 18:32,"A02.E6968F34_2440724407857A.mxf","AVC Long GOP 12.mov","/Users/Shared/AvidMediaComposer/Avid MediaFiles/MXF/1/A02.E6968F34_2440724407857A.mxf","Listed","060a2b3401010105.01010f1013000000.5778402455120690.304246fc807fda72","060a2b3401010105.01010f1013000000.1e78402455120690.fc7546fc807fda72",159,false
"AVC Long GOP 25","zTeßt_1080p_23.976","","Audio","00:00:30:13","Track 2: 00:00:30:13",3.2,"PCM","","","48 kHz","16-bit","Media","","","","",2026-08-03 18:33,"A02.E6968F82_247B8247B87C2A.mxf","AVC Long GOP 25.mov","/Users/Shared/AvidMediaComposer/Avid MediaFiles/MXF/1/A02.E6968F82_247B8247B87C2A.mxf","Listed","060a2b3401010105.01010f1013000000.c2877b2455120690.a91246fc807fda72","060a2b3401010105.01010f1013000000.82877b2455120690.8c1f46fc807fda72",160,false
"AVC Long GOP 25","zTeßt_1080p_23.976","","Audio","00:00:30:13","Track 2: 00:00:30:13",3.2,"PCM","","","48 kHz","16-bit","Media","","","","",2026-08-03 18:33,"A02.E6968F94_2489724897CBDA.mxf","AVC Long GOP 25.mov","/Users/Shared/AvidMediaComposer/Avid MediaFiles/MXF/1/A02.E6968F94_2489724897CBDA.mxf","Listed","060a2b3401010105.01010f1013000000.bd7c892455120690.647b46fc807fda72","060a2b3401010105.01010f1013000000.9b7c892455120690.c1bd46fc807fda72",161,false
"AVC Long GOP 50","zTeßt_1080p_23.976","","Audio","00:00:30:13","Track 2: 00:00:30:13",3.2,"PCM","","","48 kHz","16-bit","Media","","","","",2026-08-03 18:34,"A02.E6968FAC_249BD249BDA24A.mxf","AVC Long GOP 50.mov","/Users/Shared/AvidMediaComposer/Avid MediaFiles/MXF/1/A02.E6968FAC_249BD249BDA24A.mxf","Listed","060a2b3401010105.01010f1013000000.24da9b2455120690.f12846fc807fda72","060a2b3401010105.01010f1013000000.0dda9b2455120690.eea846fc807fda72",162,false
"AVC Long GOP 50","zTeßt_1080p_23.976","","Audio","00:00:30:13","Track 2: 00:00:30:13",3.2,"PCM","","","48 kHz","16-bit","Media","","","","",2026-08-03 18:35,"A02.E696900A_24E2724E27ACEA.mxf","AVC Long GOP 50.mov","/Users/Shared/AvidMediaComposer/Avid MediaFiles/MXF/1/A02.E696900A_24E2724E27ACEA.mxf","Listed","060a2b3401010105.01010f1013000000.ce7ae22455120690.e79746fc807fda72","060a2b3401010105.01010f1013000000.b27ae22455120690.a5aa46fc807fda72",163,false
"AVC Long GOP 35","zTeßt_1080p_23.976","","Audio","00:00:30:13","Track 2: 00:00:30:13",3.2,"PCM","","","48 kHz","16-bit","Media","","","","",2026-08-03 18:36,"A02.E6969024_24F6E24F6EAF5A.mxf","AVC Long GOP 35.mov","/Users/Shared/AvidMediaComposer/Avid MediaFiles/MXF/1/A02.E6969024_24F6E24F6EAF5A.mxf","Listed","060a2b3401010105.01010f1013000000.f5eaf62455120690.ca8546fc807fda72","060a2b3401010105.01010f1013000000.deeaf62455120690.f1e746fc807fda72",164,false
"H264 800Kps Proxy","zTeßt_1080p_23.976","","Audio","00:00:30:13","Track 2: 00:00:30:13",3.2,"PCM","","","48 kHz","16-bit","Media","","","","",2026-08-03 18:37,"A02.E696906B_252C9252C9542A.mxf","H264 800Kps Proxy.mov","/Users/Shared/AvidMediaComposer/Avid MediaFiles/MXF/1/A02.E696906B_252C9252C9542A.mxf","Listed","060a2b3401010105.01010f1013000000.42952c2555120690.8f4d46fc807fda72","060a2b3401010105.01010f1013000000.22952c2555120690.689b46fc807fda72",165,false
"XDCAM EX 35","zTeßt_1080p_23.976","","Audio","00:00:30:13","Track 2: 00:00:30:13",3.2,"PCM","","","48 kHz","16-bit","Media","","","","",2026-08-03 18:37,"A02.E6969079_253732537330DA.mxf","XDCAM EX 35.mov","/Users/Shared/AvidMediaComposer/Avid MediaFiles/MXF/1/A02.E6969079_253732537330DA.mxf","Listed","060a2b3401010105.01010f1013000000.0d33372555120690.c7e046fc807fda72","060a2b3401010105.01010f1013000000.cd32372555120690.f0c446fc807fda72",166,false
"XDCAM HD 50","zTeßt_1080p_23.976","","Audio","00:00:30:13","Track 2: 00:00:30:13",3.2,"PCM","","","48 kHz","16-bit","Media","","","","",2026-08-03 18:37,"A02.E6969086_2541325413457A.mxf","XDCAM HD 50.mov","/Users/Shared/AvidMediaComposer/Avid MediaFiles/MXF/1/A02.E6969086_2541325413457A.mxf","Listed","060a2b3401010105.01010f1013000000.5734412555120690.391646fc807fda72","060a2b3401010105.01010f1013000000.3034412555120690.c83346fc807fda72",167,false
"Avid DNxUncompressed 422 8bit","zTeßt_1080p_23.976","","Audio","00:00:30:13","Track 2: 00:00:30:13",3.2,"PCM","","","48 kHz","16-bit","Media","","","","",2026-08-03 18:39,"A02.E69690DE_2583A2583A79CA.mxf","Avid DNxUncompressed 422 8bit.mov","/Users/Shared/AvidMediaComposer/Avid MediaFiles/MXF/1/A02.E69690DE_2583A2583A79CA.mxf","Listed","060a2b3401010105.01010f1013000000.9ca7832555120690.3af446fc807fda72","060a2b3401010105.01010f1013000000.6da7832555120690.58c046fc807fda72",168,false
"Avid DNxUncompressed 422 10bit","zTeßt_1080p_23.976","","Audio","00:00:30:13","Track 2: 00:00:30:13",3.2,"PCM","","","48 kHz","16-bit","Media","","","","",2026-08-03 18:40,"A02.E696910A_25A5025A50326A.mxf","Avid DNxUncompressed 422 10bit.mov","/Users/Shared/AvidMediaComposer/Avid MediaFiles/MXF/1/A02.E696910A_25A5025A50326A.mxf","Listed","060a2b3401010105.01010f1013000000.2603a52555120690.ece746fc807fda72","060a2b3401010105.01010f1013000000.f002a52555120690.99c246fc807fda72",169,false
"Avid DNxUncompressed 422 12bit","zTeßt_1080p_23.976","","Audio","00:00:30:13","Track 2: 00:00:30:13",3.2,"PCM","","","48 kHz","16-bit","Media","","","","",2026-08-03 18:40,"A02.E6969132_25C3025C30198A.mxf","Avid DNxUncompressed 422 12bit.mov","/Users/Shared/AvidMediaComposer/Avid MediaFiles/MXF/1/A02.E6969132_25C3025C30198A.mxf","Listed","060a2b3401010105.01010f1013000000.9801c32555120690.254646fc807fda72","060a2b3401010105.01010f1013000000.7801c32555120690.de0746fc807fda72",170,false
"Avid DNxUncompressed 422 32bit float","zTeßt_1080p_23.976","","Audio","00:00:30:13","Track 2: 00:00:30:13",3.2,"PCM","","","48 kHz","16-bit","Media","","","","",2026-08-03 18:41,"A02.E6969140_25CE525CE52D8A.mxf","Avid DNxUncompressed 422 32bit float.mov","/Users/Shared/AvidMediaComposer/Avid MediaFiles/MXF/1/A02.E6969140_25CE525CE52D8A.mxf","Listed","060a2b3401010105.01010f1013000000.d852ce2555120690.33eb46fc807fda72","060a2b3401010105.01010f1013000000.b252ce2555120690.7f8a46fc807fda72",171,false
"Avid DNxUncompressed 422 16(2.14)bit","zTeßt_1080p_23.976","","Audio","00:00:30:13","Track 2: 00:00:30:13",3.2,"PCM","","","48 kHz","16-bit","Media","","","","",2026-08-03 18:41,"A02.E696914E_25D8525D85F80A.mxf","Avid DNxUncompressed 422 16(2.14)bit.mov","/Users/Shared/AvidMediaComposer/Avid MediaFiles/MXF/1/A02.E696914E_25D8525D85F80A.mxf","Listed","060a2b3401010105.01010f1013000000.805fd82555120690.af0046fc807fda72","060a2b3401010105.01010f1013000000.665fd82555120690.b86d46fc807fda72",172,false
"J2K HD","zTeßt_1080p_23.976","","Audio","00:00:30:13","Track 2: 00:00:30:13",3.2,"PCM","","","48 kHz","16-bit","Media","","","","",2026-08-03 18:41,"A02.E696915C_25E3625E36DDCA.mxf","J2K HD.mov","/Users/Shared/AvidMediaComposer/Avid MediaFiles/MXF/1/A02.E696915C_25E3625E36DDCA.mxf","Listed","060a2b3401010105.01010f1013000000.dc6de32555120690.3b8846fc807fda72","060a2b3401010105.01010f1013000000.bd6de32555120690.d3ff46fc807fda72",173,false
"J2K IMF YCrCb","zTeßt_1080p_23.976","","Audio","00:00:30:13","Track 2: 00:00:30:13",3.2,"PCM","","","48 kHz","16-bit","Media","","","","",2026-08-03 18:41,"A02.E696916C_25EF525EF5BFCA.mxf","J2K IMF YCrCb.mov","/Users/Shared/AvidMediaComposer/Avid MediaFiles/MXF/1/A02.E696916C_25EF525EF5BFCA.mxf","Listed","060a2b3401010105.01010f1013000000.fc5bef2555120690.f42446fc807fda72","060a2b3401010105.01010f1013000000.d95bef2555120690.d97946fc807fda72",174,false
"Avid DNx LB","zTeßt_1080p_29.97","","Audio","00:00:30:17","Track 2: 00:00:30:17",3.2,"PCM","","","48 kHz","16-bit","Media","","","","",2026-08-03 18:44,"A02.E6969210_266BF266BF7CFA.mxf","Avid DNx LB.mov","/Users/Shared/AvidMediaComposer/Avid MediaFiles/MXF/1/A02.E6969210_266BF266BF7CFA.mxf","Listed","060a2b3401010105.01010f1013000000.cff76b2655120690.636b46fc807fda72","060a2b3401010105.01010f1013000000.b4f76b2655120690.c6b546fc807fda72",175,false
"Avid DNx SQ","zTeßt_1080p_29.97","","Audio","00:00:30:17","Track 2: 00:00:30:17",3.2,"PCM","","","48 kHz","16-bit","Media","","","","",2026-08-03 18:44,"A02.E6969225_267B8267B8722A.mxf","Avid DNx SQ.mov","/Users/Shared/AvidMediaComposer/Avid MediaFiles/MXF/1/A02.E6969225_267B8267B8722A.mxf","Listed","060a2b3401010105.01010f1013000000.22877b2655120690.d32a46fc807fda72","060a2b3401010105.01010f1013000000.09877b2655120690.114a46fc807fda72",176,false
"Avid DNx HQ","zTeßt_1080p_29.97","","Audio","00:00:30:17","Track 2: 00:00:30:17",3.2,"PCM","","","48 kHz","16-bit","Media","","","","",2026-08-03 18:45,"A02.E6969232_2685B2685BD89A.mxf","Avid DNx HQ.mov","/Users/Shared/AvidMediaComposer/Avid MediaFiles/MXF/1/A02.E6969232_2685B2685BD89A.mxf","Listed","060a2b3401010105.01010f1013000000.89bd852655120690.984446fc807fda72","060a2b3401010105.01010f1013000000.73bd852655120690.f05c46fc807fda72",177,false
"Avid DNx HQX","zTeßt_1080p_29.97","","Audio","00:00:30:17","Track 2: 00:00:30:17",3.2,"PCM","","","48 kHz","16-bit","Media","","","","",2026-08-03 18:46,"A02.E6969285_26C4226C423D9A.mxf","Avid DNx HQX.mov","/Users/Shared/AvidMediaComposer/Avid MediaFiles/MXF/1/A02.E6969285_26C4226C423D9A.mxf","Listed","060a2b3401010105.01010f1013000000.d923c42655120690.042b46fc807fda72","060a2b3401010105.01010f1013000000.c323c42655120690.07d246fc807fda72",178,false
"Apple ProRes 422 Proxy","zTeßt_1080p_29.97","","Audio","00:00:30:17","Track 2: 00:00:30:17",3.2,"PCM","","","48 kHz","16-bit","Media","","","","",2026-08-03 18:47,"A02.E69692B5_26E9326E9359AA.mxf","Apple ProRes 422 Proxy.mov","/Users/Shared/AvidMediaComposer/Avid MediaFiles/MXF/1/A02.E69692B5_26E9326E9359AA.mxf","Listed","060a2b3401010105.01010f1013000000.9a35e92655120690.43b146fc807fda72","060a2b3401010105.01010f1013000000.8435e92655120690.b11e46fc807fda72",179,false
"Apple ProRes 422 LT","zTeßt_1080p_29.97","","Audio","00:00:30:17","Track 2: 00:00:30:17",3.2,"PCM","","","48 kHz","16-bit","Media","","","","",2026-08-03 18:47,"A02.E69692C4_26F3E26F3EFCEA.mxf","Apple ProRes 422 LT.mov","/Users/Shared/AvidMediaComposer/Avid MediaFiles/MXF/1/A02.E69692C4_26F3E26F3EFCEA.mxf","Listed","060a2b3401010105.01010f1013000000.ceeff32655120690.003646fc807fda72","060a2b3401010105.01010f1013000000.b8eff32655120690.08b746fc807fda72",180,false
"Apple ProRes 422","zTeßt_1080p_29.97","","Audio","00:00:30:17","Track 2: 00:00:30:17",3.2,"PCM","","","48 kHz","16-bit","Media","","","","",2026-08-03 18:47,"A02.E69692CF_26FCC26FCCABFA.mxf","Apple ProRes 422.mov","/Users/Shared/AvidMediaComposer/Avid MediaFiles/MXF/1/A02.E69692CF_26FCC26FCCABFA.mxf","Listed","060a2b3401010105.01010f1013000000.bfcafc2655120690.cf6c46fc807fda72","060a2b3401010105.01010f1013000000.a7cafc2655120690.84e246fc807fda72",181,false
"Apple ProRes 422 HQ","zTeßt_1080p_29.97","","Audio","00:00:30:17","Track 2: 00:00:30:17",3.2,"PCM","","","48 kHz","16-bit","Media","","","","",2026-08-03 18:47,"A02.E69692DC_2706B2706B02DA.mxf","Apple ProRes 422 HQ.mov","/Users/Shared/AvidMediaComposer/Avid MediaFiles/MXF/1/A02.E69692DC_2706B2706B02DA.mxf","Listed","060a2b3401010105.01010f1013000000.2db0062755120690.b81f46fc807fda72","060a2b3401010105.01010f1013000000.17b0062755120690.263b46fc807fda72",182,false
"AVC-Intra 100","zTeßt_1080p_29.97","","Audio","00:00:30:17","Track 2: 00:00:30:17",3.2,"PCM","","","48 kHz","16-bit","Media","","","","",2026-08-03 18:48,"A02.E69692ED_2713A2713A167A.mxf","AVC-Intra 100.mov","/Users/Shared/AvidMediaComposer/Avid MediaFiles/MXF/1/A02.E69692ED_2713A2713A167A.mxf","Listed","060a2b3401010105.01010f1013000000.67a1132755120690.691046fc807fda72","060a2b3401010105.01010f1013000000.50a1132755120690.d79846fc807fda72",183,false
"XAVC HD Intra CBG Class 100","zTeßt_1080p_29.97","","Audio","00:00:30:17","Track 2: 00:00:30:17",3.2,"PCM","","","48 kHz","16-bit","Media","","","","",2026-08-03 18:48,"A02.E6969303_2723B2723B50FA.mxf","XAVC HD Intra CBG Class 100.mov","/Users/Shared/AvidMediaComposer/Avid MediaFiles/MXF/1/A02.E6969303_2723B2723B50FA.mxf","Listed","060a2b3401010105.01010f1013000000.0fb5232755120690.7c9146fc807fda72","060a2b3401010105.01010f1013000000.e7b4232755120690.9d3746fc807fda72",184,false
"XAVC HD Intra CBG Class 200","zTeßt_1080p_29.97","","Audio","00:00:30:17","Track 2: 00:00:30:17",3.2,"PCM","","","48 kHz","16-bit","Media","","","","",2026-08-03 18:49,"A02.E6969319_2734A2734AED1A.mxf","XAVC HD Intra CBG Class 200.mov","/Users/Shared/AvidMediaComposer/Avid MediaFiles/MXF/1/A02.E6969319_2734A2734AED1A.mxf","Listed","060a2b3401010105.01010f1013000000.d1ae342755120690.34be46fc807fda72","060a2b3401010105.01010f1013000000.b6ae342755120690.0fc246fc807fda72",185,false
"AVC-Intra HD 422","zTeßt_1080p_29.97","","Audio","00:00:30:17","Track 2: 00:00:30:17",3.2,"PCM","","","48 kHz","16-bit","Media","","","","",2026-08-03 18:49,"A02.E696932D_2743E2743E728A.mxf","AVC-Intra HD 422.mov","/Users/Shared/AvidMediaComposer/Avid MediaFiles/MXF/1/A02.E696932D_2743E2743E728A.mxf","Listed","060a2b3401010105.01010f1013000000.28e7432755120690.364746fc807fda72","060a2b3401010105.01010f1013000000.0ee7432755120690.74f346fc807fda72",186,false
"AVC Long GOP 6","zTeßt_1080p_29.97","","Audio","00:00:30:17","Track 2: 00:00:30:17",3.2,"PCM","","","48 kHz","16-bit","Media","","","","",2026-08-03 18:49,"A02.E6969340_27529275294B7A.mxf","AVC Long GOP 6.mov","/Users/Shared/AvidMediaComposer/Avid MediaFiles/MXF/1/A02.E6969340_27529275294B7A.mxf","Listed","060a2b3401010105.01010f1013000000.b794522755120690.58ee46fc807fda72","060a2b3401010105.01010f1013000000.9794522755120690.694546fc807fda72",187,false
"AVC Long GOP 12","zTeßt_1080p_29.97","","Audio","00:00:30:17","Track 2: 00:00:30:17",3.2,"PCM","","","48 kHz","16-bit","Media","","","","",2026-08-07 17:25,"A02.E69BC5A3_1871E1871E424A.mxf","AVC Long GOP 12.mov","/Users/Shared/AvidMediaComposer/Avid MediaFiles/MXF/1/A02.E69BC5A3_1871E1871E424A.mxf","Listed","060a2b3401010105.01010f1013000000.24e4711859120690.ea3046fc807fda72","060a2b3401010105.01010f1013000000.d6e3711859120690.249a46fc807fda72",188,false
"AVC Long GOP 25","zTeßt_1080p_29.97","","Audio","00:00:30:17","Track 2: 00:00:30:17",3.2,"PCM","","","48 kHz","16-bit","Media","","","","",2026-08-07 17:26,"A02.E69BC5C1_1888B1888B744A.mxf","AVC Long GOP 25.mov","/Users/Shared/AvidMediaComposer/Avid MediaFiles/MXF/1/A02.E69BC5C1_1888B1888B744A.mxf","Listed","060a2b3401010105.01010f1013000000.44b7881859120690.64ee46fc807fda72","060a2b3401010105.01010f1013000000.14b7881859120690.7a5f46fc807fda72",189,false
"AVC Long GOP 25","zTeßt_1080p_29.97","","Audio","00:00:30:17","Track 2: 00:00:30:17",3.2,"PCM","","","48 kHz","16-bit","Media","","","","",2026-08-07 17:27,"A02.E69BC5EE_18AAC18AACCB2A.mxf","AVC Long GOP 25.mov","/Users/Shared/AvidMediaComposer/Avid MediaFiles/MXF/1/A02.E69BC5EE_18AAC18AACCB2A.mxf","Listed","060a2b3401010105.01010f1013000000.b2ccaa1859120690.bc1146fc807fda72","060a2b3401010105.01010f1013000000.93ccaa1859120690.b41d46fc807fda72",190,false
"AVC Long GOP 35","zTeßt_1080p_29.97","","Audio","00:00:30:17","Track 2: 00:00:30:17",3.2,"PCM","","","48 kHz","16-bit","Media","","","","",2026-08-07 17:28,"A02.E69BC652_18F6518F650B2A.mxf","AVC Long GOP 35.mov","/Users/Shared/AvidMediaComposer/Avid MediaFiles/MXF/1/A02.E69BC652_18F6518F650B2A.mxf","Listed","060a2b3401010105.01010f1013000000.b250f61859120690.982646fc807fda72","060a2b3401010105.01010f1013000000.9c50f61859120690.2db146fc807fda72",191,false
"AVC Long GOP 50","zTeßt_1080p_29.97","","Audio","00:00:30:17","Track 2: 00:00:30:17",3.2,"PCM","","","48 kHz","16-bit","Media","","","","",2026-08-07 17:29,"A02.E69BC681_191A8191A847BA.mxf","AVC Long GOP 50.mov","/Users/Shared/AvidMediaComposer/Avid MediaFiles/MXF/1/A02.E69BC681_191A8191A847BA.mxf","Listed","060a2b3401010105.01010f1013000000.7b841a1959120690.84e446fc807fda72","060a2b3401010105.01010f1013000000.48841a1959120690.42c646fc807fda72",192,false
"AVC Long GOP 50","zTeßt_1080p_29.97","","Audio","00:00:30:17","Track 2: 00:00:30:17",3.2,"PCM","","","48 kHz","16-bit","Media","","","","",2026-08-07 17:30,"A02.E69BC697_192B1192B1AA9A.mxf","AVC Long GOP 50.mov","/Users/Shared/AvidMediaComposer/Avid MediaFiles/MXF/1/A02.E69BC697_192B1192B1AA9A.mxf","Listed","060a2b3401010105.01010f1013000000.a91a2b1959120690.e0b746fc807fda72","060a2b3401010105.01010f1013000000.871a2b1959120690.feb446fc807fda72",193,false
"H264 800Kps Proxy","zTeßt_1080p_29.97","","Audio","00:00:30:17","Track 2: 00:00:30:17",3.2,"PCM","","","48 kHz","16-bit","Media","","","","",2026-08-07 17:30,"A02.E69BC6C5_194DA194DA720A.mxf","H264 800Kps Proxy.mov","/Users/Shared/AvidMediaComposer/Avid MediaFiles/MXF/1/A02.E69BC6C5_194DA194DA720A.mxf","Listed","060a2b3401010105.01010f1013000000.20a74d1959120690.6b1646fc807fda72","060a2b3401010105.01010f1013000000.e8a64d1959120690.401246fc807fda72",194,false
"XDCAM EX 35","zTeßt_1080p_29.97","","Audio","00:00:30:17","Track 2: 00:00:30:17",3.2,"PCM","","","48 kHz","16-bit","Media","","","","",2026-08-07 17:33,"A02.E69BC751_19B8319B835CBA.mxf","XDCAM EX 35.mov","/Users/Shared/AvidMediaComposer/Avid MediaFiles/MXF/1/A02.E69BC751_19B8319B835CBA.mxf","Listed","060a2b3401010105.01010f1013000000.cb35b81959120690.c2e446fc807fda72","060a2b3401010105.01010f1013000000.b235b81959120690.e79b46fc807fda72",195,false
"XDCAM HD 50","zTeßt_1080p_29.97","","Audio","00:00:30:17","Track 2: 00:00:30:17",3.2,"PCM","","","48 kHz","16-bit","Media","","","","",2026-08-07 17:33,"A02.E69BC76D_19CD019CD0712A.mxf","XDCAM HD 50.mov","/Users/Shared/AvidMediaComposer/Avid MediaFiles/MXF/1/A02.E69BC76D_19CD019CD0712A.mxf","Listed","060a2b3401010105.01010f1013000000.1207cd1959120690.0d8646fc807fda72","060a2b3401010105.01010f1013000000.f606cd1959120690.a51846fc807fda72",196,false
"Avid DNxUncompressed 422 8bit","zTeßt_1080p_29.97","","Audio","00:00:30:17","Track 2: 00:00:30:17",3.2,"PCM","","","48 kHz","16-bit","Media","","","","",2026-08-07 17:38,"A02.E69BC880_1A9D71A9D7758A.mxf","Avid DNxUncompressed 422 8bit.mov","/Users/Shared/AvidMediaComposer/Avid MediaFiles/MXF/1/A02.E69BC880_1A9D71A9D7758A.mxf","Listed","060a2b3401010105.01010f1013000000.58779d1a59120690.8df846fc807fda72","060a2b3401010105.01010f1013000000.3a779d1a59120690.831246fc807fda72",197,false
"Avid DNxUncompressed 422 10bit","zTeßt_1080p_29.97","","Audio","00:00:30:17","Track 2: 00:00:30:17",3.2,"PCM","","","48 kHz","16-bit","Media","","","","",2026-08-07 17:38,"A02.E69BC891_1AAAD1AAADCABA.mxf","Avid DNxUncompressed 422 10bit.mov","/Users/Shared/AvidMediaComposer/Avid MediaFiles/MXF/1/A02.E69BC891_1AAAD1AAADCABA.mxf","Listed","060a2b3401010105.01010f1013000000.abdcaa1a59120690.0c0646fc807fda72","060a2b3401010105.01010f1013000000.8ddcaa1a59120690.636046fc807fda72",198,false
"Avid DNxUncompressed 422 12bit","zTeßt_1080p_29.97","","Audio","00:00:30:17","Track 2: 00:00:30:17",3.2,"PCM","","","48 kHz","16-bit","Media","","","","",2026-08-07 17:38,"A02.E69BC8AA_1ABDD1ABDD5B5A.mxf","Avid DNxUncompressed 422 12bit.mov","/Users/Shared/AvidMediaComposer/Avid MediaFiles/MXF/1/A02.E69BC8AA_1ABDD1ABDD5B5A.mxf","Listed","060a2b3401010105.01010f1013000000.b5d5bd1a59120690.f4a146fc807fda72","060a2b3401010105.01010f1013000000.8fd5bd1a59120690.1dea46fc807fda72",199,false
"Avid DNxUncompressed 422 32bit float","zTeßt_1080p_29.97","","Audio","00:00:30:17","Track 2: 00:00:30:17",3.2,"PCM","","","48 kHz","16-bit","Media","","","","",2026-08-07 17:41,"A02.E69BC937_1B2851B285672A.mxf","Avid DNxUncompressed 422 32bit float.mov","/Users/Shared/AvidMediaComposer/Avid MediaFiles/MXF/1/A02.E69BC937_1B2851B285672A.mxf","Listed","060a2b3401010105.01010f1013000000.7256281b59120690.180746fc807fda72","060a2b3401010105.01010f1013000000.5856281b59120690.29fc46fc807fda72",200,false
"Avid DNxUncompressed 422 16(2.14)bit","zTeßt_1080p_29.97","","Audio","00:00:30:17","Track 2: 00:00:30:17",3.2,"PCM","","","48 kHz","16-bit","Media","","","","",2026-08-07 17:41,"A02.E69BC94D_1B3911B391759A.mxf","Avid DNxUncompressed 422 16(2.14)bit.mov","/Users/Shared/AvidMediaComposer/Avid MediaFiles/MXF/1/A02.E69BC94D_1B3911B391759A.mxf","Listed","060a2b3401010105.01010f1013000000.5917391b59120690.b2a346fc807fda72","060a2b3401010105.01010f1013000000.3a17391b59120690.7f1d46fc807fda72",201,false
"J2K HD","zTeßt_1080p_29.97","","Audio","00:00:30:17","Track 2: 00:00:30:17",3.2,"PCM","","","48 kHz","16-bit","Media","","","","",2026-08-07 17:42,"A02.E69BC982_1B6141B61446DA.mxf","J2K HD.mov","/Users/Shared/AvidMediaComposer/Avid MediaFiles/MXF/1/A02.E69BC982_1B6141B61446DA.mxf","Listed","060a2b3401010105.01010f1013000000.6d44611b59120690.a9e646fc807fda72","060a2b3401010105.01010f1013000000.5244611b59120690.9ddf46fc807fda72",202,false
"J2K IMF YCrCb","zTeßt_1080p_29.97","","Audio","00:00:30:17","Track 2: 00:00:30:17",3.2,"PCM","","","48 kHz","16-bit","Media","","","","",2026-08-07 17:42,"A02.E69BC992_1B6DA1B6DA02CA.mxf","J2K IMF YCrCb.mov","/Users/Shared/AvidMediaComposer/Avid MediaFiles/MXF/1/A02.E69BC992_1B6DA1B6DA02CA.mxf","Listed","060a2b3401010105.01010f1013000000.2ca06d1b59120690.c5d346fc807fda72","060a2b3401010105.01010f1013000000.0fa06d1b59120690.871746fc807fda72",203,false
"Avid DNx SQ","zTeßt_720p_23.976","","Audio","00:00:30:13","Track 2: 00:00:30:13",3.2,"PCM","","","48 kHz","16-bit","Media","","","","",2026-08-07 19:20,"A02.E69BE079_2CCCF2CCCFC59A.mxf","Avid DNx SQ.mov","/Users/Shared/AvidMediaComposer/Avid MediaFiles/MXF/1/A02.E69BE079_2CCCF2CCCFC59A.mxf","Listed","060a2b3401010105.01010f1013000000.59fccc2c59120690.85a046fc807fda72","060a2b3401010105.01010f1013000000.46fccc2c59120690.698c46fc807fda72",204,false
"Avid DNx HQ","zTeßt_720p_23.976","","Audio","00:00:30:13","Track 2: 00:00:30:13",3.2,"PCM","","","48 kHz","16-bit","Media","","","","",2026-08-07 19:56,"A02.E69BE8DF_332B7332B72D6A.mxf","Avid DNx HQ.mov","/Users/Shared/AvidMediaComposer/Avid MediaFiles/MXF/1/A02.E69BE8DF_332B7332B72D6A.mxf","Listed","060a2b3401010105.01010f1013000000.d6722b3359120690.29ca46fc807fda72","060a2b3401010105.01010f1013000000.b3722b3359120690.32b146fc807fda72",205,false
"Avid DNx HQX","zTeßt_720p_23.976","","Audio","00:00:30:13","Track 2: 00:00:30:13",3.2,"PCM","","","48 kHz","16-bit","Media","","","","",2026-08-07 19:56,"A02.E69BE8F7_333DD333DD889A.mxf","Avid DNx HQX.mov","/Users/Shared/AvidMediaComposer/Avid MediaFiles/MXF/1/A02.E69BE8F7_333DD333DD889A.mxf","Listed","060a2b3401010105.01010f1013000000.89d83d3359120690.59d846fc807fda72","060a2b3401010105.01010f1013000000.6ad83d3359120690.b27d46fc807fda72",206,false
"Apple ProRes 422 Proxy","zTeßt_720p_23.976","","Audio","00:00:30:13","Track 2: 00:00:30:13",3.2,"PCM","","","48 kHz","16-bit","Media","","","","",2026-08-07 19:56,"A02.E69BE903_33472334720A5A.mxf","Apple ProRes 422 Proxy.mov","/Users/Shared/AvidMediaComposer/Avid MediaFiles/MXF/1/A02.E69BE903_33472334720A5A.mxf","Listed","060a2b3401010105.01010f1013000000.a520473359120690.77f546fc807fda72","060a2b3401010105.01010f1013000000.8e20473359120690.37f446fc807fda72",207,false
"Apple ProRes 422 LT","zTeßt_720p_23.976","","Audio","00:00:30:13","Track 2: 00:00:30:13",3.2,"PCM","","","48 kHz","16-bit","Media","","","","",2026-08-08 10:08,"A02.E69CB089_CA9EBCA9EB031A.mxf","Apple ProRes 422 LT.mov","/Users/Shared/AvidMediaComposer/Avid MediaFiles/MXF/1/A02.E69CB089_CA9EBCA9EB031A.mxf","Listed","060a2b3401010105.01010f1013000000.31b09eca60120690.cda746fc807fda72","060a2b3401010105.01010f1013000000.f8af9eca60120690.da2046fc807fda72",208,false
"Apple ProRes 422","zTeßt_720p_23.976","","Audio","00:00:30:13","Track 2: 00:00:30:13",3.2,"PCM","","","48 kHz","16-bit","Media","","","","",2026-08-08 10:08,"A02.E69CB09D_CAADDCAADD7DCA.mxf","Apple ProRes 422.mov","/Users/Shared/AvidMediaComposer/Avid MediaFiles/MXF/1/A02.E69CB09D_CAADDCAADD7DCA.mxf","Listed","060a2b3401010105.01010f1013000000.dcd7adca60120690.c4ed46fc807fda72","060a2b3401010105.01010f1013000000.c2d7adca60120690.3ab846fc807fda72",209,false
"Apple ProRes 422 HQ","zTeßt_720p_23.976","","Audio","00:00:30:13","Track 2: 00:00:30:13",3.2,"PCM","","","48 kHz","16-bit","Media","","","","",2026-08-08 10:12,"A02.E69CB192_CB673CB673FF7A.mxf","Apple ProRes 422 HQ.mov","/Users/Shared/AvidMediaComposer/Avid MediaFiles/MXF/1/A02.E69CB192_CB673CB673FF7A.mxf","Listed","060a2b3401010105.01010f1013000000.f73f67cb60120690.15b646fc807fda72","060a2b3401010105.01010f1013000000.e23f67cb60120690.2de246fc807fda72",210,false
"AVC-Intra 100","zTeßt_720p_23.976","","Audio","00:00:30:13","Track 2: 00:00:30:13",3.2,"PCM","","","48 kHz","16-bit","Media","","","","",2026-08-08 10:12,"A02.E69CB19E_CB708CB708E01A.mxf","AVC-Intra 100.mov","/Users/Shared/AvidMediaComposer/Avid MediaFiles/MXF/1/A02.E69CB19E_CB708CB708E01A.mxf","Listed","060a2b3401010105.01010f1013000000.018e70cb60120690.1b1546fc807fda72","060a2b3401010105.01010f1013000000.ef8d70cb60120690.93b046fc807fda72",211,false
"H264 800Kps Proxy","zTeßt_720p_23.976","","Audio","00:00:30:13","Track 2: 00:00:30:13",3.2,"PCM","","","48 kHz","16-bit","Media","","","","",2026-08-08 10:12,"A02.E69CB1AC_CB7B1CB7B19E2A.mxf","H264 800Kps Proxy.mov","/Users/Shared/AvidMediaComposer/Avid MediaFiles/MXF/1/A02.E69CB1AC_CB7B1CB7B19E2A.mxf","Listed","060a2b3401010105.01010f1013000000.e2197bcb60120690.2ac546fc807fda72","060a2b3401010105.01010f1013000000.c8197bcb60120690.52c646fc807fda72",212,false
"XDCAM EX 35","zTeßt_720p_23.976","","Audio","00:00:30:13","Track 2: 00:00:30:13",3.2,"PCM","","","48 kHz","16-bit","Media","","","","",2026-08-08 10:29,"A02.E69CB575_CE5A0CE5A0639A.mxf","XDCAM EX 35.mov","/Users/Shared/AvidMediaComposer/Avid MediaFiles/MXF/1/A02.E69CB575_CE5A0CE5A0639A.mxf","Listed","060a2b3401010105.01010f1013000000.39065ace60120690.136646fc807fda72","060a2b3401010105.01010f1013000000.22065ace60120690.c7c246fc807fda72",213,false
"XDCAM HD 50","zTeßt_720p_23.976","","Audio","00:00:30:13","Track 2: 00:00:30:13",3.2,"PCM","","","48 kHz","16-bit","Media","","","","",2026-08-08 10:29,"A02.E69CB57E_CE619CE619182A.mxf","XDCAM HD 50.mov","/Users/Shared/AvidMediaComposer/Avid MediaFiles/MXF/1/A02.E69CB57E_CE619CE619182A.mxf","Listed","060a2b3401010105.01010f1013000000.829161ce60120690.b14c46fc807fda72","060a2b3401010105.01010f1013000000.6a9161ce60120690.aab246fc807fda72",214,false
"Avid DNxUncompressed 422 8bit","zTeßt_720p_23.976","","Audio","00:00:30:13","Track 2: 00:00:30:13",3.2,"PCM","","","48 kHz","16-bit","Media","","","","",2026-08-08 10:29,"A02.E69CB589_CE69CCE69C139A.mxf","Avid DNxUncompressed 422 8bit.mov","/Users/Shared/AvidMediaComposer/Avid MediaFiles/MXF/1/A02.E69CB589_CE69CCE69C139A.mxf","Listed","060a2b3401010105.01010f1013000000.39c169ce60120690.496646fc807fda72","060a2b3401010105.01010f1013000000.14c169ce60120690.9f4b46fc807fda72",215,false
"Avid DNxUncompressed 422 10bit","zTeßt_720p_23.976","","Audio","00:00:30:13","Track 2: 00:00:30:13",3.2,"PCM","","","48 kHz","16-bit","Media","","","","",2026-08-08 10:29,"A02.E69CB593_CE70CCE70CBA1A.mxf","Avid DNxUncompressed 422 10bit.mov","/Users/Shared/AvidMediaComposer/Avid MediaFiles/MXF/1/A02.E69CB593_CE70CCE70CBA1A.mxf","Listed","060a2b3401010105.01010f1013000000.a1cb70ce60120690.a42c46fc807fda72","060a2b3401010105.01010f1013000000.8ccb70ce60120690.661046fc807fda72",216,false
"Avid DNxUncompressed 422 12bit","zTeßt_720p_23.976","","Audio","00:00:30:13","Track 2: 00:00:30:13",3.2,"PCM","","","48 kHz","16-bit","Media","","","","",2026-08-08 10:29,"A02.E69CB59F_CE79ECE79E432A.mxf","Avid DNxUncompressed 422 12bit.mov","/Users/Shared/AvidMediaComposer/Avid MediaFiles/MXF/1/A02.E69CB59F_CE79ECE79E432A.mxf","Listed","060a2b3401010105.01010f1013000000.32e479ce60120690.4bef46fc807fda72","060a2b3401010105.01010f1013000000.17e479ce60120690.818146fc807fda72",217,false
"Avid DNxUncompressed 422 32bit float","zTeßt_720p_23.976","","Audio","00:00:30:13","Track 2: 00:00:30:13",3.2,"PCM","","","48 kHz","16-bit","Media","","","","",2026-08-08 10:30,"A02.E69CB5AD_CE848CE848601A.mxf","Avid DNxUncompressed 422 32bit float.mov","/Users/Shared/AvidMediaComposer/Avid MediaFiles/MXF/1/A02.E69CB5AD_CE848CE848601A.mxf","Listed","060a2b3401010105.01010f1013000000.018684ce60120690.a66846fc807fda72","060a2b3401010105.01010f1013000000.e58584ce60120690.c51246fc807fda72",218,false
"Avid DNxUncompressed 422 16(2.14)bit","zTeßt_720p_23.976","","Audio","00:00:30:13","Track 2: 00:00:30:13",3.2,"PCM","","","48 kHz","16-bit","Media","","","","",2026-08-08 10:30,"A02.E69CB5C8_CE99ACE99AACBA.mxf","Avid DNxUncompressed 422 16(2.14)bit.mov","/Users/Shared/AvidMediaComposer/Avid MediaFiles/MXF/1/A02.E69CB5C8_CE99ACE99AACBA.mxf","Listed","060a2b3401010105.01010f1013000000.cbaa99ce60120690.a2a446fc807fda72","060a2b3401010105.01010f1013000000.b2aa99ce60120690.f08e46fc807fda72",219,false
"J2K HD","zTeßt_720p_23.976","","Audio","00:00:30:13","Track 2: 00:00:30:13",3.2,"PCM","","","48 kHz","16-bit","Media","","","","",2026-08-08 10:31,"A02.E69CB5F1_CEB88CEB88ADEA.mxf","J2K HD.mov","/Users/Shared/AvidMediaComposer/Avid MediaFiles/MXF/1/A02.E69CB5F1_CEB88CEB88ADEA.mxf","Listed","060a2b3401010105.01010f1013000000.de8ab8ce60120690.23fb46fc807fda72","060a2b3401010105.01010f1013000000.c18ab8ce60120690.43e546fc807fda72",220,false
"Apple ProRes 422 Proxy","zTeßt_NTSC_30i","","Audio","00:00:30:17","Track 2: 00:00:30:17",3.2,"PCM","","","48 kHz","16-bit","Media","","","","",2026-08-08 14:27,"A02.E69CED6E_F8CF2F8CF2252A.mxf","Apple ProRes 422 Proxy.mov","/Users/Shared/AvidMediaComposer/Avid MediaFiles/MXF/1/A02.E69CED6E_F8CF2F8CF2252A.mxf","Listed","060a2b3401010105.01010f1013000000.5222cff860120690.063c46fc807fda72","060a2b3401010105.01010f1013000000.4122cff860120690.2a6346fc807fda72",221,false
"Apple ProRes 422 LT","zTeßt_NTSC_30i","","Audio","00:00:30:17","Track 2: 00:00:30:17",3.2,"PCM","","","48 kHz","16-bit","Media","","","","",2026-08-08 14:28,"A02.E69CED78_F8D71F8D71A29A.mxf","Apple ProRes 422 LT.mov","/Users/Shared/AvidMediaComposer/Avid MediaFiles/MXF/1/A02.E69CED78_F8D71F8D71A29A.mxf","Listed","060a2b3401010105.01010f1013000000.291ad7f860120690.71d346fc807fda72","060a2b3401010105.01010f1013000000.091ad7f860120690.288746fc807fda72",222,false
"Apple ProRes 422","zTeßt_NTSC_30i","","Audio","00:00:30:17","Track 2: 00:00:30:17",3.2,"PCM","","","48 kHz","16-bit","Media","","","","",2026-08-08 14:28,"A02.E69CED83_F8DF1F8DF1DD6A.mxf","Apple ProRes 422.mov","/Users/Shared/AvidMediaComposer/Avid MediaFiles/MXF/1/A02.E69CED83_F8DF1F8DF1DD6A.mxf","Listed","060a2b3401010105.01010f1013000000.d61ddff860120690.eb4a46fc807fda72","060a2b3401010105.01010f1013000000.c51ddff860120690.ca5e46fc807fda72",223,false
"Apple ProRes 422 HQ","zTeßt_NTSC_30i","","Audio","00:00:30:17","Track 2: 00:00:30:17",3.2,"PCM","","","48 kHz","16-bit","Media","","","","",2026-08-08 14:28,"A02.E69CED8C_F8E5DF8E5DD54A.mxf","Apple ProRes 422 HQ.mov","/Users/Shared/AvidMediaComposer/Avid MediaFiles/MXF/1/A02.E69CED8C_F8E5DF8E5DD54A.mxf","Listed","060a2b3401010105.01010f1013000000.54dde5f860120690.b11d46fc807fda72","060a2b3401010105.01010f1013000000.3cdde5f860120690.8c1346fc807fda72",224,false
"H264 800Kps Proxy","zTeßt_NTSC_30i","","Audio","00:00:30:17","Track 2: 00:00:30:17",3.2,"PCM","","","48 kHz","16-bit","Media","","","","",2026-08-08 14:28,"A02.E69CED9A_F8F08F8F08A89A.mxf","H264 800Kps Proxy.mov","/Users/Shared/AvidMediaComposer/Avid MediaFiles/MXF/1/A02.E69CED9A_F8F08F8F08A89A.mxf","Listed","060a2b3401010105.01010f1013000000.898af0f860120690.a3bd46fc807fda72","060a2b3401010105.01010f1013000000.668af0f860120690.5f0746fc807fda72",225,false
"H264 1500Kps Proxy","zTeßt_NTSC_30i","","Audio","00:00:30:17","Track 2: 00:00:30:17",3.2,"PCM","","","48 kHz","16-bit","Media","","","","",2026-08-08 14:29,"A02.E69CEDC5_F9117F91172A2A.mxf","H264 1500Kps Proxy.mov","/Users/Shared/AvidMediaComposer/Avid MediaFiles/MXF/1/A02.E69CEDC5_F9117F91172A2A.mxf","Listed","060a2b3401010105.01010f1013000000.a27211f960120690.459846fc807fda72","060a2b3401010105.01010f1013000000.877211f960120690.c05a46fc807fda72",226,false
"DV 25 411","zTeßt_NTSC_30i","","Audio","00:00:30:17","Track 2: 00:00:30:17",3.2,"PCM","","","48 kHz","16-bit","Media","","","","",2026-08-08 14:29,"A02.E69CEDE2_F926CF926C99CA.mxf","DV 25 411.mov","/Users/Shared/AvidMediaComposer/Avid MediaFiles/MXF/1/A02.E69CEDE2_F926CF926C99CA.mxf","Listed","060a2b3401010105.01010f1013000000.9cc926f960120690.6b7046fc807fda72","060a2b3401010105.01010f1013000000.78c926f960120690.fb5246fc807fda72",227,false
"DV 50","zTeßt_NTSC_30i","","Audio","00:00:30:17","Track 2: 00:00:30:17",3.2,"PCM","","","48 kHz","16-bit","Media","","","","",2026-08-08 14:30,"A02.E69CEDFD_F93B5F93B54B4A.mxf","DV 50.mov","/Users/Shared/AvidMediaComposer/Avid MediaFiles/MXF/1/A02.E69CEDFD_F93B5F93B54B4A.mxf","Listed","060a2b3401010105.01010f1013000000.b4543bf960120690.811946fc807fda72","060a2b3401010105.01010f1013000000.90543bf960120690.36b546fc807fda72",228,false
"J2K SD","zTeßt_NTSC_30i","","Audio","00:00:30:17","Track 2: 00:00:30:17",3.2,"PCM","","","48 kHz","16-bit","Media","","","","",2026-08-08 14:30,"A02.E69CEE14_F94CEF94CEE7FA.mxf","J2K SD.mov","/Users/Shared/AvidMediaComposer/Avid MediaFiles/MXF/1/A02.E69CEE14_F94CEF94CEE7FA.mxf","Listed","060a2b3401010105.01010f1013000000.7fee4cf960120690.fead46fc807fda72","060a2b3401010105.01010f1013000000.5cee4cf960120690.14a946fc807fda72",229,false
"Apple ProRes 422 Proxy","zTeßt_PAL_25p","","Audio","00:00:30:15","Track 2: 00:00:30:15",3.2,"PCM","","","48 kHz","16-bit","Media","","","","",2026-08-08 14:32,"A02.E69CEE60_F9868F98687E4A.mxf","Apple ProRes 422 Proxy.mov","/Users/Shared/AvidMediaComposer/Avid MediaFiles/MXF/1/A02.E69CEE60_F9868F98687E4A.mxf","Listed","060a2b3401010105.01010f1013000000.e48786f960120690.241246fc807fda72","060a2b3401010105.01010f1013000000.d08786f960120690.474646fc807fda72",230,false
"Apple ProRes 422 LT","zTeßt_PAL_25p","","Audio","00:00:30:15","Track 2: 00:00:30:15",3.2,"PCM","","","48 kHz","16-bit","Media","","","","",2026-08-08 14:32,"A02.E69CEE6A_F98E3F98E32D8A.mxf","Apple ProRes 422 LT.mov","/Users/Shared/AvidMediaComposer/Avid MediaFiles/MXF/1/A02.E69CEE6A_F98E3F98E32D8A.mxf","Listed","060a2b3401010105.01010f1013000000.d8328ef960120690.3bc146fc807fda72","060a2b3401010105.01010f1013000000.bb328ef960120690.685446fc807fda72",231,false
"Apple ProRes 422","zTeßt_PAL_25p","","Audio","00:00:30:15","Track 2: 00:00:30:15",3.2,"PCM","","","48 kHz","16-bit","Media","","","","",2026-08-08 14:32,"A02.E69CEE73_F9952F9952B9EA.mxf","Apple ProRes 422.mov","/Users/Shared/AvidMediaComposer/Avid MediaFiles/MXF/1/A02.E69CEE73_F9952F9952B9EA.mxf","Listed","060a2b3401010105.01010f1013000000.9e2b95f960120690.a0e446fc807fda72","060a2b3401010105.01010f1013000000.872b95f960120690.2ec046fc807fda72",232,false
"Apple ProRes 422 HQ","zTeßt_PAL_25p","","Audio","00:00:30:15","Track 2: 00:00:30:15",3.2,"PCM","","","48 kHz","16-bit","Media","","","","",2026-08-08 14:32,"A02.E69CEE7D_F99D0F99D03E7A.mxf","Apple ProRes 422 HQ.mov","/Users/Shared/AvidMediaComposer/Avid MediaFiles/MXF/1/A02.E69CEE7D_F99D0F99D03E7A.mxf","Listed","060a2b3401010105.01010f1013000000.e7039df960120690.7ff246fc807fda72","060a2b3401010105.01010f1013000000.c6039df960120690.7f8446fc807fda72",233,false
"H264 800Kps Proxy","zTeßt_PAL_25p","","Audio","00:00:30:15","Track 2: 00:00:30:15",3.2,"PCM","","","48 kHz","16-bit","Media","","","","",2026-08-08 14:32,"A02.E69CEE8B_F9A77F9A77036A.mxf","H264 800Kps Proxy.mov","/Users/Shared/AvidMediaComposer/Avid MediaFiles/MXF/1/A02.E69CEE8B_F9A77F9A77036A.mxf","Listed","060a2b3401010105.01010f1013000000.3670a7f960120690.1ce746fc807fda72","060a2b3401010105.01010f1013000000.1970a7f960120690.0e9e46fc807fda72",234,false
"J2K SD","zTeßt_PAL_25p","","Audio","00:00:30:15","Track 2: 00:00:30:15",3.2,"PCM","","","48 kHz","16-bit","Media","","","","",2026-08-08 14:32,"A02.E69CEE97_F9B01F9B01A79A.mxf","J2K SD.mov","/Users/Shared/AvidMediaComposer/Avid MediaFiles/MXF/1/A02.E69CEE97_F9B01F9B01A79A.mxf","Listed","060a2b3401010105.01010f1013000000.791ab0f960120690.675846fc807fda72","060a2b3401010105.01010f1013000000.381ab0f960120690.a5a446fc807fda72",235,false
"TONE: 1000 Hz @ -14.0 dB.1","zTeßt_1080i_59.94","","Audio","00:01:00:00","Track 1: 00:01:00:00",8.9,"PCM","","","48 kHz","24-bit","Media","","","","",2026-08-03 16:05,"TONE_100A01.0A24CB17.612550.mxf","","/Users/Shared/AvidMediaComposer/Avid MediaFiles/MXF/1/TONE_100A01.0A24CB17.612550.mxf","Listed","060a2b3401010105.01010f1013000000.17cb240a55120690.3fcd46fc807fda72","060a2b3401010105.01010f1013000000.f6ca240a55120690.3da946fc807fda72",236,false
"TONE: 1000 Hz @ -20.0 dB.2","zTeßt_1080p_23.976","","Audio","00:01:00:00","Track 1: 00:01:00:00",8.9,"PCM","","","48 kHz","24-bit","Media","","","","",2026-08-03 17:55,"TONE_100A01.1DAFE820.612550.mxf","","/Users/Shared/AvidMediaComposer/Avid MediaFiles/MXF/1/TONE_100A01.1DAFE820.612550.mxf","Listed","060a2b3401010105.01010f1013000000.20e8af1d55120690.95b546fc807fda72","060a2b3401010105.01010f1013000000.09e8af1d55120690.f7b746fc807fda72",237,false
"TONE: 1000 Hz @ -14.0 dB.1","zTeßt_720p_23.976","","Audio","00:01:00:00","Track 1: 00:01:00:00",8.9,"PCM","","","48 kHz","24-bit","Media","","","","",2026-08-07 19:19,"TONE_100A01.2CB231BA.612590.mxf","","/Users/Shared/AvidMediaComposer/Avid MediaFiles/MXF/1/TONE_100A01.2CB231BA.612590.mxf","Listed","060a2b3401010105.01010f1013000000.ba31b22c59120690.7b8046fc807fda72","060a2b3401010105.01010f1013000000.a031b22c59120690.ad0f46fc807fda72",238,false
"TONE: 1000 Hz @ -14.0 dB.1","zTeßt_NTSC_30i","","Audio","00:01:00:00","Track 1: 00:01:00:00",8.9,"PCM","","","48 kHz","24-bit","Media","","","","",2026-08-08 14:27,"TONE_100A01.F8C4CFDC.612600.mxf","","/Users/Shared/AvidMediaComposer/Avid MediaFiles/MXF/1/TONE_100A01.F8C4CFDC.612600.mxf","Listed","060a2b3401010105.01010f1013000000.dccfc4f860120690.c5d546fc807fda72","060a2b3401010105.01010f1013000000.d0cfc4f860120690.29e746fc807fda72",239,false
"TONE: 1000 Hz @ -20.0 dB.2","zTeßt_PAL_25p","","Audio","00:01:00:00","Track 1: 00:01:00:00",8.9,"PCM","","","48 kHz","24-bit","Media","","","","",2026-08-08 14:31,"TONE_100A01.F97A04A3.612600.mxf","","/Users/Shared/AvidMediaComposer/Avid MediaFiles/MXF/1/TONE_100A01.F97A04A3.612600.mxf","Listed","060a2b3401010105.01010f1013000000.a3047af960120690.c97346fc807fda72","060a2b3401010105.01010f1013000000.97047af960120690.d25d46fc807fda72",240,false
"Untitled Sequence.05,Video Mixdown,1","zTeßt_1080p_29.97","","Video","00;10;11;28","Track 1: 00;10;11;28",11119.0,"Avid DNx SQ [DNxHD 145]","1920x1080","29.97","","8-bit","Media","","","","",2026-08-09 17:19,"Untitled Sequence.175B1728V.mxf","","/Users/Shared/AvidMediaComposer/Avid MediaFiles/MXF/1/Untitled Sequence.175B1728V.mxf","Listed","060a2b3401010105.01010f1013000000.28175b1761120690.badf46fc807fda72","060a2b3401010105.01010f1013000000.19175b1761120690.1ff746fc807fda72",241,false
"Avid DNx SQ","zTeßt_1080i_59.94","","Video","00:00:30:17","Track 1: 00:00:30:17",556.6,"Avid DNx SQ [DNxHD 145]","1920x1080","29.97","","8-bit","Media","","","","",2026-08-03 16:05,"V01.E6966CE5_A3C580A3C588BV.mxf","Avid DNx SQ.mov","/Users/Shared/AvidMediaComposer/Avid MediaFiles/MXF/1/V01.E6966CE5_A3C580A3C588BV.mxf","Listed","060a2b3401010105.01010f1013000000.8b583c0a55120690.27a746fc807fda72","060a2b3401010105.01010f1013000000.86583c0a55120690.c09946fc807fda72",242,false
"Avid DNx HQ","zTeßt_1080i_59.94","","Video","00:00:30:17","Track 1: 00:00:30:17",841.9,"Avid DNx HQ [DNxHD 220]","1920x1080","29.97","","8-bit","Media","","","","",2026-08-03 16:19,"V01.E6967022_CB0BE0CB0BE6CV.mxf","Avid DNx HQ.mov","/Users/Shared/AvidMediaComposer/Avid MediaFiles/MXF/1/V01.E6967022_CB0BE0CB0BE6CV.mxf","Listed","060a2b3401010105.01010f1013000000.6cbeb00c55120690.0f3846fc807fda72","060a2b3401010105.01010f1013000000.63beb00c55120690.410146fc807fda72",243,false
"Avid DNx HQX","zTeßt_1080i_59.94","","Video","00:00:30:17","Track 1: 00:00:30:17",841.9,"Avid DNx HQX [DNxHD 220x]","1920x1080","29.97","","10-bit","Media","","","","",2026-08-03 16:20,"V01.E6967030_CBBA90CBBA935V.mxf","Avid DNx HQX.mov","/Users/Shared/AvidMediaComposer/Avid MediaFiles/MXF/1/V01.E6967030_CBBA90CBBA935V.mxf","Listed","060a2b3401010105.01010f1013000000.35a9bb0c55120690.d2ab46fc807fda72","060a2b3401010105.01010f1013000000.2da9bb0c55120690.473b46fc807fda72",244,false
"Apple ProRes 422 Proxy","zTeßt_1080i_59.94","","Video","00:00:30:17","Track 1: 00:00:30:17",76.1,"Apple ProRes Proxy","1920x1080","29.97","","10-bit","Media","","","","",2026-08-03 16:26,"V01.E69671C4_DEDE70DEDE787V.mxf","Apple ProRes 422 Proxy.mov","/Users/Shared/AvidMediaComposer/Avid MediaFiles/MXF/1/V01.E69671C4_DEDE70DEDE787V.mxf","Listed","060a2b3401010105.01010f1013000000.87e7ed0d55120690.92f846fc807fda72","060a2b3401010105.01010f1013000000.80e7ed0d55120690.2c6f46fc807fda72",245,false
"Apple ProRes 422 LT","zTeßt_1080i_59.94","","Video","00:00:30:17","Track 1: 00:00:30:17",155.2,"Apple ProRes LT","1920x1080","29.97","","10-bit","Media","","","","",2026-08-03 16:40,"V01.E69674FA_105D6105D63B7V.mxf","Apple ProRes 422 LT.mov","/Users/Shared/AvidMediaComposer/Avid MediaFiles/MXF/1/V01.E69674FA_105D6105D63B7V.mxf","Listed","060a2b3401010105.01010f1013000000.b7635d1055120690.fca446fc807fda72","060a2b3401010105.01010f1013000000.b1635d1055120690.b8a446fc807fda72",246,false
"Apple ProRes 422","zTeßt_1080i_59.94","","Video","00:00:30:17","Track 1: 00:00:30:17",225.8,"Apple ProRes 422","1920x1080","29.97","","10-bit","Media","","","","",2026-08-03 16:45,"V01.E696763D_11529115294D2V.mxf","Apple ProRes 422.mov","/Users/Shared/AvidMediaComposer/Avid MediaFiles/MXF/1/V01.E696763D_11529115294D2V.mxf","Listed","060a2b3401010105.01010f1013000000.d294521155120690.fb8f46fc807fda72","060a2b3401010105.01010f1013000000.ca94521155120690.9b3e46fc807fda72",247,false
"Apple ProRes 422 HQ","zTeßt_1080i_59.94","","Video","00:00:30:17","Track 1: 00:00:30:17",358.6,"Apple ProRes HQ","1920x1080","29.97","","10-bit","Media","","","","",2026-08-03 16:46,"V01.E6967651_11614116145A2V.mxf","Apple ProRes 422 HQ.mov","/Users/Shared/AvidMediaComposer/Avid MediaFiles/MXF/1/V01.E6967651_11614116145A2V.mxf","Listed","060a2b3401010105.01010f1013000000.a245611155120690.3df046fc807fda72","060a2b3401010105.01010f1013000000.9945611155120690.691a46fc807fda72",248,false
"AVC-Intra 100","zTeßt_1080i_59.94","","Video","00:00:30:17","Track 1: 00:00:30:17",434.0,"AVC Intra","1920x1080","29.97","","10-bit","Media","","","","",2026-08-03 16:46,"V01.E6967670_1178C1178C48BV.mxf","AVC-Intra 100.mov","/Users/Shared/AvidMediaComposer/Avid MediaFiles/MXF/1/V01.E6967670_1178C1178C48BV.mxf","Listed","060a2b3401010105.01010f1013000000.8bc4781155120690.c1b246fc807fda72","060a2b3401010105.01010f1013000000.84c4781155120690.661046fc807fda72",249,false
"XAVC HD Intra CBG Class 100","zTeßt_1080i_59.94","","Video","00:00:30:17","Track 1: 00:00:30:17",433.8,"AVC Intra","1920x1080","29.97","","10-bit","Media","","","","",2026-08-03 16:47,"V01.E69676B7_11AF211AF2D58V.mxf","XAVC HD Intra CBG Class 100.mov","/Users/Shared/AvidMediaComposer/Avid MediaFiles/MXF/1/V01.E69676B7_11AF211AF2D58V.mxf","Listed","060a2b3401010105.01010f1013000000.582daf1155120690.453d46fc807fda72","060a2b3401010105.01010f1013000000.4f2daf1155120690.022546fc807fda72",250,false
"XAVC HD Intra CBG Class 200","zTeßt_1080i_59.94","","Video","00:00:30:17","Track 1: 00:00:30:17",874.3,"AVC Intra","1920x1080","29.97","","10-bit","Media","","","","",2026-08-03 17:17,"V01.E6967DC1_1705D1705D0ADV.mxf","XAVC HD Intra CBG Class 200.mov","/Users/Shared/AvidMediaComposer/Avid MediaFiles/MXF/1/V01.E6967DC1_1705D1705D0ADV.mxf","Listed","060a2b3401010105.01010f1013000000.add0051755120690.c52c46fc807fda72","060a2b3401010105.01010f1013000000.9bd0051755120690.a7fa46fc807fda72",251,false
"AVC Long GOP 6","zTeßt_1080i_59.94","","Video","00:00:30:17","Track 1: 00:00:30:17",22.9,"AVC Long GOP","1920x1080","29.97","","8-bit","Media","","","","",2026-08-03 17:19,"V01.E6967E18_174791747975EV.mxf","AVC Long GOP 6.mov","/Users/Shared/AvidMediaComposer/Avid MediaFiles/MXF/1/V01.E6967E18_174791747975EV.mxf","Listed","060a2b3401010105.01010f1013000000.5e97471755120690.2dbe46fc807fda72","060a2b3401010105.01010f1013000000.5297471755120690.ffc446fc807fda72",252,false
"AVC Long GOP 12","zTeßt_1080i_59.94","","Video","00:00:30:17","Track 1: 00:00:30:17",35.3,"AVC Long GOP","1920x1080","29.97","","8-bit","Media","","","","",2026-08-03 17:19,"V01.E6967E2C_1757117571C45V.mxf","AVC Long GOP 12.mov","/Users/Shared/AvidMediaComposer/Avid MediaFiles/MXF/1/V01.E6967E2C_1757117571C45V.mxf","Listed","060a2b3401010105.01010f1013000000.451c571755120690.b0e546fc807fda72","060a2b3401010105.01010f1013000000.3a1c571755120690.e6b046fc807fda72",253,false
"AVC Long GOP 25","zTeßt_1080i_59.94","","Video","00:00:30:17","Track 1: 00:00:30:17",95.7,"AVC Long GOP","1920x1080","29.97","","10-bit","Media","","","","",2026-08-03 17:20,"V01.E6967E51_1772E1772E57CV.mxf","AVC Long GOP 25.mov","/Users/Shared/AvidMediaComposer/Avid MediaFiles/MXF/1/V01.E6967E51_1772E1772E57CV.mxf","Listed","060a2b3401010105.01010f1013000000.7ce5721755120690.b33b46fc807fda72","060a2b3401010105.01010f1013000000.6be5721755120690.5bea46fc807fda72",254,false
"AVC Long GOP 25","zTeßt_1080i_59.94","","Video","00:00:30:17","Track 1: 00:00:30:17",94.6,"AVC Long GOP","1920x1080","29.97","","10-bit","Media","","","","",2026-08-03 17:24,"V01.E6967F59_183B5183B5129V.mxf","AVC Long GOP 25.mov","/Users/Shared/AvidMediaComposer/Avid MediaFiles/MXF/1/V01.E6967F59_183B5183B5129V.mxf","Listed","060a2b3401010105.01010f1013000000.29513b1855120690.e17946fc807fda72","060a2b3401010105.01010f1013000000.18513b1855120690.1cc346fc807fda72",255,false
"AVC Long GOP 50","zTeßt_1080i_59.94","","Video","00:00:30:17","Track 1: 00:00:30:17",176.9,"AVC Long GOP","1920x1080","29.97","","10-bit","Media","","","","",2026-08-03 17:25,"V01.E6967F8B_1860F1860FA6DV.mxf","AVC Long GOP 50.mov","/Users/Shared/AvidMediaComposer/Avid MediaFiles/MXF/1/V01.E6967F8B_1860F1860FA6DV.mxf","Listed","060a2b3401010105.01010f1013000000.6dfa601855120690.7b0d46fc807fda72","060a2b3401010105.01010f1013000000.61fa601855120690.b47546fc807fda72",256,false
"AVC Long GOP 50","zTeßt_1080i_59.94","","Video","00:00:30:17","Track 1: 00:00:30:17",176.9,"AVC Long GOP","1920x1080","29.97","","10-bit","Media","","","","",2026-08-03 17:26,"V01.E6967FA8_18774187744DFV.mxf","AVC Long GOP 50.mov","/Users/Shared/AvidMediaComposer/Avid MediaFiles/MXF/1/V01.E6967FA8_18774187744DFV.mxf","Listed","060a2b3401010105.01010f1013000000.df44771855120690.229646fc807fda72","060a2b3401010105.01010f1013000000.d644771855120690.476646fc807fda72",257,false
"AVC Long GOP 35","zTeßt_1080i_59.94","","Video","00:00:30:17","Track 1: 00:00:30:17",176.9,"AVC Long GOP","1920x1080","29.97","","10-bit","Media","","","","",2026-08-03 17:40,"V01.E69682F2_1AF611AF61D83V.mxf","AVC Long GOP 35.mov","/Users/Shared/AvidMediaComposer/Avid MediaFiles/MXF/1/V01.E69682F2_1AF611AF61D83V.mxf","Listed","060a2b3401010105.01010f1013000000.831df61a55120690.2b2646fc807fda72","060a2b3401010105.01010f1013000000.761df61a55120690.a25c46fc807fda72",258,false
"H264 800Kps Proxy","zTeßt_1080i_59.94","","Video","00:00:30:17","Track 1: 00:00:30:17",3.7,"H.264","480x270","29.97","","8-bit","Media","","","","",2026-08-03 17:41,"V01.E6968361_1B4A21B4A27ECV.mxf","H264 800Kps Proxy.mov","/Users/Shared/AvidMediaComposer/Avid MediaFiles/MXF/1/V01.E6968361_1B4A21B4A27ECV.mxf","Listed","060a2b3401010105.01010f1013000000.ec274a1b55120690.c9ce46fc807fda72","060a2b3401010105.01010f1013000000.e0274a1b55120690.bee246fc807fda72",259,false
"H264 2Mbps Proxy","zTeßt_1080i_59.94","","Video","00:00:30:17","Track 1: 00:00:30:17",3.7,"H.264","480x270","29.97","","8-bit","Media","","","","",2026-08-03 17:42,"V01.E6968378_1B5B61B5B6A96V.mxf","H264 2Mbps Proxy.mov","/Users/Shared/AvidMediaComposer/Avid MediaFiles/MXF/1/V01.E6968378_1B5B61B5B6A96V.mxf","Listed","060a2b3401010105.01010f1013000000.966a5b1b55120690.692346fc807fda72","060a2b3401010105.01010f1013000000.8d6a5b1b55120690.b8fd46fc807fda72",260,false
"XDCAM EX 35","zTeßt_1080i_59.94","","Video","00:00:30:17","Track 1: 00:00:30:17",90.4,"XDCAM EX 35","1920x1080","29.97","","8-bit","Media","","","","",2026-08-03 17:44,"V01.E6968408_1BC8D1BC8D372V.mxf","XDCAM EX 35.mov","/Users/Shared/AvidMediaComposer/Avid MediaFiles/MXF/1/V01.E6968408_1BC8D1BC8D372V.mxf","Listed","060a2b3401010105.01010f1013000000.72d3c81b55120690.e60146fc807fda72","060a2b3401010105.01010f1013000000.61d3c81b55120690.086946fc807fda72",261,false
"XDCAM HD 50","zTeßt_1080i_59.94","","Video","00:00:30:17","Track 1: 00:00:30:17",191.3,"XDCAM HD 50","1920x1080","29.97","","8-bit","Media","","","","",2026-08-03 17:44,"V01.E6968416_1BD321BD3225EV.mxf","XDCAM HD 50.mov","/Users/Shared/AvidMediaComposer/Avid MediaFiles/MXF/1/V01.E6968416_1BD321BD3225EV.mxf","Listed","060a2b3401010105.01010f1013000000.5e22d31b55120690.bf0246fc807fda72","060a2b3401010105.01010f1013000000.5622d31b55120690.b12e46fc807fda72",262,false
"DVCPro HD","zTeßt_1080i_59.94","","Video","00:00:30:17","Track 1: 00:00:30:17",440.8,"DV 1080 60i","1920x1080","29.97","","10-bit","Media","","","","",2026-08-03 17:45,"V01.E696842B_1BE361BE366C3V.mxf","DVCPro HD.mov","/Users/Shared/AvidMediaComposer/Avid MediaFiles/MXF/1/V01.E696842B_1BE361BE366C3V.mxf","Listed","060a2b3401010105.01010f1013000000.c366e31b55120690.636346fc807fda72","060a2b3401010105.01010f1013000000.b266e31b55120690.871b46fc807fda72",263,false
"Avid DNxUncompressed 422 8bit","zTeßt_1080i_59.94","","Video","00:00:30:17","Track 1: 00:00:30:17",3803.6,"Avid DNxUncompressed — 8-bit Integer","1920x1080","29.97","","8-bit","Media","","","","",2026-08-03 17:47,"V01.E69684A9_1C42A1C42A121V.mxf","Avid DNxUncompressed 422 8bit.mov","/Users/Shared/AvidMediaComposer/Avid MediaFiles/MXF/1/V01.E69684A9_1C42A1C42A121V.mxf","Listed","060a2b3401010105.01010f1013000000.21a1421c55120690.c9d946fc807fda72","060a2b3401010105.01010f1013000000.19a1421c55120690.a9bc46fc807fda72",264,false
"Avid DNxUncompressed 422 10bit","zTeßt_1080i_59.94","","Video","00:00:30:17","Track 1: 00:00:30:17",4754.4,"Avid DNxUncompressed — 10-bit Integer","1920x1080","29.97","","10-bit","Media","","","","",2026-08-03 17:47,"V01.E69684C0_1C5401C5406FAV.mxf","Avid DNxUncompressed 422 10bit.mov","/Users/Shared/AvidMediaComposer/Avid MediaFiles/MXF/1/V01.E69684C0_1C5401C5406FAV.mxf","Listed","060a2b3401010105.01010f1013000000.fa06541c55120690.f7b846fc807fda72","060a2b3401010105.01010f1013000000.f006541c55120690.f42a46fc807fda72",265,false
"Avid DNxUncompressed 422 12bit","zTeßt_1080i_59.94","","Video","00:00:30:17","Track 1: 00:00:30:17",5704.9,"Avid DNxUncompressed — 12-bit Integer","1920x1080","29.97","","12-bit","Media","","","","",2026-08-03 17:49,"V01.E696852D_1CA6A1CA6A413V.mxf","Avid DNxUncompressed 422 12bit.mov","/Users/Shared/AvidMediaComposer/Avid MediaFiles/MXF/1/V01.E696852D_1CA6A1CA6A413V.mxf","Listed","060a2b3401010105.01010f1013000000.13a4a61c55120690.661946fc807fda72","060a2b3401010105.01010f1013000000.00a4a61c55120690.eca746fc807fda72",266,false
"Avid DNxUncompressed 422 32bit float","zTeßt_1080i_59.94","","Video","00:00:30:17","Track 1: 00:00:30:17",15212.5,"Avid DNxUncompressed — 32-bit Float","1920x1080","29.97","","32-bit","Media","","","","",2026-08-03 17:50,"V01.E6968554_1CC421CC4282EV.mxf","Avid DNxUncompressed 422 32bit float.mov","/Users/Shared/AvidMediaComposer/Avid MediaFiles/MXF/1/V01.E6968554_1CC421CC4282EV.mxf","Listed","060a2b3401010105.01010f1013000000.2e28c41c55120690.dac246fc807fda72","060a2b3401010105.01010f1013000000.2328c41c55120690.da4c46fc807fda72",267,false
"Avid DNxUncompressed 422 16(2.14)bit","zTeßt_1080i_59.94","","Video","00:00:30:17","Track 1: 00:00:30:17",7606.5,"Avid DNxUncompressed — 16-bit S2.14 fixed point","1920x1080","29.97","","16-bit","Media","","","","",2026-08-03 17:50,"V01.E6968575_1CDDD1CDDD688V.mxf","Avid DNxUncompressed 422 16(2.14)bit.mov","/Users/Shared/AvidMediaComposer/Avid MediaFiles/MXF/1/V01.E6968575_1CDDD1CDDD688V.mxf","Listed","060a2b3401010105.01010f1013000000.88d6dd1c55120690.813746fc807fda72","060a2b3401010105.01010f1013000000.7ed6dd1c55120690.24da46fc807fda72",268,false
"J2K HD","zTeßt_1080i_59.94","","Video","00:00:30:17","Track 1: 00:00:30:17",116.3,"J2K HD","1920x1080","29.97","","10-bit","Media","","","","",2026-08-03 17:52,"V01.E69685CF_1D2171D217E9EV.mxf","J2K HD.mov","/Users/Shared/AvidMediaComposer/Avid MediaFiles/MXF/1/V01.E69685CF_1D2171D217E9EV.mxf","Listed","060a2b3401010105.01010f1013000000.9e7e211d55120690.75ea46fc807fda72","060a2b3401010105.01010f1013000000.8d7e211d55120690.81ea46fc807fda72",269,false
"Avid DNx LB","zTeßt_1080p_23.976","","Video","00:00:30:13","Track 1: 00:00:30:13",138.7,"Avid DNx LB [DNxHD 36]","1920x1080","23.976","","8-bit","Media","","","","",2026-08-03 17:55,"V01.E696869E_1DBEC1DBECCC4V.mxf","Avid DNx LB.mov","/Users/Shared/AvidMediaComposer/Avid MediaFiles/MXF/1/V01.E696869E_1DBEC1DBECCC4V.mxf","Listed","060a2b3401010105.01010f1013000000.c4ccbe1d55120690.096046fc807fda72","060a2b3401010105.01010f1013000000.b5ccbe1d55120690.a4a946fc807fda72",270,false
"Avid DNx SQ","zTeßt_1080p_23.976","","Video","00:00:30:13","Track 1: 00:00:30:13",445.0,"Avid DNx SQ [DNxHD 115]","1920x1080","23.976","","8-bit","Media","","","","",2026-08-03 17:56,"V01.E69686CC_1DE1C1DE1C9FCV.mxf","Avid DNx SQ.mov","/Users/Shared/AvidMediaComposer/Avid MediaFiles/MXF/1/V01.E69686CC_1DE1C1DE1C9FCV.mxf","Listed","060a2b3401010105.01010f1013000000.fcc9e11d55120690.176e46fc807fda72","060a2b3401010105.01010f1013000000.f5c9e11d55120690.83e146fc807fda72",271,false
"Avid DNx HQ","zTeßt_1080p_23.976","","Video","00:00:30:13","Track 1: 00:00:30:13",673.1,"Avid DNx HQ [DNxHD 175]","1920x1080","23.976","","8-bit","Media","","","","",2026-08-03 17:56,"V01.E69686E8_1DF711DF71BC5V.mxf","Avid DNx HQ.mov","/Users/Shared/AvidMediaComposer/Avid MediaFiles/MXF/1/V01.E69686E8_1DF711DF71BC5V.mxf","Listed","060a2b3401010105.01010f1013000000.c51bf71d55120690.3f4046fc807fda72","060a2b3401010105.01010f1013000000.ba1bf71d55120690.241c46fc807fda72",272,false
"Avid DNx HQX","zTeßt_1080p_23.976","","Video","00:00:30:13","Track 1: 00:00:30:13",673.1,"Avid DNx HQX [DNxHD 175x]","1920x1080","23.976","","10-bit","Media","","","","",2026-08-03 18:00,"V01.E69687A8_1E8881E88858CV.mxf","Avid DNx HQX.mov","/Users/Shared/AvidMediaComposer/Avid MediaFiles/MXF/1/V01.E69687A8_1E8881E88858CV.mxf","Listed","060a2b3401010105.01010f1013000000.8c85881e55120690.d23f46fc807fda72","060a2b3401010105.01010f1013000000.8585881e55120690.6af146fc807fda72",273,false
"Apple ProRes 422 Proxy","zTeßt_1080p_23.976","","Video","00:00:30:13","Track 1: 00:00:30:13",51.1,"Apple ProRes Proxy","1920x1080","23.976","","10-bit","Media","","","","",2026-08-03 18:01,"V01.E69687E9_1EB9D1EB9DB98V.mxf","Apple ProRes 422 Proxy.mov","/Users/Shared/AvidMediaComposer/Avid MediaFiles/MXF/1/V01.E69687E9_1EB9D1EB9DB98V.mxf","Listed","060a2b3401010105.01010f1013000000.98dbb91e55120690.4ec846fc807fda72","060a2b3401010105.01010f1013000000.8adbb91e55120690.699646fc807fda72",274,false
"Apple ProRes 422 LT","zTeßt_1080p_23.976","","Video","00:00:30:13","Track 1: 00:00:30:13",99.3,"Apple ProRes LT","1920x1080","23.976","","10-bit","Media","","","","",2026-08-03 18:01,"V01.E69687F6_1EC3D1EC3D7B2V.mxf","Apple ProRes 422 LT.mov","/Users/Shared/AvidMediaComposer/Avid MediaFiles/MXF/1/V01.E69687F6_1EC3D1EC3D7B2V.mxf","Listed","060a2b3401010105.01010f1013000000.b2d7c31e55120690.f37c46fc807fda72","060a2b3401010105.01010f1013000000.a5d7c31e55120690.361d46fc807fda72",275,false
"Apple ProRes 422","zTeßt_1080p_23.976","","Video","00:00:30:13","Track 1: 00:00:30:13",143.2,"Apple ProRes 422","1920x1080","23.976","","10-bit","Media","","","","",2026-08-03 18:01,"V01.E696880C_1ED481ED4834BV.mxf","Apple ProRes 422.mov","/Users/Shared/AvidMediaComposer/Avid MediaFiles/MXF/1/V01.E696880C_1ED481ED4834BV.mxf","Listed","060a2b3401010105.01010f1013000000.4b83d41e55120690.94ff46fc807fda72","060a2b3401010105.01010f1013000000.4483d41e55120690.e64a46fc807fda72",276,false
"Apple ProRes 422 HQ","zTeßt_1080p_23.976","","Video","00:00:30:13","Track 1: 00:00:30:13",226.8,"Apple ProRes HQ","1920x1080","23.976","","10-bit","Media","","","","",2026-08-03 18:02,"V01.E6968823_1EE611EE61A8AV.mxf","Apple ProRes 422 HQ.mov","/Users/Shared/AvidMediaComposer/Avid MediaFiles/MXF/1/V01.E6968823_1EE611EE61A8AV.mxf","Listed","060a2b3401010105.01010f1013000000.8a1ae61e55120690.dae046fc807fda72","060a2b3401010105.01010f1013000000.7a1ae61e55120690.3a9446fc807fda72",277,false
"AVC-Intra 100","zTeßt_1080p_23.976","","Video","00:00:30:13","Track 1: 00:00:30:13",347.0,"AVC Intra","1920x1080","23.976","","10-bit","Media","","","","",2026-08-03 18:02,"V01.E696883A_1EF721EF72BD8V.mxf","AVC-Intra 100.mov","/Users/Shared/AvidMediaComposer/Avid MediaFiles/MXF/1/V01.E696883A_1EF721EF72BD8V.mxf","Listed","060a2b3401010105.01010f1013000000.d82bf71e55120690.462346fc807fda72","060a2b3401010105.01010f1013000000.d12bf71e55120690.d72346fc807fda72",278,false
"XAVC HD Intra CBG Class 100","zTeßt_1080p_23.976","","Video","00:00:30:13","Track 1: 00:00:30:13",346.8,"AVC Intra","1920x1080","23.976","","10-bit","Media","","","","",2026-08-03 18:29,"V01.E6968E6D_23AAC23AAC62AV.mxf","XAVC HD Intra CBG Class 100.mov","/Users/Shared/AvidMediaComposer/Avid MediaFiles/MXF/1/V01.E6968E6D_23AAC23AAC62AV.mxf","Listed","060a2b3401010105.01010f1013000000.2ac6aa2355120690.64de46fc807fda72","060a2b3401010105.01010f1013000000.20c6aa2355120690.dd4246fc807fda72",279,false
"XAVC HD Intra CBG Class 200","zTeßt_1080p_23.976","","Video","00:00:30:13","Track 1: 00:00:30:13",698.9,"AVC Intra","1920x1080","23.976","","10-bit","Media","","","","",2026-08-03 18:29,"V01.E6968E95_23C9C23C9C87AV.mxf","XAVC HD Intra CBG Class 200.mov","/Users/Shared/AvidMediaComposer/Avid MediaFiles/MXF/1/V01.E6968E95_23C9C23C9C87AV.mxf","Listed","060a2b3401010105.01010f1013000000.7ac8c92355120690.9d8b46fc807fda72","060a2b3401010105.01010f1013000000.72c8c92355120690.e74f46fc807fda72",280,false
"AVC-Intra HD 422","zTeßt_1080p_23.976","","Video","00:00:30:13","Track 1: 00:00:30:13",347.0,"AVC Intra","1920x1080","23.976","","10-bit","Media","","","","",2026-08-03 18:30,"V01.E6968EE0_2402924029668V.mxf","AVC-Intra HD 422.mov","/Users/Shared/AvidMediaComposer/Avid MediaFiles/MXF/1/V01.E6968EE0_2402924029668V.mxf","Listed","060a2b3401010105.01010f1013000000.6896022455120690.2bf146fc807fda72","060a2b3401010105.01010f1013000000.6196022455120690.b26646fc807fda72",281,false
"AVC Long GOP 6","zTeßt_1080p_23.976","","Video","00:00:30:13","Track 1: 00:00:30:13",21.0,"AVC Long GOP","1920x1080","23.976","","8-bit","Media","","","","",2026-08-03 18:31,"V01.E6968EF3_2410E2410ECB0V.mxf","AVC Long GOP 6.mov","/Users/Shared/AvidMediaComposer/Avid MediaFiles/MXF/1/V01.E6968EF3_2410E2410ECB0V.mxf","Listed","060a2b3401010105.01010f1013000000.b0ec102455120690.c51a46fc807fda72","060a2b3401010105.01010f1013000000.9dec102455120690.6f1546fc807fda72",282,false
"AVC Long GOP 12","zTeßt_1080p_23.976","","Video","00:00:30:13","Track 1: 00:00:30:13",28.3,"AVC Long GOP","1920x1080","23.976","","8-bit","Media","","","","",2026-08-03 18:32,"V01.E6968F32_244072440782EV.mxf","AVC Long GOP 12.mov","/Users/Shared/AvidMediaComposer/Avid MediaFiles/MXF/1/V01.E6968F32_244072440782EV.mxf","Listed","060a2b3401010105.01010f1013000000.2e78402455120690.cfe946fc807fda72","060a2b3401010105.01010f1013000000.1e78402455120690.fc7546fc807fda72",283,false
"AVC Long GOP 25","zTeßt_1080p_23.976","","Video","00:00:30:13","Track 1: 00:00:30:13",92.3,"AVC Long GOP","1920x1080","23.976","","10-bit","Media","","","","",2026-08-03 18:33,"V01.E6968F80_247B8247B8796V.mxf","AVC Long GOP 25.mov","/Users/Shared/AvidMediaComposer/Avid MediaFiles/MXF/1/V01.E6968F80_247B8247B8796V.mxf","Listed","060a2b3401010105.01010f1013000000.96877b2455120690.20e046fc807fda72","060a2b3401010105.01010f1013000000.82877b2455120690.8c1f46fc807fda72",284,false
"AVC Long GOP 25","zTeßt_1080p_23.976","","Video","00:00:30:13","Track 1: 00:00:30:13",92.2,"AVC Long GOP","1920x1080","23.976","","10-bit","Media","","","","",2026-08-03 18:33,"V01.E6968F92_2489724897CA3V.mxf","AVC Long GOP 25.mov","/Users/Shared/AvidMediaComposer/Avid MediaFiles/MXF/1/V01.E6968F92_2489724897CA3V.mxf","Listed","060a2b3401010105.01010f1013000000.a37c892455120690.f4c546fc807fda72","060a2b3401010105.01010f1013000000.9b7c892455120690.c1bd46fc807fda72",285,false
"AVC Long GOP 50","zTeßt_1080p_23.976","","Video","00:00:30:13","Track 1: 00:00:30:13",125.0,"AVC Long GOP","1920x1080","23.976","","10-bit","Media","","","","",2026-08-03 18:34,"V01.E6968FAA_249BD249BDA15V.mxf","AVC Long GOP 50.mov","/Users/Shared/AvidMediaComposer/Avid MediaFiles/MXF/1/V01.E6968FAA_249BD249BDA15V.mxf","Listed","060a2b3401010105.01010f1013000000.15da9b2455120690.c25146fc807fda72","060a2b3401010105.01010f1013000000.0dda9b2455120690.eea846fc807fda72",286,false
"AVC Long GOP 50","zTeßt_1080p_23.976","","Video","00:00:30:13","Track 1: 00:00:30:13",130.4,"AVC Long GOP","1920x1080","23.976","","10-bit","Media","","","","",2026-08-03 18:35,"V01.E6969008_24E2724E27AB9V.mxf","AVC Long GOP 50.mov","/Users/Shared/AvidMediaComposer/Avid MediaFiles/MXF/1/V01.E6969008_24E2724E27AB9V.mxf","Listed","060a2b3401010105.01010f1013000000.b97ae22455120690.19c246fc807fda72","060a2b3401010105.01010f1013000000.b27ae22455120690.a5aa46fc807fda72",287,false
"AVC Long GOP 35","zTeßt_1080p_23.976","","Video","00:00:30:13","Track 1: 00:00:30:13",124.2,"AVC Long GOP","1920x1080","23.976","","10-bit","Media","","","","",2026-08-03 18:36,"V01.E6969022_24F6E24F6EAE5V.mxf","AVC Long GOP 35.mov","/Users/Shared/AvidMediaComposer/Avid MediaFiles/MXF/1/V01.E6969022_24F6E24F6EAE5V.mxf","Listed","060a2b3401010105.01010f1013000000.e5eaf62455120690.9d1446fc807fda72","060a2b3401010105.01010f1013000000.deeaf62455120690.f1e746fc807fda72",288,false
"H264 800Kps Proxy","zTeßt_1080p_23.976","","Video","00:00:30:13","Track 1: 00:00:30:13",3.7,"H.264","480x270","23.976","","8-bit","Media","","","","",2026-08-03 18:37,"V01.E6969069_252C9252C952BV.mxf","H264 800Kps Proxy.mov","/Users/Shared/AvidMediaComposer/Avid MediaFiles/MXF/1/V01.E6969069_252C9252C952BV.mxf","Listed","060a2b3401010105.01010f1013000000.2b952c2555120690.f6c946fc807fda72","060a2b3401010105.01010f1013000000.22952c2555120690.689b46fc807fda72",289,false
"XDCAM EX 35","zTeßt_1080p_23.976","","Video","00:00:30:13","Track 1: 00:00:30:13",76.0,"XDCAM EX 35","1920x1080","23.976","","8-bit","Media","","","","",2026-08-03 18:37,"V01.E6969077_25373253732E1V.mxf","XDCAM EX 35.mov","/Users/Shared/AvidMediaComposer/Avid MediaFiles/MXF/1/V01.E6969077_25373253732E1V.mxf","Listed","060a2b3401010105.01010f1013000000.e132372555120690.433446fc807fda72","060a2b3401010105.01010f1013000000.cd32372555120690.f0c446fc807fda72",290,false
"XDCAM HD 50","zTeßt_1080p_23.976","","Video","00:00:30:13","Track 1: 00:00:30:13",191.1,"XDCAM HD 50","1920x1080","23.976","","8-bit","Media","","","","",2026-08-03 18:37,"V01.E6969084_254132541343AV.mxf","XDCAM HD 50.mov","/Users/Shared/AvidMediaComposer/Avid MediaFiles/MXF/1/V01.E6969084_254132541343AV.mxf","Listed","060a2b3401010105.01010f1013000000.3a34412555120690.275446fc807fda72","060a2b3401010105.01010f1013000000.3034412555120690.c83346fc807fda72",291,false
"Avid DNxUncompressed 422 8bit","zTeßt_1080p_23.976","","Video","00:00:30:13","Track 1: 00:00:30:13",3040.5,"Avid DNxUncompressed — 8-bit Integer","1920x1080","23.976","","8-bit","Media","","","","",2026-08-03 18:39,"V01.E69690DC_2583A2583A776V.mxf","Avid DNxUncompressed 422 8bit.mov","/Users/Shared/AvidMediaComposer/Avid MediaFiles/MXF/1/V01.E69690DC_2583A2583A776V.mxf","Listed","060a2b3401010105.01010f1013000000.76a7832555120690.96e446fc807fda72","060a2b3401010105.01010f1013000000.6da7832555120690.58c046fc807fda72",292,false
"Avid DNxUncompressed 422 10bit","zTeßt_1080p_23.976","","Video","00:00:30:13","Track 1: 00:00:30:13",3800.6,"Avid DNxUncompressed — 10-bit Integer","1920x1080","23.976","","10-bit","Media","","","","",2026-08-03 18:40,"V01.E6969108_25A5025A50304V.mxf","Avid DNxUncompressed 422 10bit.mov","/Users/Shared/AvidMediaComposer/Avid MediaFiles/MXF/1/V01.E6969108_25A5025A50304V.mxf","Listed","060a2b3401010105.01010f1013000000.0403a52555120690.6ec546fc807fda72","060a2b3401010105.01010f1013000000.f002a52555120690.99c246fc807fda72",293,false
"Avid DNxUncompressed 422 12bit","zTeßt_1080p_23.976","","Video","00:00:30:13","Track 1: 00:00:30:13",4560.4,"Avid DNxUncompressed — 12-bit Integer","1920x1080","23.976","","12-bit","Media","","","","",2026-08-03 18:40,"V01.E6969130_25C3025C30180V.mxf","Avid DNxUncompressed 422 12bit.mov","/Users/Shared/AvidMediaComposer/Avid MediaFiles/MXF/1/V01.E6969130_25C3025C30180V.mxf","Listed","060a2b3401010105.01010f1013000000.8001c32555120690.04df46fc807fda72","060a2b3401010105.01010f1013000000.7801c32555120690.de0746fc807fda72",294,false
"Avid DNxUncompressed 422 32bit float","zTeßt_1080p_23.976","","Video","00:00:30:13","Track 1: 00:00:30:13",12160.1,"Avid DNxUncompressed — 32-bit Float","1920x1080","23.976","","32-bit","Media","","","","",2026-08-03 18:41,"V01.E696913E_25CE525CE52BBV.mxf","Avid DNxUncompressed 422 32bit float.mov","/Users/Shared/AvidMediaComposer/Avid MediaFiles/MXF/1/V01.E696913E_25CE525CE52BBV.mxf","Listed","060a2b3401010105.01010f1013000000.bb52ce2555120690.decb46fc807fda72","060a2b3401010105.01010f1013000000.b252ce2555120690.7f8a46fc807fda72",295,false
"Avid DNxUncompressed 422 16(2.14)bit","zTeßt_1080p_23.976","","Video","00:00:30:13","Track 1: 00:00:30:13",6080.3,"Avid DNxUncompressed — 16-bit S2.14 fixed point","1920x1080","23.976","","16-bit","Media","","","","",2026-08-03 18:41,"V01.E696914C_25D8525D85F6DV.mxf","Avid DNxUncompressed 422 16(2.14)bit.mov","/Users/Shared/AvidMediaComposer/Avid MediaFiles/MXF/1/V01.E696914C_25D8525D85F6DV.mxf","Listed","060a2b3401010105.01010f1013000000.6d5fd82555120690.581646fc807fda72","060a2b3401010105.01010f1013000000.665fd82555120690.b86d46fc807fda72",296,false
"J2K HD","zTeßt_1080p_23.976","","Video","00:00:30:13","Track 1: 00:00:30:13",90.4,"J2K HD","1920x1080","23.976","","10-bit","Media","","","","",2026-08-03 18:41,"V01.E696915A_25E3625E36DC6V.mxf","J2K HD.mov","/Users/Shared/AvidMediaComposer/Avid MediaFiles/MXF/1/V01.E696915A_25E3625E36DC6V.mxf","Listed","060a2b3401010105.01010f1013000000.c66de32555120690.a45b46fc807fda72","060a2b3401010105.01010f1013000000.bd6de32555120690.d3ff46fc807fda72",297,false
"J2K IMF YCrCb","zTeßt_1080p_23.976","","Video","00:00:30:13","Track 1: 00:00:30:13",167.0,"JPEG 2000 IMF","1920x1080","23.976","","10-bit","Media","","","","",2026-08-03 18:41,"V01.E696916A_25EF525EF5BE2V.mxf","J2K IMF YCrCb.mov","/Users/Shared/AvidMediaComposer/Avid MediaFiles/MXF/1/V01.E696916A_25EF525EF5BE2V.mxf","Listed","060a2b3401010105.01010f1013000000.e25bef2555120690.821846fc807fda72","060a2b3401010105.01010f1013000000.d95bef2555120690.d97946fc807fda72",298,false
"Avid DNx LB","zTeßt_1080p_29.97","","Video","00:00:30:17","Track 1: 00:00:30:17",173.4,"Avid DNx LB [DNxHD 45]","1920x1080","29.97","","8-bit","Media","","","","",2026-08-03 18:44,"V01.E696920E_266BF266BF7BCV.mxf","Avid DNx LB.mov","/Users/Shared/AvidMediaComposer/Avid MediaFiles/MXF/1/V01.E696920E_266BF266BF7BCV.mxf","Listed","060a2b3401010105.01010f1013000000.bcf76b2655120690.caff46fc807fda72","060a2b3401010105.01010f1013000000.b4f76b2655120690.c6b546fc807fda72",299,false
"Avid DNx SQ","zTeßt_1080p_29.97","","Video","00:00:30:17","Track 1: 00:00:30:17",556.6,"Avid DNx SQ [DNxHD 145]","1920x1080","29.97","","8-bit","Media","","","","",2026-08-03 18:44,"V01.E6969223_267B8267B8710V.mxf","Avid DNx SQ.mov","/Users/Shared/AvidMediaComposer/Avid MediaFiles/MXF/1/V01.E6969223_267B8267B8710V.mxf","Listed","060a2b3401010105.01010f1013000000.10877b2655120690.ab4346fc807fda72","060a2b3401010105.01010f1013000000.09877b2655120690.114a46fc807fda72",300,false
"Avid DNx HQ","zTeßt_1080p_29.97","","Video","00:00:30:17","Track 1: 00:00:30:17",841.9,"Avid DNx HQ [DNxHD 220]","1920x1080","29.97","","8-bit","Media","","","","",2026-08-03 18:45,"V01.E6969230_2685B2685BD79V.mxf","Avid DNx HQ.mov","/Users/Shared/AvidMediaComposer/Avid MediaFiles/MXF/1/V01.E6969230_2685B2685BD79V.mxf","Listed","060a2b3401010105.01010f1013000000.79bd852655120690.b04d46fc807fda72","060a2b3401010105.01010f1013000000.73bd852655120690.f05c46fc807fda72",301,false
"Avid DNx HQX","zTeßt_1080p_29.97","","Video","00:00:30:17","Track 1: 00:00:30:17",841.9,"Avid DNx HQX [DNxHD 220x]","1920x1080","29.97","","10-bit","Media","","","","",2026-08-03 18:46,"V01.E6969283_26C4226C423C9V.mxf","Avid DNx HQX.mov","/Users/Shared/AvidMediaComposer/Avid MediaFiles/MXF/1/V01.E6969283_26C4226C423C9V.mxf","Listed","060a2b3401010105.01010f1013000000.c923c42655120690.7b1946fc807fda72","060a2b3401010105.01010f1013000000.c323c42655120690.07d246fc807fda72",302,false
"Apple ProRes 422 Proxy","zTeßt_1080p_29.97","","Video","00:00:30:17","Track 1: 00:00:30:17",65.5,"Apple ProRes Proxy","1920x1080","29.97","","10-bit","Media","","","","",2026-08-03 18:47,"V01.E69692B3_26E9326E9358AV.mxf","Apple ProRes 422 Proxy.mov","/Users/Shared/AvidMediaComposer/Avid MediaFiles/MXF/1/V01.E69692B3_26E9326E9358AV.mxf","Listed","060a2b3401010105.01010f1013000000.8a35e92655120690.93fc46fc807fda72","060a2b3401010105.01010f1013000000.8435e92655120690.b11e46fc807fda72",303,false
"Apple ProRes 422 LT","zTeßt_1080p_29.97","","Video","00:00:30:17","Track 1: 00:00:30:17",128.5,"Apple ProRes LT","1920x1080","29.97","","10-bit","Media","","","","",2026-08-03 18:47,"V01.E69692C2_26F3E26F3EFBFV.mxf","Apple ProRes 422 LT.mov","/Users/Shared/AvidMediaComposer/Avid MediaFiles/MXF/1/V01.E69692C2_26F3E26F3EFBFV.mxf","Listed","060a2b3401010105.01010f1013000000.bfeff32655120690.60f746fc807fda72","060a2b3401010105.01010f1013000000.b8eff32655120690.08b746fc807fda72",304,false
"Apple ProRes 422","zTeßt_1080p_29.97","","Video","00:00:30:17","Track 1: 00:00:30:17",186.7,"Apple ProRes 422","1920x1080","29.97","","10-bit","Media","","","","",2026-08-03 18:47,"V01.E69692CD_26FCC26FCCAADV.mxf","Apple ProRes 422.mov","/Users/Shared/AvidMediaComposer/Avid MediaFiles/MXF/1/V01.E69692CD_26FCC26FCCAADV.mxf","Listed","060a2b3401010105.01010f1013000000.adcafc2655120690.04de46fc807fda72","060a2b3401010105.01010f1013000000.a7cafc2655120690.84e246fc807fda72",305,false
"Apple ProRes 422 HQ","zTeßt_1080p_29.97","","Video","00:00:30:17","Track 1: 00:00:30:17",298.2,"Apple ProRes HQ","1920x1080","29.97","","10-bit","Media","","","","",2026-08-03 18:47,"V01.E69692DA_2706B2706B01DV.mxf","Apple ProRes 422 HQ.mov","/Users/Shared/AvidMediaComposer/Avid MediaFiles/MXF/1/V01.E69692DA_2706B2706B01DV.mxf","Listed","060a2b3401010105.01010f1013000000.1db0062755120690.f66f46fc807fda72","060a2b3401010105.01010f1013000000.17b0062755120690.263b46fc807fda72",306,false
"AVC-Intra 100","zTeßt_1080p_29.97","","Video","00:00:30:17","Track 1: 00:00:30:17",434.0,"AVC Intra","1920x1080","29.97","","10-bit","Media","","","","",2026-08-03 18:48,"V01.E69692EB_2713A2713A156V.mxf","AVC-Intra 100.mov","/Users/Shared/AvidMediaComposer/Avid MediaFiles/MXF/1/V01.E69692EB_2713A2713A156V.mxf","Listed","060a2b3401010105.01010f1013000000.56a1132755120690.aeec46fc807fda72","060a2b3401010105.01010f1013000000.50a1132755120690.d79846fc807fda72",307,false
"XAVC HD Intra CBG Class 100","zTeßt_1080p_29.97","","Video","00:00:30:17","Track 1: 00:00:30:17",433.8,"AVC Intra","1920x1080","29.97","","10-bit","Media","","","","",2026-08-03 18:48,"V01.E6969301_2723B2723B4F1V.mxf","XAVC HD Intra CBG Class 100.mov","/Users/Shared/AvidMediaComposer/Avid MediaFiles/MXF/1/V01.E6969301_2723B2723B4F1V.mxf","Listed","060a2b3401010105.01010f1013000000.f1b4232755120690.da2946fc807fda72","060a2b3401010105.01010f1013000000.e7b4232755120690.9d3746fc807fda72",308,false
"XAVC HD Intra CBG Class 200","zTeßt_1080p_29.97","","Video","00:00:30:17","Track 1: 00:00:30:17",874.3,"AVC Intra","1920x1080","29.97","","10-bit","Media","","","","",2026-08-03 18:48,"V01.E6969317_2734A2734AEBEV.mxf","XAVC HD Intra CBG Class 200.mov","/Users/Shared/AvidMediaComposer/Avid MediaFiles/MXF/1/V01.E6969317_2734A2734AEBEV.mxf","Listed","060a2b3401010105.01010f1013000000.beae342755120690.7ecc46fc807fda72","060a2b3401010105.01010f1013000000.b6ae342755120690.0fc246fc807fda72",309,false
"AVC-Intra HD 422","zTeßt_1080p_29.97","","Video","00:00:30:17","Track 1: 00:00:30:17",434.0,"AVC Intra","1920x1080","29.97","","10-bit","Media","","","","",2026-08-03 18:49,"V01.E696932B_2743E2743E714V.mxf","AVC-Intra HD 422.mov","/Users/Shared/AvidMediaComposer/Avid MediaFiles/MXF/1/V01.E696932B_2743E2743E714V.mxf","Listed","060a2b3401010105.01010f1013000000.14e7432755120690.448e46fc807fda72","060a2b3401010105.01010f1013000000.0ee7432755120690.74f346fc807fda72",310,false
"AVC Long GOP 6","zTeßt_1080p_29.97","","Video","00:00:30:17","Track 1: 00:00:30:17",22.5,"AVC Long GOP","1920x1080","29.97","","8-bit","Media","","","","",2026-08-03 18:49,"V01.E696933E_27529275294A1V.mxf","AVC Long GOP 6.mov","/Users/Shared/AvidMediaComposer/Avid MediaFiles/MXF/1/V01.E696933E_27529275294A1V.mxf","Listed","060a2b3401010105.01010f1013000000.a194522755120690.315346fc807fda72","060a2b3401010105.01010f1013000000.9794522755120690.694546fc807fda72",311,false
"AVC Long GOP 12","zTeßt_1080p_29.97","","Video","00:00:30:17","Track 1: 00:00:30:17",31.0,"AVC Long GOP","1920x1080","29.97","","8-bit","Media","","","","",2026-08-07 17:25,"V01.E69BC5A1_1871E1871E408V.mxf","AVC Long GOP 12.mov","/Users/Shared/AvidMediaComposer/Avid MediaFiles/MXF/1/V01.E69BC5A1_1871E1871E408V.mxf","Listed","060a2b3401010105.01010f1013000000.08e4711859120690.cd6646fc807fda72","060a2b3401010105.01010f1013000000.d6e3711859120690.249a46fc807fda72",312,false
"AVC Long GOP 25","zTeßt_1080p_29.97","","Video","00:00:30:17","Track 1: 00:00:30:17",93.7,"AVC Long GOP","1920x1080","29.97","","10-bit","Media","","","","",2026-08-07 17:26,"V01.E69BC5BF_1888B1888B724V.mxf","AVC Long GOP 25.mov","/Users/Shared/AvidMediaComposer/Avid MediaFiles/MXF/1/V01.E69BC5BF_1888B1888B724V.mxf","Listed","060a2b3401010105.01010f1013000000.24b7881859120690.dde346fc807fda72","060a2b3401010105.01010f1013000000.14b7881859120690.7a5f46fc807fda72",313,false
"AVC Long GOP 25","zTeßt_1080p_29.97","","Video","00:00:30:17","Track 1: 00:00:30:17",92.9,"AVC Long GOP","1920x1080","29.97","","10-bit","Media","","","","",2026-08-07 17:27,"V01.E69BC5EC_18AAC18AACC9BV.mxf","AVC Long GOP 25.mov","/Users/Shared/AvidMediaComposer/Avid MediaFiles/MXF/1/V01.E69BC5EC_18AAC18AACC9BV.mxf","Listed","060a2b3401010105.01010f1013000000.9bccaa1859120690.2bcf46fc807fda72","060a2b3401010105.01010f1013000000.93ccaa1859120690.b41d46fc807fda72",314,false
"AVC Long GOP 35","zTeßt_1080p_29.97","","Video","00:00:30:17","Track 1: 00:00:30:17",92.9,"AVC Long GOP","1920x1080","29.97","","10-bit","Media","","","","",2026-08-07 17:28,"V01.E69BC650_18F6518F650A2V.mxf","AVC Long GOP 35.mov","/Users/Shared/AvidMediaComposer/Avid MediaFiles/MXF/1/V01.E69BC650_18F6518F650A2V.mxf","Listed","060a2b3401010105.01010f1013000000.a250f61859120690.d1ee46fc807fda72","060a2b3401010105.01010f1013000000.9c50f61859120690.2db146fc807fda72",315,false
"AVC Long GOP 50","zTeßt_1080p_29.97","","Video","00:00:30:17","Track 1: 00:00:30:17",155.3,"AVC Long GOP","1920x1080","29.97","","10-bit","Media","","","","",2026-08-07 17:29,"V01.E69BC67F_191A8191A8458V.mxf","AVC Long GOP 50.mov","/Users/Shared/AvidMediaComposer/Avid MediaFiles/MXF/1/V01.E69BC67F_191A8191A8458V.mxf","Listed","060a2b3401010105.01010f1013000000.58841a1959120690.dd3146fc807fda72","060a2b3401010105.01010f1013000000.48841a1959120690.42c646fc807fda72",316,false
"AVC Long GOP 50","zTeßt_1080p_29.97","","Video","00:00:30:17","Track 1: 00:00:30:17",160.8,"AVC Long GOP","1920x1080","29.97","","10-bit","Media","","","","",2026-08-07 17:29,"V01.E69BC695_192B1192B1A8FV.mxf","AVC Long GOP 50.mov","/Users/Shared/AvidMediaComposer/Avid MediaFiles/MXF/1/V01.E69BC695_192B1192B1A8FV.mxf","Listed","060a2b3401010105.01010f1013000000.8f1a2b1959120690.f49946fc807fda72","060a2b3401010105.01010f1013000000.871a2b1959120690.feb446fc807fda72",317,false
"H264 800Kps Proxy","zTeßt_1080p_29.97","","Video","00:00:30:17","Track 1: 00:00:30:17",3.7,"H.264","480x270","29.97","","8-bit","Media","","","","",2026-08-07 17:30,"V01.E69BC6C3_194DA194DA6F9V.mxf","H264 800Kps Proxy.mov","/Users/Shared/AvidMediaComposer/Avid MediaFiles/MXF/1/V01.E69BC6C3_194DA194DA6F9V.mxf","Listed","060a2b3401010105.01010f1013000000.f9a64d1959120690.002946fc807fda72","060a2b3401010105.01010f1013000000.e8a64d1959120690.401246fc807fda72",318,false
"XDCAM EX 35","zTeßt_1080p_29.97","","Video","00:00:30:17","Track 1: 00:00:30:17",87.2,"XDCAM EX 35","1920x1080","29.97","","8-bit","Media","","","","",2026-08-07 17:33,"V01.E69BC74F_19B8319B835BBV.mxf","XDCAM EX 35.mov","/Users/Shared/AvidMediaComposer/Avid MediaFiles/MXF/1/V01.E69BC74F_19B8319B835BBV.mxf","Listed","060a2b3401010105.01010f1013000000.bb35b81959120690.2dba46fc807fda72","060a2b3401010105.01010f1013000000.b235b81959120690.e79b46fc807fda72",319,false
"XDCAM HD 50","zTeßt_1080p_29.97","","Video","00:00:30:17","Track 1: 00:00:30:17",191.3,"XDCAM HD 50","1920x1080","29.97","","8-bit","Media","","","","",2026-08-07 17:33,"V01.E69BC76B_19CD019CD06FDV.mxf","XDCAM HD 50.mov","/Users/Shared/AvidMediaComposer/Avid MediaFiles/MXF/1/V01.E69BC76B_19CD019CD06FDV.mxf","Listed","060a2b3401010105.01010f1013000000.fd06cd1959120690.5a1846fc807fda72","060a2b3401010105.01010f1013000000.f606cd1959120690.a51846fc807fda72",320,false
"Avid DNxUncompressed 422 8bit","zTeßt_1080p_29.97","","Video","00:00:30:17","Track 1: 00:00:30:17",3803.6,"Avid DNxUncompressed — 8-bit Integer","1920x1080","29.97","","8-bit","Media","","","","",2026-08-07 17:38,"V01.E69BC87E_1A9D71A9D7741V.mxf","Avid DNxUncompressed 422 8bit.mov","/Users/Shared/AvidMediaComposer/Avid MediaFiles/MXF/1/V01.E69BC87E_1A9D71A9D7741V.mxf","Listed","060a2b3401010105.01010f1013000000.41779d1a59120690.72e646fc807fda72","060a2b3401010105.01010f1013000000.3a779d1a59120690.831246fc807fda72",321,false
"Avid DNxUncompressed 422 10bit","zTeßt_1080p_29.97","","Video","00:00:30:17","Track 1: 00:00:30:17",4754.4,"Avid DNxUncompressed — 10-bit Integer","1920x1080","29.97","","10-bit","Media","","","","",2026-08-07 17:38,"V01.E69BC88F_1AAAD1AAADC94V.mxf","Avid DNxUncompressed 422 10bit.mov","/Users/Shared/AvidMediaComposer/Avid MediaFiles/MXF/1/V01.E69BC88F_1AAAD1AAADC94V.mxf","Listed","060a2b3401010105.01010f1013000000.94dcaa1a59120690.67e646fc807fda72","060a2b3401010105.01010f1013000000.8ddcaa1a59120690.636046fc807fda72",322,false
"Avid DNxUncompressed 422 12bit","zTeßt_1080p_29.97","","Video","00:00:30:17","Track 1: 00:00:30:17",5704.9,"Avid DNxUncompressed — 12-bit Integer","1920x1080","29.97","","12-bit","Media","","","","",2026-08-07 17:38,"V01.E69BC8A8_1ABDD1ABDD59BV.mxf","Avid DNxUncompressed 422 12bit.mov","/Users/Shared/AvidMediaComposer/Avid MediaFiles/MXF/1/V01.E69BC8A8_1ABDD1ABDD59BV.mxf","Listed","060a2b3401010105.01010f1013000000.9bd5bd1a59120690.f22346fc807fda72","060a2b3401010105.01010f1013000000.8fd5bd1a59120690.1dea46fc807fda72",323,false
"Avid DNxUncompressed 422 32bit float","zTeßt_1080p_29.97","","Video","00:00:30:17","Track 1: 00:00:30:17",15212.5,"Avid DNxUncompressed — 32-bit Float","1920x1080","29.97","","32-bit","Media","","","","",2026-08-07 17:41,"V01.E69BC935_1B2851B28565FV.mxf","Avid DNxUncompressed 422 32bit float.mov","/Users/Shared/AvidMediaComposer/Avid MediaFiles/MXF/1/V01.E69BC935_1B2851B28565FV.mxf","Listed","060a2b3401010105.01010f1013000000.5f56281b59120690.d40b46fc807fda72","060a2b3401010105.01010f1013000000.5856281b59120690.29fc46fc807fda72",324,false
"Avid DNxUncompressed 422 16(2.14)bit","zTeßt_1080p_29.97","","Video","00:00:30:17","Track 1: 00:00:30:17",7606.5,"Avid DNxUncompressed — 16-bit S2.14 fixed point","1920x1080","29.97","","16-bit","Media","","","","",2026-08-07 17:41,"V01.E69BC94B_1B3911B391742V.mxf","Avid DNxUncompressed 422 16(2.14)bit.mov","/Users/Shared/AvidMediaComposer/Avid MediaFiles/MXF/1/V01.E69BC94B_1B3911B391742V.mxf","Listed","060a2b3401010105.01010f1013000000.4217391b59120690.d13546fc807fda72","060a2b3401010105.01010f1013000000.3a17391b59120690.7f1d46fc807fda72",325,false
"J2K HD","zTeßt_1080p_29.97","","Video","00:00:30:17","Track 1: 00:00:30:17",121.1,"J2K HD","1920x1080","29.97","","10-bit","Media","","","","",2026-08-07 17:42,"V01.E69BC980_1B6141B614459V.mxf","J2K HD.mov","/Users/Shared/AvidMediaComposer/Avid MediaFiles/MXF/1/V01.E69BC980_1B6141B614459V.mxf","Listed","060a2b3401010105.01010f1013000000.5944611b59120690.97fb46fc807fda72","060a2b3401010105.01010f1013000000.5244611b59120690.9ddf46fc807fda72",326,false
"J2K IMF YCrCb","zTeßt_1080p_29.97","","Video","00:00:30:17","Track 1: 00:00:30:17",221.5,"JPEG 2000 IMF","1920x1080","29.97","","10-bit","Media","","","","",2026-08-07 17:42,"V01.E69BC990_1B6DA1B6DA017V.mxf","J2K IMF YCrCb.mov","/Users/Shared/AvidMediaComposer/Avid MediaFiles/MXF/1/V01.E69BC990_1B6DA1B6DA017V.mxf","Listed","060a2b3401010105.01010f1013000000.17a06d1b59120690.0f9f46fc807fda72","060a2b3401010105.01010f1013000000.0fa06d1b59120690.871746fc807fda72",327,false
"Avid DNx SQ","zTeßt_720p_23.976","","Video","00:00:30:13","Track 1: 00:00:30:13",222.8,"Avid DNx SQ [DNxHD 60]","1280x720","23.976","","8-bit","Media","","","","",2026-08-07 19:20,"V01.E69BE077_2CCCF2CCCFC4CV.mxf","Avid DNx SQ.mov","/Users/Shared/AvidMediaComposer/Avid MediaFiles/MXF/1/V01.E69BE077_2CCCF2CCCFC4CV.mxf","Listed","060a2b3401010105.01010f1013000000.4cfccc2c59120690.5d0c46fc807fda72","060a2b3401010105.01010f1013000000.46fccc2c59120690.698c46fc807fda72",328,false
"Avid DNx HQ","zTeßt_720p_23.976","","Video","00:00:30:13","Track 1: 00:00:30:13",336.9,"Avid DNx HQ [DNxHD 90]","1280x720","23.976","","8-bit","Media","","","","",2026-08-07 19:56,"V01.E69BE8DD_332B7332B72BEV.mxf","Avid DNx HQ.mov","/Users/Shared/AvidMediaComposer/Avid MediaFiles/MXF/1/V01.E69BE8DD_332B7332B72BEV.mxf","Listed","060a2b3401010105.01010f1013000000.be722b3359120690.734746fc807fda72","060a2b3401010105.01010f1013000000.b3722b3359120690.32b146fc807fda72",329,false
"Avid DNx HQX","zTeßt_720p_23.976","","Video","00:00:30:13","Track 1: 00:00:30:13",336.9,"Avid DNx HQX [DNxHD 90x]","1280x720","23.976","","10-bit","Media","","","","",2026-08-07 19:56,"V01.E69BE8F5_333DD333DD876V.mxf","Avid DNx HQX.mov","/Users/Shared/AvidMediaComposer/Avid MediaFiles/MXF/1/V01.E69BE8F5_333DD333DD876V.mxf","Listed","060a2b3401010105.01010f1013000000.76d83d3359120690.159546fc807fda72","060a2b3401010105.01010f1013000000.6ad83d3359120690.b27d46fc807fda72",330,false
"Apple ProRes 422 Proxy","zTeßt_720p_23.976","","Video","00:00:30:13","Track 1: 00:00:30:13",29.9,"Apple ProRes Proxy","1280x720","23.976","","10-bit","Media","","","","",2026-08-07 19:56,"V01.E69BE901_3347233472095V.mxf","Apple ProRes 422 Proxy.mov","/Users/Shared/AvidMediaComposer/Avid MediaFiles/MXF/1/V01.E69BE901_3347233472095V.mxf","Listed","060a2b3401010105.01010f1013000000.9520473359120690.9c7d46fc807fda72","060a2b3401010105.01010f1013000000.8e20473359120690.37f446fc807fda72",331,false
"Apple ProRes 422 LT","zTeßt_720p_23.976","","Video","00:00:30:13","Track 1: 00:00:30:13",63.6,"Apple ProRes LT","1280x720","23.976","","10-bit","Media","","","","",2026-08-08 10:08,"V01.E69CB087_CA9EBCA9EB008V.mxf","Apple ProRes 422 LT.mov","/Users/Shared/AvidMediaComposer/Avid MediaFiles/MXF/1/V01.E69CB087_CA9EBCA9EB008V.mxf","Listed","060a2b3401010105.01010f1013000000.08b09eca60120690.495046fc807fda72","060a2b3401010105.01010f1013000000.f8af9eca60120690.da2046fc807fda72",332,false
"Apple ProRes 422","zTeßt_720p_23.976","","Video","00:00:30:13","Track 1: 00:00:30:13",96.9,"Apple ProRes 422","1280x720","23.976","","10-bit","Media","","","","",2026-08-08 10:08,"V01.E69CB09B_CAADDCAADD7CBV.mxf","Apple ProRes 422.mov","/Users/Shared/AvidMediaComposer/Avid MediaFiles/MXF/1/V01.E69CB09B_CAADDCAADD7CBV.mxf","Listed","060a2b3401010105.01010f1013000000.cbd7adca60120690.8e5146fc807fda72","060a2b3401010105.01010f1013000000.c2d7adca60120690.3ab846fc807fda72",333,false
"Apple ProRes 422 HQ","zTeßt_720p_23.976","","Video","00:00:30:13","Track 1: 00:00:30:13",164.0,"Apple ProRes HQ","1280x720","23.976","","10-bit","Media","","","","",2026-08-08 10:12,"V01.E69CB190_CB673CB673FE8V.mxf","Apple ProRes 422 HQ.mov","/Users/Shared/AvidMediaComposer/Avid MediaFiles/MXF/1/V01.E69CB190_CB673CB673FE8V.mxf","Listed","060a2b3401010105.01010f1013000000.e83f67cb60120690.79ec46fc807fda72","060a2b3401010105.01010f1013000000.e23f67cb60120690.2de246fc807fda72",334,false
"AVC-Intra 100","zTeßt_720p_23.976","","Video","00:00:30:13","Track 1: 00:00:30:13",174.1,"AVC Intra","1280x720","23.976","","10-bit","Media","","","","",2026-08-08 10:12,"V01.E69CB19C_CB708CB708DF5V.mxf","AVC-Intra 100.mov","/Users/Shared/AvidMediaComposer/Avid MediaFiles/MXF/1/V01.E69CB19C_CB708CB708DF5V.mxf","Listed","060a2b3401010105.01010f1013000000.f58d70cb60120690.5e7846fc807fda72","060a2b3401010105.01010f1013000000.ef8d70cb60120690.93b046fc807fda72",335,false
"H264 800Kps Proxy","zTeßt_720p_23.976","","Video","00:00:30:13","Track 1: 00:00:30:13",3.7,"H.264","320x180","23.976","","8-bit","Media","","","","",2026-08-08 10:12,"V01.E69CB1AA_CB7B1CB7B19CFV.mxf","H264 800Kps Proxy.mov","/Users/Shared/AvidMediaComposer/Avid MediaFiles/MXF/1/V01.E69CB1AA_CB7B1CB7B19CFV.mxf","Listed","060a2b3401010105.01010f1013000000.cf197bcb60120690.876f46fc807fda72","060a2b3401010105.01010f1013000000.c8197bcb60120690.52c646fc807fda72",336,false
"XDCAM EX 35","zTeßt_720p_23.976","","Video","00:00:30:13","Track 1: 00:00:30:13",45.1,"XDCAM EX 35","1280x720","23.976","","8-bit","Media","","","","",2026-08-08 10:29,"V01.E69CB573_CE5A0CE5A0628V.mxf","XDCAM EX 35.mov","/Users/Shared/AvidMediaComposer/Avid MediaFiles/MXF/1/V01.E69CB573_CE5A0CE5A0628V.mxf","Listed","060a2b3401010105.01010f1013000000.28065ace60120690.7ddc46fc807fda72","060a2b3401010105.01010f1013000000.22065ace60120690.c7c246fc807fda72",337,false
"XDCAM HD 50","zTeßt_720p_23.976","","Video","00:00:30:13","Track 1: 00:00:30:13",191.1,"XDCAM HD 50","1280x720","23.976","","8-bit","Media","","","","",2026-08-08 10:29,"V01.E69CB57C_CE619CE619171V.mxf","XDCAM HD 50.mov","/Users/Shared/AvidMediaComposer/Avid MediaFiles/MXF/1/V01.E69CB57C_CE619CE619171V.mxf","Listed","060a2b3401010105.01010f1013000000.719161ce60120690.a31c46fc807fda72","060a2b3401010105.01010f1013000000.6a9161ce60120690.aab246fc807fda72",338,false
"Avid DNxUncompressed 422 8bit","zTeßt_720p_23.976","","Video","00:00:30:13","Track 1: 00:00:30:13",1351.8,"Avid DNxUncompressed — 8-bit Integer","1280x720","23.976","","8-bit","Media","","","","",2026-08-08 10:29,"V01.E69CB587_CE69CCE69C11EV.mxf","Avid DNxUncompressed 422 8bit.mov","/Users/Shared/AvidMediaComposer/Avid MediaFiles/MXF/1/V01.E69CB587_CE69CCE69C11EV.mxf","Listed","060a2b3401010105.01010f1013000000.1ec169ce60120690.b9ca46fc807fda72","060a2b3401010105.01010f1013000000.14c169ce60120690.9f4b46fc807fda72",339,false
"Avid DNxUncompressed 422 10bit","zTeßt_720p_23.976","","Video","00:00:30:13","Track 1: 00:00:30:13",1689.6,"Avid DNxUncompressed — 10-bit Integer","1280x720","23.976","","10-bit","Media","","","","",2026-08-08 10:29,"V01.E69CB591_CE70CCE70CB91V.mxf","Avid DNxUncompressed 422 10bit.mov","/Users/Shared/AvidMediaComposer/Avid MediaFiles/MXF/1/V01.E69CB591_CE70CCE70CB91V.mxf","Listed","060a2b3401010105.01010f1013000000.91cb70ce60120690.925146fc807fda72","060a2b3401010105.01010f1013000000.8ccb70ce60120690.661046fc807fda72",340,false
"Avid DNxUncompressed 422 12bit","zTeßt_720p_23.976","","Video","00:00:30:13","Track 1: 00:00:30:13",2027.0,"Avid DNxUncompressed — 12-bit Integer","1280x720","23.976","","12-bit","Media","","","","",2026-08-08 10:29,"V01.E69CB59D_CE79ECE79E421V.mxf","Avid DNxUncompressed 422 12bit.mov","/Users/Shared/AvidMediaComposer/Avid MediaFiles/MXF/1/V01.E69CB59D_CE79ECE79E421V.mxf","Listed","060a2b3401010105.01010f1013000000.21e479ce60120690.d56346fc807fda72","060a2b3401010105.01010f1013000000.17e479ce60120690.818146fc807fda72",341,false
"Avid DNxUncompressed 422 32bit float","zTeßt_720p_23.976","","Video","00:00:30:13","Track 1: 00:00:30:13",5404.8,"Avid DNxUncompressed — 32-bit Float","1280x720","23.976","","32-bit","Media","","","","",2026-08-08 10:30,"V01.E69CB5AB_CE848CE8485EDV.mxf","Avid DNxUncompressed 422 32bit float.mov","/Users/Shared/AvidMediaComposer/Avid MediaFiles/MXF/1/V01.E69CB5AB_CE848CE8485EDV.mxf","Listed","060a2b3401010105.01010f1013000000.ed8584ce60120690.756a46fc807fda72","060a2b3401010105.01010f1013000000.e58584ce60120690.c51246fc807fda72",342,false
"Avid DNxUncompressed 422 16(2.14)bit","zTeßt_720p_23.976","","Video","00:00:30:13","Track 1: 00:00:30:13",2702.7,"Avid DNxUncompressed — 16-bit S2.14 fixed point","1280x720","23.976","","16-bit","Media","","","","",2026-08-08 10:30,"V01.E69CB5C6_CE99ACE99AABAV.mxf","Avid DNxUncompressed 422 16(2.14)bit.mov","/Users/Shared/AvidMediaComposer/Avid MediaFiles/MXF/1/V01.E69CB5C6_CE99ACE99AABAV.mxf","Listed","060a2b3401010105.01010f1013000000.baaa99ce60120690.3c1346fc807fda72","060a2b3401010105.01010f1013000000.b2aa99ce60120690.f08e46fc807fda72",343,false
"J2K HD","zTeßt_720p_23.976","","Video","00:00:30:13","Track 1: 00:00:30:13",81.6,"J2K HD","1280x720","23.976","","10-bit","Media","","","","",2026-08-08 10:31,"V01.E69CB5EF_CEB88CEB88AC8V.mxf","J2K HD.mov","/Users/Shared/AvidMediaComposer/Avid MediaFiles/MXF/1/V01.E69CB5EF_CEB88CEB88AC8V.mxf","Listed","060a2b3401010105.01010f1013000000.c88ab8ce60120690.c29446fc807fda72","060a2b3401010105.01010f1013000000.c18ab8ce60120690.43e546fc807fda72",344,false
"Apple ProRes 422 Proxy","zTeßt_NTSC_30i","","Video","00:00:30:17","Track 1: 00:00:30:17",21.5,"Apple ProRes Proxy","720x486","29.97","","10-bit","Media","","","","",2026-08-08 14:27,"V01.E69CED6C_F8CF2F8CF2246V.mxf","Apple ProRes 422 Proxy.mov","/Users/Shared/AvidMediaComposer/Avid MediaFiles/MXF/1/V01.E69CED6C_F8CF2F8CF2246V.mxf","Listed","060a2b3401010105.01010f1013000000.4622cff860120690.cbfd46fc807fda72","060a2b3401010105.01010f1013000000.4122cff860120690.2a6346fc807fda72",345,false
"Apple ProRes 422 LT","zTeßt_NTSC_30i","","Video","00:00:30:17","Track 1: 00:00:30:17",45.2,"Apple ProRes LT","720x486","29.97","","10-bit","Media","","","","",2026-08-08 14:28,"V01.E69CED76_F8D71F8D71A10V.mxf","Apple ProRes 422 LT.mov","/Users/Shared/AvidMediaComposer/Avid MediaFiles/MXF/1/V01.E69CED76_F8D71F8D71A10V.mxf","Listed","060a2b3401010105.01010f1013000000.101ad7f860120690.743146fc807fda72","060a2b3401010105.01010f1013000000.091ad7f860120690.288746fc807fda72",346,false
"Apple ProRes 422","zTeßt_NTSC_30i","","Video","00:00:30:17","Track 1: 00:00:30:17",65.2,"Apple ProRes 422","720x486","29.97","","10-bit","Media","","","","",2026-08-08 14:28,"V01.E69CED81_F8DF1F8DF1DCBV.mxf","Apple ProRes 422.mov","/Users/Shared/AvidMediaComposer/Avid MediaFiles/MXF/1/V01.E69CED81_F8DF1F8DF1DCBV.mxf","Listed","060a2b3401010105.01010f1013000000.cb1ddff860120690.b6aa46fc807fda72","060a2b3401010105.01010f1013000000.c51ddff860120690.ca5e46fc807fda72",347,false
"Apple ProRes 422 HQ","zTeßt_NTSC_30i","","Video","00:00:30:17","Track 1: 00:00:30:17",101.1,"Apple ProRes HQ","720x486","29.97","","10-bit","Media","","","","",2026-08-08 14:28,"V01.E69CED8A_F8E5DF8E5DD42V.mxf","Apple ProRes 422 HQ.mov","/Users/Shared/AvidMediaComposer/Avid MediaFiles/MXF/1/V01.E69CED8A_F8E5DF8E5DD42V.mxf","Listed","060a2b3401010105.01010f1013000000.42dde5f860120690.e2e346fc807fda72","060a2b3401010105.01010f1013000000.3cdde5f860120690.8c1346fc807fda72",348,false
"H264 800Kps Proxy","zTeßt_NTSC_30i","","Video","00:00:30:17","Track 1: 00:00:30:17",3.7,"H.264","352x240","29.97","","8-bit","Media","","","","",2026-08-08 14:28,"V01.E69CED98_F8F08F8F08A76V.mxf","H264 800Kps Proxy.mov","/Users/Shared/AvidMediaComposer/Avid MediaFiles/MXF/1/V01.E69CED98_F8F08F8F08A76V.mxf","Listed","060a2b3401010105.01010f1013000000.768af0f860120690.4d5d46fc807fda72","060a2b3401010105.01010f1013000000.668af0f860120690.5f0746fc807fda72",349,false
"H264 1500Kps Proxy","zTeßt_NTSC_30i","","Video","00:00:30:17","Track 1: 00:00:30:17",6.3,"H.264","352x240","29.97","","8-bit","Media","","","","",2026-08-08 14:29,"V01.E69CEDC3_F9117F9117290V.mxf","H264 1500Kps Proxy.mov","/Users/Shared/AvidMediaComposer/Avid MediaFiles/MXF/1/V01.E69CEDC3_F9117F9117290V.mxf","Listed","060a2b3401010105.01010f1013000000.907211f960120690.b1d646fc807fda72","060a2b3401010105.01010f1013000000.877211f960120690.c05a46fc807fda72",350,false
"DV 25 411","zTeßt_NTSC_30i","","Video","00:00:30:17","Track 1: 00:00:30:17",110.6,"DV NTSC 25Mbps 4:1:1","720x480","29.97","","8-bit","Media","","","","",2026-08-08 14:29,"V01.E69CEDE0_F926CF926C983V.mxf","DV 25 411.mov","/Users/Shared/AvidMediaComposer/Avid MediaFiles/MXF/1/V01.E69CEDE0_F926CF926C983V.mxf","Listed","060a2b3401010105.01010f1013000000.83c926f960120690.0c1146fc807fda72","060a2b3401010105.01010f1013000000.78c926f960120690.fb5246fc807fda72",351,false
"DV 50","zTeßt_NTSC_30i","","Video","00:00:30:17","Track 1: 00:00:30:17",220.7,"DV NTSC 50Mbps 4:2:2","720x480","29.97","","8-bit","Media","","","","",2026-08-08 14:30,"V01.E69CEDFB_F93B5F93B54A0V.mxf","DV 50.mov","/Users/Shared/AvidMediaComposer/Avid MediaFiles/MXF/1/V01.E69CEDFB_F93B5F93B54A0V.mxf","Listed","060a2b3401010105.01010f1013000000.a0543bf960120690.c6ab46fc807fda72","060a2b3401010105.01010f1013000000.90543bf960120690.36b546fc807fda72",352,false
"J2K SD","zTeßt_NTSC_30i","","Video","00:00:30:17","Track 1: 00:00:30:17",40.8,"J2K HD","720x496","29.97","","10-bit","Media","","","","",2026-08-08 14:30,"V01.E69CEE12_F94CEF94CEE65V.mxf","J2K SD.mov","/Users/Shared/AvidMediaComposer/Avid MediaFiles/MXF/1/V01.E69CEE12_F94CEF94CEE65V.mxf","Listed","060a2b3401010105.01010f1013000000.65ee4cf960120690.e4a446fc807fda72","060a2b3401010105.01010f1013000000.5cee4cf960120690.14a946fc807fda72",353,false
"Apple ProRes 422 Proxy","zTeßt_PAL_25p","","Video","00:00:30:15","Track 1: 00:00:30:15",18.0,"Apple ProRes Proxy","720x576","25","","10-bit","Media","","","","",2026-08-08 14:31,"V01.E69CEE5E_F9868F98687D7V.mxf","Apple ProRes 422 Proxy.mov","/Users/Shared/AvidMediaComposer/Avid MediaFiles/MXF/1/V01.E69CEE5E_F9868F98687D7V.mxf","Listed","060a2b3401010105.01010f1013000000.d78786f960120690.09d646fc807fda72","060a2b3401010105.01010f1013000000.d08786f960120690.474646fc807fda72",354,false
"Apple ProRes 422 LT","zTeßt_PAL_25p","","Video","00:00:30:15","Track 1: 00:00:30:15",37.9,"Apple ProRes LT","720x576","25","","10-bit","Media","","","","",2026-08-08 14:32,"V01.E69CEE68_F98E3F98E32C3V.mxf","Apple ProRes 422 LT.mov","/Users/Shared/AvidMediaComposer/Avid MediaFiles/MXF/1/V01.E69CEE68_F98E3F98E32C3V.mxf","Listed","060a2b3401010105.01010f1013000000.c3328ef960120690.290046fc807fda72","060a2b3401010105.01010f1013000000.bb328ef960120690.685446fc807fda72",355,false
"Apple ProRes 422","zTeßt_PAL_25p","","Video","00:00:30:15","Track 1: 00:00:30:15",55.2,"Apple ProRes 422","720x576","25","","10-bit","Media","","","","",2026-08-08 14:32,"V01.E69CEE71_F9952F9952B8DV.mxf","Apple ProRes 422.mov","/Users/Shared/AvidMediaComposer/Avid MediaFiles/MXF/1/V01.E69CEE71_F9952F9952B8DV.mxf","Listed","060a2b3401010105.01010f1013000000.8d2b95f960120690.c1b746fc807fda72","060a2b3401010105.01010f1013000000.872b95f960120690.2ec046fc807fda72",356,false
"Apple ProRes 422 HQ","zTeßt_PAL_25p","","Video","00:00:30:15","Track 1: 00:00:30:15",87.8,"Apple ProRes HQ","720x576","25","","10-bit","Media","","","","",2026-08-08 14:32,"V01.E69CEE7B_F99D0F99D03CEV.mxf","Apple ProRes 422 HQ.mov","/Users/Shared/AvidMediaComposer/Avid MediaFiles/MXF/1/V01.E69CEE7B_F99D0F99D03CEV.mxf","Listed","060a2b3401010105.01010f1013000000.ce039df960120690.250c46fc807fda72","060a2b3401010105.01010f1013000000.c6039df960120690.7f8446fc807fda72",357,false
"H264 800Kps Proxy","zTeßt_PAL_25p","","Video","00:00:30:15","Track 1: 00:00:30:15",3.7,"H.264","352x288","25","","8-bit","Media","","","","",2026-08-08 14:32,"V01.E69CEE89_F9A77F9A77023V.mxf","H264 800Kps Proxy.mov","/Users/Shared/AvidMediaComposer/Avid MediaFiles/MXF/1/V01.E69CEE89_F9A77F9A77023V.mxf","Listed","060a2b3401010105.01010f1013000000.2370a7f960120690.2c6346fc807fda72","060a2b3401010105.01010f1013000000.1970a7f960120690.0e9e46fc807fda72",358,false
"J2K SD","zTeßt_PAL_25p","","Video","00:00:30:15","Track 1: 00:00:30:15",43.1,"J2K HD","720x592","25","","10-bit","Media","","","","",2026-08-08 14:32,"V01.E69CEE95_F9B01F9B01A50V.mxf","J2K SD.mov","/Users/Shared/AvidMediaComposer/Avid MediaFiles/MXF/1/V01.E69CEE95_F9B01F9B01A50V.mxf","Listed","060a2b3401010105.01010f1013000000.501ab0f960120690.e97846fc807fda72","060a2b3401010105.01010f1013000000.381ab0f960120690.a5a446fc807fda72",359,false
"TONE: 1000 Hz @ -14.0 dB.1","zTeßt_PAL_25p","WAVE(OMF)","Audio","00:01:00:00","Track 1: 00:01:00:00",8.7,"PCM","","","48 kHz","24-bit","Media","","","","",2026-09-02 05:37,"TONE_100A01.6A972974.039700.wav","","/Users/Shared/AvidMediaComposer/OMFI MediaFiles/TONE_100A01.6A972974.039700.wav","Listed","060a2b3401010101.01010f0013000000.7429976a70397047.060e2b347f7f2a80","060a2b3401010101.01010f0013000000.7429976a4e397047.060e2b347f7f2a80",360,true
"TONE: 1000 Hz @ -20.0 dB.2","zTeßt_PAL_25p","AIFF-C(OMF)","Audio","00:01:00:00","Track 1: 00:01:00:00",8.7,"PCM","","","48 kHz","24-bit","Media","","","","",2026-09-02 05:37,"TONE_100A01.6A972997.0C53E0.aif","","/Users/Shared/AvidMediaComposer/OMFI MediaFiles/TONE_100A01.6A972997.0C53E0.aif","Listed","060a2b3401010101.01010f0013000000.9729976a3ec57047.060e2b347f7f2a80","060a2b3401010101.01010f0013000000.9729976a3dc57047.060e2b347f7f2a80",361,true
