Finding	Context	File	Line	Text
F01	Current source/test/documentation	src/mediametadata.cpp	38	/// Quant-bits display. 254 is Avid's sentinel for the non-integer
F01	Current source/test/documentation	src/mediametadata.cpp	39	/// DNxUncompressed formats — 32-bit float and 16-bit 2.14 fixed point,
F01	Current source/test/documentation	src/mediametadata.cpp	40	/// whose descriptors are byte-identical (verified against real files),
F01	Current source/test/documentation	src/mediametadata.cpp	41	/// so they share one label. "254-bit" is not a bit depth.
F01	Current source/test/documentation	src/mediametadata.cpp	44	if (bits == 254)
F01	Current source/test/documentation	src/mediametadata.cpp	301	{"060E2B340401010D0401020203070100", "Avid DNxUncompressed"},
F01	Current source/test/documentation	src/mediametadata.cpp	302	{"060E2B340401010D0401020203070200", "Avid DNxUncompressed 2.14"},
F01	Current source/test/documentation	src/mediametadata.cpp	391	{"060E2B340401010D0401020201412001", "H.265/HEVC Main 10 Profile"},
F01	Current source/test/documentation	src/mediametadata.cpp	392	{"060E2B340401010D0401020201413001", "H.265/HEVC Main 12 Profile"},
F01	Current source/test/documentation	src/mediametadata.cpp	393	{"060E2B340401010D0401020201431001", "H.265/HEVC Main 4:4:4 Profile"},
F01	Current source/test/documentation	src/mediametadata.cpp	394	{"060E2B340401010D0401020201432001", "H.265/HEVC Main 4:4:4 10 Profile"},
F01	Current source/test/documentation	src/mediametadata.cpp	395	{"060E2B340401010D0401020201433001", "H.265/HEVC Main 4:4:4 12 Profile"},
F01	Current source/test/documentation	src/mediametadata.cpp	396	{"060E2B340401010D0401020201443001", "H.265/HEVC Main 12 Intra Profile"},
F01	Current source/test/documentation	src/mediametadata.cpp	397	{"060E2B340401010D0401020201461001", "H.265/HEVC Main 4:4:4 Intra Profile"},
F01	Current source/test/documentation	src/mediametadata.cpp	398	{"060E2B340401010D0401020201462001", "H.265/HEVC Main 4:4:4 10 Intra Profile"},
F01	Current source/test/documentation	src/mediametadata.cpp	399	{"060E2B340401010D0401020201463001", "H.265/HEVC Main 4:4:4 12 Intra Profile"},
F01	Current source/test/documentation	src/mxfparser.cpp	1310	out.bitDepth = MediaMetadataUtil::bitDepthLabel(readUint32BE(data, pos));
F01	Current source/test/documentation	src/mxfparser.cpp	1314	out.bitDepth = MediaMetadataUtil::bitDepthLabel(readUint32BE(data, pos));
F01	Current source/test/documentation	src/omfobjects.cpp	867	e.bitDepth = MediaMetadataUtil::bitDepthLabel(bits);
F01	Current source/test/documentation	src/omfobjects.cpp	872	e.bitDepth = MediaMetadataUtil::bitDepthLabel(quint32(blobBits));
F01	Current source/test/documentation	src/omfobjects.cpp	892	e.bitDepth = MediaMetadataUtil::bitDepthLabel(quint32(tiff.bitsPerComponent));
F01	Current source/test/documentation	src/omfobjects.cpp	905	e.bitDepth = MediaMetadataUtil::bitDepthLabel(bits);
F01	Current source/test/documentation	tests/tst_mediametadata.cpp	46	MediaDuration large{9007199254740993LL, {1, 1}, {1, 1}, Source::Descriptor};
F01	Current source/test/documentation	tests/tst_mediametadata.cpp	226	QCOMPARE(MediaMetadataUtil::bitDepthLabel(254), QStringLiteral("Float"));
F01	Current source/test/documentation	tests/tst_mxfparser.cpp	214	// distinguishable by UL — 16(2.14) uses 03070200 — see the corpus test
F01	Current source/test/documentation	tests/tst_mxfparser.cpp	215	// below; the shared "Float" bits label stays for the 03070100+254 case.)
F01	Current source/test/documentation	tests/tst_mxfparser.cpp	216	void float_bit_depth_sentinel_shows_float();
F01	Current source/test/documentation	tests/tst_mxfparser.cpp	224	// DNxUncompressed 16(2.14) via its own UL.
F01	Current source/test/documentation	tests/tst_mxfparser.cpp	594	void TestMxfParser::float_bit_depth_sentinel_shows_float()
F01	Current source/test/documentation	tests/tst_mxfparser.cpp	605	{254, "Float"}, // sentinel — used to read "254-bit"
F01	Current source/test/documentation	tests/tst_mxfparser.cpp	650	// 16-bit 2.14 fixed point has its OWN UL (03070200); quant-bits
F01	Current source/test/documentation	tests/tst_mxfparser.cpp	651	// still reads 254 → "Float".
F01	Current source/test/documentation	tests/tst_mxfparser.cpp	652	{"V01.E68C029A_5733205733282V.mxf", "Avid DNxUncompressed 2.14", "Float"},
F01	Current source/test/documentation	tests/tst_mxfparser.cpp	813	"Avid DNxUncompressed 2.14", false, 765, 25},
F01	Current source/test/documentation	docs/native-bin-fallback.md	67	byte-identical native restoration. A temporarily immutable disposable file
F01	Current source/test/documentation	docs/pmr-completeness.md	37	its parser source and regression tests are byte-identical to this repair.
F01	Current source/test/documentation	docs/parser-compatibility.md	49	| OMF1/OMF2 objects | The [OMF2.1 specification](https://www.cubase.it/wp/wp-content/uploads/2014/12/omfspec21.pdf), Appendix A, defines classes, properties and relationships. `src/omfobjects.cpp` separates OMF1 MOBJ/TRKG/TRAK from OMF2 MMOB/SMOB/CMOB and slots/segments. Recognized OMF1 and OMF2 schemas distinguish compositions from masters. A present but unreadable physical descriptor does not qualify its owner as a master. |
F01	Historical review; assess against current source	docs/reviews/2026-09-20-media-scope/REVIEW.md	73	[OMF 2.1, Appendix B](https://www.cubase.it/wp/wp-content/uploads/2014/12/omfspec21.pdf),
F01	Historical review; assess against current source	docs/reviews/2026-09-20-media-scope/public-specs.md	44	https://www.cubase.it/wp/wp-content/uploads/2014/12/omfspec21.pdf
F01	Historical review; assess against current source	docs/reviews/2026-09-06-current-code/file-operations.md	19	**Location:** src/fileidentity.cpp:142-146, used by src/oprunner.cpp:748 and followed by the source removal at 846.
F01	Historical review; assess against current source	docs/reviews/2026-09-06-current-code/scanner-filters.md	55	Proof: Two byte-identical copies of the real fixture: `tone.mxf` reports `header=1`, tone clip name, and its known master MOB; `parked.mxf.__movereplace_ab12` reports `header=0`, empty clip name and empty MOB.
F01	Historical review; assess against current source	docs/reviews/2026-09-22-current-code/identity-audit.md	26	The 825 comparisons found zero changed records. The tested source fingerprint was `e3b0b943bfbc2f2bceb328f412c54017736141451edbe266787bcf3c4e1a0fe0`; the snapshot was verified byte-identical to the working-tree source after the run. This directly checks identities that the codec-focused fixture tests do not fully assert.
F01	Historical review; assess against current source	docs/reviews/2026-09-22-current-code/identity-audit.md	32	- Two root-level MXFs: an 8,909,409-byte tone and one 512 KiB sequence slice. The sequence slice is byte-identical to its `corpus_headers` counterpart. Therefore 825 MXF paths represent **824 unique hashes/file identities**, not 825 independent files.
F01	Historical review; assess against current source	docs/reviews/2026-09-29-code-quality/assessment.md	270	name 360/360, project, kind, codec label 119/119 (byte-identical after the
F01	Historical review; assess against current source	docs/reviews/2026-09-29-code-quality/naming-inventory.md	9505	| 2914 | Variable | TestFileOperations::native_trash_ambiguous_result_never_offers_fallback | landed | landed | Keep | No clear improvement from the naming rules; retain pending a more specific semantic reason. |
F01	Historical review; assess against current source	docs/reviews/2026-09-29-code-quality/naming-inventory.md	10657	| 215 | Method | TestMxfParser | float_bit_depth_sentinel_shows_float | float_bit_depth_sentinel_shows_float | Keep | Existing test name describes a scenario or uses a QtTest convention. |
F01	Historical review; assess against current source	docs/reviews/2026-09-29-code-quality/naming-inventory.md	10734	| 561 | Variable | TestMxfParser::float_bit_depth_sentinel_shows_float | tmp | temporaryDirectory | Candidate | Type-supported expansion of a short local name; verify scope before applying. |
F01	Historical review; assess against current source	docs/reviews/2026-09-29-code-quality/naming-inventory.md	10735	| 566 | Field | TestMxfParser::float_bit_depth_sentinel_shows_float::(unnamed struct at tests/tst_mxfparser.cpp:564:8) | bits | bits | Keep | No clear improvement from the naming rules; retain pending a more specific semantic reason. |
F01	Historical review; assess against current source	docs/reviews/2026-09-29-code-quality/naming-inventory.md	10736	| 567 | Field | TestMxfParser::float_bit_depth_sentinel_shows_float::(unnamed struct at tests/tst_mxfparser.cpp:564:8) | expected | expected | Keep | No clear improvement from the naming rules; retain pending a more specific semantic reason. |
F01	Historical review; assess against current source	docs/reviews/2026-09-29-code-quality/naming-inventory.md	10737	| 568 | Variable | TestMxfParser::float_bit_depth_sentinel_shows_float | kCases | kCases | Keep | No clear improvement from the naming rules; retain pending a more specific semantic reason. |
F01	Historical review; assess against current source	docs/reviews/2026-09-29-code-quality/naming-inventory.md	10738	| 573 | Variable | TestMxfParser::float_bit_depth_sentinel_shows_float | c | c | Keep | Short conventional name retained when local context supplies its meaning; no mechanical lengthening. |
F01	Historical review; assess against current source	docs/reviews/2026-09-29-code-quality/naming-inventory.md	10739	| 575 | Variable | TestMxfParser::float_bit_depth_sentinel_shows_float | value | value | Keep | No clear improvement from the naming rules; retain pending a more specific semantic reason. |
F01	Historical review; assess against current source	docs/reviews/2026-09-29-code-quality/naming-inventory.md	10740	| 580 | Variable | TestMxfParser::float_bit_depth_sentinel_shows_float | key | key | Keep | Keep for now: multiple local names would become bytes. Choose names for their distinct roles during refactoring. |
F01	Historical review; assess against current source	docs/reviews/2026-09-29-code-quality/naming-inventory.md	10741	| 584 | Variable | TestMxfParser::float_bit_depth_sentinel_shows_float | set | set | Keep | Keep for now: multiple local names would become bytes. Choose names for their distinct roles during refactoring. |
F01	Historical review; assess against current source	docs/reviews/2026-09-29-code-quality/naming-inventory.md	10742	| 588 | Variable | TestMxfParser::float_bit_depth_sentinel_shows_float | meta | meta | Keep | No clear improvement from the naming rules; retain pending a more specific semantic reason. |
F01	Historical review; assess against current source	docs/reviews/2026-09-29-code-quality/naming-inventory.md	13418	| 2014 | Variable | TestScanner::incomplete_omf_database_recovers_file_identity_from_header | rows | rows | Keep | No clear improvement from the naming rules; retain pending a more specific semantic reason. |
F01	Historical review; assess against current source	docs/reviews/2026-09-29-code-quality/naming-inventory.md	13576	| 2814 | Variable | TestScanner::overlapping_volume_and_manual_roots_scan_each_folder_once | opts | options | Candidate | Context-based abbreviation expansion; confirm the role and check for a name collision. |
F01	Historical review; assess against current source	docs/reviews/2026-09-29-code-quality/naming-inventory.md	13596	| 2914 | Variable | TestScanner::unsupported_manual_locations_are_rejected | selected | selected | Keep | No clear improvement from the naming rules; retain pending a more specific semantic reason. |
F02	Current source/test/documentation	src/mxfparser.cpp	407	!result.pictureCodingPresent && result.rgbaDescriptor && result.rgbaAlpha8 &&
F02	Current source/test/documentation	src/mxfparser.cpp	1259	case 0x3401: // eight Code:Depth pairs; A is alpha, zero ends the layout
F02	Current source/test/documentation	src/mxfparser.cpp	1263	bool alphaOnly = true;
F02	Current source/test/documentation	src/mxfparser.cpp	1266	alphaOnly = false;
F02	Current source/test/documentation	src/mxfparser.cpp	1267	out.rgbaAlpha8 = alphaOnly;
F02	Current source/test/documentation	src/mxfparser.cpp	1268	if (alphaOnly)
F02	Current source/test/documentation	src/omfobjects.cpp	119	rgbaLayout(b.propertyId("OMFI:RGBA:PixelLayout")),
F02	Current source/test/documentation	src/omfobjects.cpp	120	rgbaStructure(b.propertyId("OMFI:RGBA:PixelStructure"))
F02	Current source/test/documentation	src/omfobjects.cpp	764	const auto pixels = b.read(mediaDescriptorObjectId, p.rgbaLayout, 16);
F02	Current source/test/documentation	src/omfobjects.cpp	765	const auto depths = b.read(mediaDescriptorObjectId, p.rgbaStructure, 16);
F02	Current source/test/documentation	src/omfobjects.cpp	766	const auto oneComponent = [](const QByteArray &value, char expected)
F02	Current source/test/documentation	src/omfobjects.cpp	771	pixels.ok() && depths.ok() && oneComponent(pixels.data, 'A') && oneComponent(depths.data, 8))
F02	Current source/test/documentation	src/mxfproperties.h	79	{"060e2b34010101020401050306000000", 0x3401},     // RGBAEssenceDescriptor::PixelLayout
F02	Current source/test/documentation	tests/tst_mdbparser.cpp	1565	{"alpha", "RGBA", "NONE", "A", QByteArray(1, 8), {}, true},
F02	Current source/test/documentation	tests/tst_mdbparser.cpp	1571	{"alpha-and-color", "RGBA", "NONE", "AR", QByteArray::fromHex("0808"), {}, false},
F02	Current source/test/documentation	tests/tst_mdbparser.cpp	1594	w.set(desc, "OMFI:RGBA:PixelLayout", test.layout);
F02	Current source/test/documentation	tests/tst_mxfparser.cpp	1484	QTest::newRow("Avid-alpha-padding") << unc << 0x29 << a8 << QByteArray{} << true;
F02	Current source/test/documentation	tests/tst_mxfparser.cpp	1493	QTest::newRow("RGB-not-alpha") << unc << 0x29 << ul("52084708420800000000000000000000") << QByteArray{} << false;
F02	Current source/test/documentation	tests/tst_mxfparser.cpp	1494	QTest::newRow("alpha-and-color") << unc << 0x29 << ul("41085208000000000000000000000000") << QByteArray{} << false;
F02	Current source/test/documentation	tests/tst_mxfparser.cpp	1529	const QByteArray alpha = objectSet(0x29, 'a', dimensions + localProperty(0x3401, ul("41080000300030003000300030003000")));
F02	Current source/test/documentation	tests/tst_mxfparser.cpp	1535	pack + graph + alpha + objectSet(0x28, 'd', dimensions)));
F02	Current source/test/documentation	tests/tst_mxfparser.cpp	1541	pack + alpha + objectSet(0x28, 'd', dimensions)));
F02	Current source/test/documentation	tests/tst_mxfparser.cpp	1544	// PixelLayout can use a dynamic tag; the primer establishes its identity.
F03	Current source/test/documentation	src/mxfproperties.h	74	{"060e2b34010101010401030104000000", 0x320c},     // GenericPictureEssenceDescriptor::FrameLayout
F03	Current source/test/documentation	src/mxfproperties.h	75	{"060e2b34010101010401050202000000", 0x3203},     // GenericPictureEssenceDescriptor::StoredWidth
F03	Current source/test/documentation	src/mxfproperties.h	76	{"060e2b34010101010401050201000000", 0x3202},     // GenericPictureEssenceDescriptor::StoredHeight
F03	Current source/test/documentation	src/mxfparser.cpp	1272	case 0x3203: // stored width
F03	Current source/test/documentation	src/mxfparser.cpp	1276	case 0x3202: // stored height — one field only for interlaced content
F03	Current source/test/documentation	src/omfobjects.cpp	98	resId(b.propertyId("OMFI:DIDD:DIDResolutionID")), width(b.propertyId("OMFI:DIDD:StoredWidth")),
F03	Current source/test/documentation	src/omfobjects.cpp	99	height(b.propertyId("OMFI:DIDD:StoredHeight")), layout(b.propertyId("OMFI:DIDD:FrameLayout")),
F03	Current source/test/documentation	src/omfobjects.cpp	592	/// OMF-era: a SourceID is written in the width of the mob it names —
F03	Current source/test/documentation	src/omfobjects.cpp	882	e.width = int(b.uintValue(b.bytes(mediaDescriptorObjectId, p.width)));
F03	Current source/test/documentation	src/omfobjects.cpp	888	e.width = tiff.width;
F03	Current source/test/documentation	src/omfobjects.cpp	903	e.heightIsFrameHeight = height > 0;
F03	Current source/test/documentation	src/mediametadata.cpp	87	// half heights {540,544} with layouts {1,4} and the FULL heights
F03	Current source/test/documentation	src/mediametadata.cpp	88	// {1080,1088} with layouts {2,3}, so layout 3 must not be doubled.
F03	Current source/test/documentation	src/mediametadata.cpp	106	// ranking runs heights through `norm(h)` (1088 -> 1080, 544 -> 540), and
F03	Current source/test/documentation	src/mediametadata.cpp	107	// it writes the normalised value into SampledHeight in the file itself.
F03	Current source/test/documentation	src/mediametadata.cpp	108	// Without this the table shows 1920x1088, splitting clips that Media
F03	Current source/test/documentation	src/mediametadata.cpp	111	if (meta.height == 1088)
F03	Current source/test/documentation	src/mediametadata.cpp	113	else if (meta.height == 544)
F03	Current source/test/documentation	src/mediametadata.cpp	123	meta.resolution = QStringLiteral("%1x%2").arg(meta.width).arg(meta.height);
F03	Current source/test/documentation	tests/tst_mediametadata.cpp	171	// height, real frame layout, label, frame rate. finalise() must derive exactly what
F03	Current source/test/documentation	tests/tst_mediametadata.cpp	172	// the header path derives — and must NOT double a layout-1 height twice.
F03	Current source/test/documentation	tests/tst_mediametadata.cpp	180	db.height = 1080; // the MDB producer already doubled its 540
F03	Current source/test/documentation	tests/tst_mediametadata.cpp	182	db.heightIsFrameHeight = true;
F03	Current source/test/documentation	tests/tst_mediametadata.cpp	186	QCOMPARE(db.resolution, QStringLiteral("1920x1080"));
F03	Current source/test/documentation	tests/tst_mediametadata.cpp	189	// The same facts as a header presents them: a field height, no flag.
F03	Current source/test/documentation	tests/tst_mediametadata.cpp	193	hdr.height = 540;
F03	Current source/test/documentation	tests/tst_mediametadata.cpp	197	QCOMPARE(hdr.resolution, db.resolution);
F03	Current source/test/documentation	tests/tst_mediametadata.cpp	201	// Layout 3 is a full height in a header but a half height in the MDB;
F03	Current source/test/documentation	tests/tst_mediametadata.cpp	206	l3.height = 1080;
F03	Current source/test/documentation	tests/tst_mediametadata.cpp	208	l3.heightIsFrameHeight = true;
F03	Current source/test/documentation	tests/tst_mediametadata.cpp	211	QCOMPARE(l3.resolution, QStringLiteral("1920x1080"));
F03	Current source/test/documentation	tests/tst_mediametadata.cpp	233	picture.height = 540;
F03	Current source/test/documentation	tests/tst_mediametadata.cpp	237	QCOMPARE(picture.height, 1080);
F03	Current source/test/documentation	tests/tst_mediametadata.cpp	241	corrupt.height = std::numeric_limits<int>::min();
F03	Current source/test/documentation	tests/tst_mediametadata.cpp	244	QCOMPARE(corrupt.height, 0);
F04	Current source/test/documentation	src/mediametadata.cpp	84	// Interlaced sources store one field height in the descriptor (e.g. 540
F04	Current source/test/documentation	src/mediametadata.cpp	87	// half heights {540,544} with layouts {1,4} and the FULL heights
F04	Current source/test/documentation	src/mediametadata.cpp	88	// {1080,1088} with layouts {2,3}, so layout 3 must not be doubled.
F04	Current source/test/documentation	src/mediametadata.cpp	89	// (Layout 4 is deliberately not added: Avid's 4K filter groups it with
F04	Current source/test/documentation	src/mediametadata.cpp	92	// Source: SupportingFiles/DynamicRelinkUI/DRUI.xml, cbxRaster filters.
F04	Current source/test/documentation	src/mediametadata.cpp	94	// heightIsFrameHeight (the MDB stores half heights for layouts 1 AND 3
F04	Current source/test/documentation	src/mediametadata.cpp	106	// ranking runs heights through `norm(h)` (1088 -> 1080, 544 -> 540), and
F04	Current source/test/documentation	src/mediametadata.cpp	108	// Without this the table shows 1920x1088, splitting clips that Media
F04	Current source/test/documentation	src/mediametadata.cpp	110	// Source: DRUI.xml SortingText, "Highest Quality" relink method.
F04	Current source/test/documentation	src/mediametadata.cpp	111	if (meta.height == 1088)
F04	Current source/test/documentation	src/mediametadata.cpp	113	else if (meta.height == 544)
F04	Current source/test/documentation	src/mxfparser.cpp	1276	case 0x3202: // stored height — one field only for interlaced content
F04	Current source/test/documentation	src/mdbparser.cpp	46	//                                    a HALF height for layouts 1 AND 3 (the MXF only
F04	Current source/test/documentation	src/omfobjects.cpp	896	// Captured Avid OMF1 MDBs store half heights for layouts1 and3.
F04	Current source/test/documentation	src/omfobjects.cpp	899	if (height > 0 && (layout == 1 || (!p.omf2 && layout == 3)))
F04	Current source/test/documentation	tests/tst_mediametadata.cpp	201	// Layout 3 is a full height in a header but a half height in the MDB;
F04	Current source/test/documentation	docs/parser-compatibility.md	43	| PMR version acceptance | `LoadPMR` at `0x444bac–0x444c10` uses a signed version check below 9. `ReadPmrRec` at `0x447544` selects the identity width. `src/pmrparser.cpp` implements these branches with bounds checks. Zero and negative version words follow that branch too; this is not a claim that such historical versions shipped. |
F04	Current source/test/documentation	docs/file-operations-native-api-validation.md	105	13 September 2026. [Windows CI run 34672164362](https://github.com/mrtymcln/MediaMuster/actions/runs/34672164362/job/103495441523)
F04	Historical review; assess against current source	docs/reviews/2026-09-30-parser-audit/pmr-record.asm.txt	26	447544: df 1e 00 71 cmp w22, #0x7
F04	Historical review; assess against current source	docs/reviews/2026-09-30-parser-audit/bento2.asm.txt	54	4ad8f8: 13 93 27 94 bl 0xe92544 ; symbol stub for: __ZN6AArray16GetBadIndexValueEv
F04	Historical review; assess against current source	docs/reviews/2026-09-30-parser-audit/avb-component.asm.txt	273	148544: 01 74 00 d0 adrp x1, 3714 ; 0xfca000
F04	Historical review; assess against current source	docs/reviews/2026-09-30-parser-audit/avb-composition.asm.txt	74	181544: 1f 15 00 71 cmp w8, #0x5
F04	Historical review; assess against current source	docs/reviews/2026-09-29-code-quality/filename-inventory.md	186	| tests/fixtures/avid_headers/V01.E6842930_44E2544E25602V.mxf | tests/fixtures/avid_headers/V01.E6842930_44E2544E25602V.mxf | Keep | Preserve original fixture identity, provenance and test references; renaming does not improve the source code. |
F04	Historical review; assess against current source	docs/reviews/2026-09-29-code-quality/filename-inventory.md	195	| tests/fixtures/avid_headers/V01.E68429DC_45654456547D5V.mxf | tests/fixtures/avid_headers/V01.E68429DC_45654456547D5V.mxf | Keep | Preserve original fixture identity, provenance and test references; renaming does not improve the source code. |
F04	Historical review; assess against current source	docs/reviews/2026-09-29-code-quality/naming-inventory.md	457	| 544 | Variable | Document::trackGroup | i | i | Keep | Short conventional name retained when local context supplies its meaning; no mechanical lengthening. |
F04	Historical review; assess against current source	docs/reviews/2026-09-29-code-quality/naming-inventory.md	1244	| 544 | Variable | BinFilterDialog::removeBinRow | block | block | Keep | No clear improvement from the naming rules; retain pending a more specific semantic reason. |
F04	Historical review; assess against current source	docs/reviews/2026-09-29-code-quality/naming-inventory.md	2004	| 1544 | Variable | MainWindow::onFilterChanged | blocker | blocker | Keep | No clear improvement from the naming rules; retain pending a more specific semantic reason. |
F04	Historical review; assess against current source	docs/reviews/2026-09-29-code-quality/naming-inventory.md	3581	| 544 | Variable | MxfParser::parseFromBuffer | instance | instance | Keep | No clear improvement from the naming rules; retain pending a more specific semantic reason. |
F04	Historical review; assess against current source	docs/reviews/2026-09-29-code-quality/naming-inventory.md	4813	| 544 | Parameter | OpFile::preserveMetadataFrom | source | source | Keep | No clear improvement from the naming rules; retain pending a more specific semantic reason. |
F04	Historical review; assess against current source	docs/reviews/2026-09-29-code-quality/naming-inventory.md	4814	| 544 | Parameter | OpFile::preserveMetadataFrom | error | error | Keep | No clear improvement from the naming rules; retain pending a more specific semantic reason. |
F04	Historical review; assess against current source	docs/reviews/2026-09-29-code-quality/naming-inventory.md	9799	| 544 | Variable | TestMdbParser::macroman_only_precompute_names_decode | ok | ok | Keep | Short conventional name retained when local context supplies its meaning; no mechanical lengthening. |
F04	Historical review; assess against current source	docs/reviews/2026-09-29-code-quality/naming-inventory.md	9910	| 1088 | Variable | TestMdbParser::omf_era_audio_mdb_describes_both_tone_files | m | m | Keep | No clear improvement from the naming rules; retain pending a more specific semantic reason. |
F04	Historical review; assess against current source	docs/reviews/2026-09-29-code-quality/naming-inventory.md	11513	| 544 | Variable | TestOperationUi::clickRestoreOriginals::(lambda at tests/tst_operationui.cpp:536:41)::operator() | jobs | jobs | Keep | No clear improvement from the naming rules; retain pending a more specific semantic reason. |
F04	Historical review; assess against current source	docs/reviews/2026-09-29-code-quality/naming-inventory.md	11726	| 1544 | Variable | TestOperationUi::restore_originals_keeps_completed_copy_and_refreshes_rows | restored | restored | Keep | No clear improvement from the naming rules; retain pending a more specific semantic reason. |
F05	Current source/test/documentation	src/mxfparser.cpp	573	QVector<qsizetype> resolveObjectReferences(const MxfHeaderObjects &header,
F05	Current source/test/documentation	src/mxfparser.cpp	596	QSet<qsizetype> reachableObjectIndexes(const MxfHeaderObjects &header, qsizetype root,
F05	Current source/test/documentation	src/mxfparser.cpp	614	for (qsizetype target : resolveObjectReferences(header, object.fields.value(tag)))
F05	Current source/test/documentation	src/mxfparser.cpp	621	for (const auto &value : object.fields)
F05	Current source/test/documentation	src/mxfparser.cpp	622	for (qsizetype target : resolveObjectReferences(header, value))
F05	Current source/test/documentation	src/mxfparser.cpp	663	if (reachableObjectIndexes(header, candidate, true).contains(filePackageIndex))
F05	Current source/test/documentation	src/mxfparser.cpp	682	for (qsizetype candidate : resolveObjectReferences(header, set.fields.value(0x3b08)))
F05	Current source/test/documentation	src/mxfparser.cpp	684	(filePackageIndex < 0 || reachableObjectIndexes(header, candidate, true).contains(filePackageIndex)))
F05	Current source/test/documentation	src/mxfparser.cpp	692	for (qsizetype descriptor : resolveObjectReferences(header, header.objects[filePackageIndex].fields.value(0x4701)))
F05	Current source/test/documentation	src/mxfparser.cpp	697	for (qsizetype child : resolveObjectReferences(header, header.objects[descriptor].fields.value(0x3f01)))
F05	Current source/test/documentation	src/mxfparser.cpp	747	? resolveObjectReferences(header, header.objects[materialPackageIndex].fields.value(0x4403))
F05	Current source/test/documentation	src/mxfparser.cpp	752	const auto components = resolveObjectReferences(header, header.objects[track].fields.value(0x4803));
F05	Current source/test/documentation	src/mxfparser.cpp	762	for (qsizetype descendant : reachableObjectIndexes(header, component, false))
F05	Current source/test/documentation	src/mxfparser.cpp	849	int drop = readDropFrame(reachableObjectIndexes(header, materialPackageIndex, false));
F05	Current source/test/documentation	src/mxfparser.cpp	858	reachableObjectIndexes(header, materialPackageIndex, true).contains(filePackageIndex))
F05	Current source/test/documentation	src/mxfparser.cpp	895	for (qsizetype track : resolveObjectReferences(header, header.objects[filePackageIndex].fields.value(0x4403)))
F05	Current source/test/documentation	src/mxfparser.cpp	900	const auto components = resolveObjectReferences(header, header.objects[track].fields.value(0x4803));
F05	Current source/test/documentation	src/mxfparser.cpp	928	for (qsizetype index : reachableObjectIndexes(header, owning->componentIndex, false))
F05	Current source/test/documentation	src/mxfparser.cpp	1141	scope = reachableObjectIndexes(header, materialPackageIndex, true);
F05	Current source/test/documentation	src/mxfparser.cpp	1143	scope = reachableObjectIndexes(header, filePackageIndex, true);
F05	Current source/test/documentation	src/mxfparser.cpp	1189	for (qsizetype index : resolveObjectReferences(header, header.objects[package].fields.value(tag)))
F05	Current source/test/documentation	src/mxfparser.cpp	1197	for (qsizetype child : resolveObjectReferences(header, header.objects[index].fields.value(0xf002)))
F05	Current source/test/documentation	src/mxfparser.cpp	1209	for (qsizetype index : reachableObjectIndexes(header, root, true))
F05	Current source/test/documentation	docs/parser-compatibility.md	17	| Clip identity | The owning file package, master and descriptor are joined by their recorded relationships, including EssenceGroup Choices and StillFrame references. Once the file package is identified, a master must connect to it; being the only master in the header is insufficient. An unrelated descriptor later in the file cannot overwrite the selected clip's dimensions or codec. |
F05	Current source/test/documentation	tests/tst_mxfparser.cpp	1	// MXF framing, graph ownership and metadata extraction. Real header fixtures
F05	Current source/test/documentation	tests/tst_mxfparser.cpp	255	void essence_group_selects_connected_master_data();
F05	Current source/test/documentation	tests/tst_mxfparser.cpp	256	void essence_group_selects_connected_master();
F05	Current source/test/documentation	tests/tst_mxfparser.cpp	257	void essence_group_does_not_invent_connections_data();
F05	Current source/test/documentation	tests/tst_mxfparser.cpp	258	void essence_group_does_not_invent_connections();
F05	Current source/test/documentation	tests/tst_mxfparser.cpp	1228	void TestMxfParser::essence_group_selects_connected_master_data()
F05	Current source/test/documentation	tests/tst_mxfparser.cpp	1252	void TestMxfParser::essence_group_selects_connected_master()
F05	Current source/test/documentation	tests/tst_mxfparser.cpp	1293	void TestMxfParser::essence_group_does_not_invent_connections_data()
F05	Current source/test/documentation	tests/tst_mxfparser.cpp	1310	void TestMxfParser::essence_group_does_not_invent_connections()
F05	Current source/test/documentation	tests/tst_mxfparser.cpp	1317	const auto result = MxfParser::parseHeader(writeMxf(temp.filePath("disconnected.mxf"), essenceGroupGraph(fields) + extras));
F05	Current source/test/documentation	tests/tst_mxfparser.cpp	1429	QByteArray disconnected = content;
F05	Current source/test/documentation	tests/tst_mxfparser.cpp	1430	disconnected.replace(localProperty(0x1101, fileId), localProperty(0x1101, QByteArray(32, 'x')));
F05	Current source/test/documentation	tests/tst_mxfparser.cpp	1431	const auto unrelated = MxfParser::parseHeader(writeMxf(temp.filePath("unrelated.mxf"), disconnected));
F06	Current source/test/documentation	src/mxfparser.cpp	200	result.headerStatus = MediaMetadata::HeaderStatus::IoError;
F06	Current source/test/documentation	src/mxfparser.cpp	209	using Status = MediaMetadata::HeaderStatus;
F06	Current source/test/documentation	src/mxfparser.cpp	216	result.headerStatus = Status::IoError;
F06	Current source/test/documentation	src/mxfparser.cpp	400	if (result.headerStatus == Status::Malformed)
F06	Current source/test/documentation	src/mxfparser.cpp	402	result.headerStatus = status;
F06	Current source/test/documentation	src/mxfparser.cpp	573	QVector<qsizetype> resolveObjectReferences(const MxfHeaderObjects &header,
F06	Current source/test/documentation	src/mxfparser.cpp	580	if (found != header.objectIndexByInstanceUid.constEnd())
F06	Current source/test/documentation	src/mxfparser.cpp	589	if (found != header.objectIndexByInstanceUid.constEnd())
F06	Current source/test/documentation	src/mxfparser.cpp	614	for (qsizetype target : resolveObjectReferences(header, object.fields.value(tag)))
F06	Current source/test/documentation	src/mxfparser.cpp	622	for (qsizetype target : resolveObjectReferences(header, value))
F06	Current source/test/documentation	src/mxfparser.cpp	682	for (qsizetype candidate : resolveObjectReferences(header, set.fields.value(0x3b08)))
F06	Current source/test/documentation	src/mxfparser.cpp	692	for (qsizetype descriptor : resolveObjectReferences(header, header.objects[filePackageIndex].fields.value(0x4701)))
F06	Current source/test/documentation	src/mxfparser.cpp	697	for (qsizetype child : resolveObjectReferences(header, header.objects[descriptor].fields.value(0x3f01)))
F06	Current source/test/documentation	src/mxfparser.cpp	747	? resolveObjectReferences(header, header.objects[materialPackageIndex].fields.value(0x4403))
F06	Current source/test/documentation	src/mxfparser.cpp	752	const auto components = resolveObjectReferences(header, header.objects[track].fields.value(0x4803));
F06	Current source/test/documentation	src/mxfparser.cpp	895	for (qsizetype track : resolveObjectReferences(header, header.objects[filePackageIndex].fields.value(0x4403)))
F06	Current source/test/documentation	src/mxfparser.cpp	900	const auto components = resolveObjectReferences(header, header.objects[track].fields.value(0x4803));
F06	Current source/test/documentation	src/mxfparser.cpp	950	meta.headerStatus = MediaMetadata::HeaderStatus::Malformed;
F06	Current source/test/documentation	src/mxfparser.cpp	985	// Unlike the recovery graph walker, decisive lists must be complete.
F06	Current source/test/documentation	src/mxfparser.cpp	1189	for (qsizetype index : resolveObjectReferences(header, header.objects[package].fields.value(tag)))
F06	Current source/test/documentation	src/mxfparser.cpp	1197	for (qsizetype child : resolveObjectReferences(header, header.objects[index].fields.value(0xf002)))
F06	Current source/test/documentation	src/mediametadata.h	22	/// HeaderStatus distinguishes malformed/incomplete data from a completed read.
F06	Current source/test/documentation	src/mediametadata.h	25	enum class HeaderStatus
F06	Current source/test/documentation	src/mediametadata.h	33	HeaderStatus headerStatus = HeaderStatus::NotRead;
F06	Current source/test/documentation	docs/parser-compatibility.md	17	| Clip identity | The owning file package, master and descriptor are joined by their recorded relationships, including EssenceGroup Choices and StillFrame references. Once the file package is identified, a master must connect to it; being the only master in the header is insufficient. An unrelated descriptor later in the file cannot overwrite the selected clip's dimensions or codec. |
F06	Current source/test/documentation	docs/parser-compatibility.md	67	- A completed header whose remaining final Fill padding was clipped can still supply metadata when its declared boundary proves no metadata is missing. This supports the repository's captured-header fixtures; it does not certify a complete media file.
F07	Current source/test/documentation	src/mxfparser.cpp	444	QHash<QByteArray, qsizetype> packageIndexByMobId;
F07	Current source/test/documentation	src/mxfparser.cpp	554	if (header.objectIndexByInstanceUid.contains(instance))
F07	Current source/test/documentation	src/mxfparser.cpp	563	header.packageIndexByMobId.insert(set.fields.value(0x4401), index);
F07	Current source/test/documentation	src/mxfparser.cpp	627	const auto target = header.packageIndexByMobId.constFind(header.objects[index].fields.value(0x1101));
F07	Current source/test/documentation	src/mxfparser.cpp	628	if (target != header.packageIndexByMobId.constEnd() && !visited.contains(target.value()))
F07	Current source/test/documentation	src/mxfparser.cpp	651	const qsizetype candidate = header.packageIndexByMobId.value(set.fields.value(0x2701), -1);
F08	Current source/test/documentation	src/mxfparser.cpp	437	QSet<quint16> identifiedProperties; // Primer-confirmed private property identity.
F08	Current source/test/documentation	src/mxfparser.cpp	525	const quint16 tag = localTag == AvidUsage::kPrivateMxfTag && !primer.contains(localTag) ? 0 : primer.value(localTag, localTag);
F08	Current source/test/documentation	src/mxfparser.cpp	541	set.identifiedProperties.insert(tag);
F08	Current source/test/documentation	src/mxfparser.cpp	1023	if (!set.fields.contains(0xf001))
F08	Current source/test/documentation	src/mxfparser.cpp	1025	if (!set.identifiedProperties.contains(0xf001))
F08	Current source/test/documentation	src/mxfparser.cpp	1028	if (!strictReferences(set.fields.value(0xf001), attributes))
F08	Current source/test/documentation	src/mxfparser.cpp	1060	if (!attribute.identifiedProperties.contains(0xf002) ||
F08	Current source/test/documentation	src/mxfparser.cpp	1061	!strictReferences(attribute.fields.value(0xf002), children))
F08	Current source/test/documentation	src/mxfparser.cpp	1188	for (quint16 tag : {quint16(0x4406), quint16(0xf001)})
F08	Current source/test/documentation	src/mxfparser.cpp	1197	for (qsizetype child : resolveObjectReferences(header, header.objects[index].fields.value(0xf002)))
F08	Current source/test/documentation	src/mxfproperties.h	40	// These are canonical property identifiers, not file-local tag numbers.
F08	Current source/test/documentation	src/mxfproperties.h	89	{"a01c0004ac969f506095818347b111d4", 0xf001},     // Avid MobAttributeList
F08	Current source/test/documentation	src/mxfproperties.h	90	{"a01c0004ac969f506095818547b111d4", 0xf002},     // Avid TaggedValueAttributeList
F08	Current source/test/documentation	docs/usage-code-identification.md	33	MXF can carry both Avid's private integer and a standard 16-byte AAF/MXF usage identifier. The private property is `_kAAFPropID_MobAppCode` at `0x10e12b8`; its MXF Primer identifier is `a022006094eb75cb96c469924f6211d3`. MediaMuster resolves its local tag through the Primer and requires a four-byte integer. The internal canonical tag `0xf003` is not assumed to be a fixed tag in a file.
F08	Current source/test/documentation	docs/parser-compatibility.md	52	| MXF properties | The property identifiers selected in `src/mxfproperties.h` resolve each file's Primer Pack. |
F08	Historical review; assess against current source	docs/reviews/2026-09-20-media-scope/public-specs.md	92	- **Encoding Data into MXF files: BER and KLV encoding**, pp. 1–5: https://www.amwa.tv/_files/ugd/f66d69_c72d6a0c30c94f7eaed294dcc9326c2e.pdf . Explains identifying keys, encoded lengths, values, and primer mapping of local tags. Helpful explanation; use normative SMPTE for exact requirements.
F08	Historical review; assess against current source	docs/reviews/2026-09-22-current-code/parsers.md	43	- `MxfParser::parseFromBuffer` (`src/mxfparser.cpp:442-1141`) mixes framing, Primer canonicalization, graph resolution, usage/precompute classification, project selection and timing in one ~700-line routine. Extract graph indexing/reference resolution and package/descriptor/timing selection into named private units. Rename local `files` to `filePackages`, `material` to `materialPackageIndex`, `chosen` to `descriptorIndex`, and `p` loop positions to `fieldOffset` when touching this code. Keep public wire tags and Avid semantic terminology unchanged.
F08	Historical review; assess against current source	docs/reviews/2026-09-30-parser-audit/report.txt	214	MXF's focused suite also passed framing, primer, ownership and large-header
F08	Historical review; assess against current source	docs/reviews/2026-09-29-code-quality/naming-inventory.md	3512	| 234 | Variable | MxfParser::parseHeader | primerKey | primerKey | Keep | No clear improvement from the naming rules; retain pending a more specific semantic reason. |
F08	Historical review; assess against current source	docs/reviews/2026-09-29-code-quality/naming-inventory.md	3546	| 445 | Variable | MxfParser::parseFromBuffer | primer | primer | Keep | No clear improvement from the naming rules; retain pending a more specific semantic reason. |
F08	Historical review; assess against current source	docs/reviews/2026-09-29-code-quality/naming-inventory.md	3548	| 447 | Variable | MxfParser::parseFromBuffer | primerKey | primerKey | Keep | No clear improvement from the naming rules; retain pending a more specific semantic reason. |
F08	Historical review; assess against current source	docs/reviews/2026-09-29-code-quality/naming-inventory.md	10637	| 131 | Method | TestMxfParser | avid_alpha_respects_descriptor_selection_and_primer | avid_alpha_respects_descriptor_selection_and_primer | Keep | Existing test name describes a scenario or uses a QtTest convention. |
F08	Historical review; assess against current source	docs/reviews/2026-09-29-code-quality/naming-inventory.md	10665	| 246 | Method | TestMxfParser | dynamic_primer_tags_are_resolved_by_property | dynamic_primer_tags_are_resolved_by_property | Keep | Existing test name describes a scenario or uses a QtTest convention. |
F08	Historical review; assess against current source	docs/reviews/2026-09-29-code-quality/naming-inventory.md	10668	| 249 | Method | TestMxfParser | private_usage_requires_primer_and_exact_integer | private_usage_requires_primer_and_exact_integer | Keep | Existing test name describes a scenario or uses a QtTest convention. |
F08	Historical review; assess against current source	docs/reviews/2026-09-29-code-quality/naming-inventory.md	10820	| 993 | Variable | TestMxfParser::metadata_beyond_64m_is_parsed | primer | primer | Keep | No clear improvement from the naming rules; retain pending a more specific semantic reason. |
F08	Historical review; assess against current source	docs/reviews/2026-09-29-code-quality/naming-inventory.md	10833	| 1035 | Variable | TestMxfParser::dynamic_primer_tags_are_resolved_by_property | temp | temp | Keep | No clear improvement from the naming rules; retain pending a more specific semantic reason. |
F08	Historical review; assess against current source	docs/reviews/2026-09-29-code-quality/naming-inventory.md	10834	| 1036 | Variable | TestMxfParser::dynamic_primer_tags_are_resolved_by_property | entries | entries | Keep | No clear improvement from the naming rules; retain pending a more specific semantic reason. |
F08	Historical review; assess against current source	docs/reviews/2026-09-29-code-quality/naming-inventory.md	10835	| 1040 | Variable | TestMxfParser::dynamic_primer_tags_are_resolved_by_property | primer | primer | Keep | No clear improvement from the naming rules; retain pending a more specific semantic reason. |
F08	Historical review; assess against current source	docs/reviews/2026-09-29-code-quality/naming-inventory.md	10836	| 1041 | Variable | TestMxfParser::dynamic_primer_tags_are_resolved_by_property | descriptor | descriptor | Keep | No clear improvement from the naming rules; retain pending a more specific semantic reason. |
F08	Historical review; assess against current source	docs/reviews/2026-09-29-code-quality/naming-inventory.md	10837	| 1042 | Variable | TestMxfParser::dynamic_primer_tags_are_resolved_by_property | result | result | Keep | No clear improvement from the naming rules; retain pending a more specific semantic reason. |
F08	Historical review; assess against current source	docs/reviews/2026-09-29-code-quality/naming-inventory.md	10846	| 1081 | Variable | TestMxfParser::usage_requires_unambiguous_master_evidence | primer | primer | Keep | No clear improvement from the naming rules; retain pending a more specific semantic reason. |
F08	Historical review; assess against current source	docs/reviews/2026-09-29-code-quality/naming-inventory.md	10850	| 1101 | Variable | TestMxfParser::private_usage_requires_primer_and_exact_integer | temp | temp | Keep | No clear improvement from the naming rules; retain pending a more specific semantic reason. |
F08	Historical review; assess against current source	docs/reviews/2026-09-29-code-quality/naming-inventory.md	10851	| 1102 | Variable | TestMxfParser::private_usage_requires_primer_and_exact_integer | material | material | Keep | No clear improvement from the naming rules; retain pending a more specific semantic reason. |
F08	Historical review; assess against current source	docs/reviews/2026-09-29-code-quality/naming-inventory.md	10852	| 1102 | Parameter | TestMxfParser::private_usage_requires_primer_and_exact_integer::(lambda at tests/tst_mxfparser.cpp:1102:24)::operator() | tag | tag | Keep | No clear improvement from the naming rules; retain pending a more specific semantic reason. |
F08	Historical review; assess against current source	docs/reviews/2026-09-29-code-quality/naming-inventory.md	10853	| 1102 | Parameter | TestMxfParser::private_usage_requires_primer_and_exact_integer::(lambda at tests/tst_mxfparser.cpp:1102:24)::operator() | value | value | Keep | No clear improvement from the naming rules; retain pending a more specific semantic reason. |
F08	Historical review; assess against current source	docs/reviews/2026-09-29-code-quality/naming-inventory.md	10854	| 1106 | Variable | TestMxfParser::private_usage_requires_primer_and_exact_integer | tag | tag | Keep | No clear improvement from the naming rules; retain pending a more specific semantic reason. |
F08	Historical review; assess against current source	docs/reviews/2026-09-29-code-quality/naming-inventory.md	10855	| 1108 | Variable | TestMxfParser::private_usage_requires_primer_and_exact_integer | unregistered | unregistered | Keep | No clear improvement from the naming rules; retain pending a more specific semantic reason. |
F08	Historical review; assess against current source	docs/reviews/2026-09-29-code-quality/naming-inventory.md	10856	| 1114 | Variable | TestMxfParser::private_usage_requires_primer_and_exact_integer | primer | primer | Keep | No clear improvement from the naming rules; retain pending a more specific semantic reason. |
F08	Historical review; assess against current source	docs/reviews/2026-09-29-code-quality/naming-inventory.md	10857	| 1116 | Variable | TestMxfParser::private_usage_requires_primer_and_exact_integer | negative | negative | Keep | No clear improvement from the naming rules; retain pending a more specific semantic reason. |
F08	Historical review; assess against current source	docs/reviews/2026-09-29-code-quality/naming-inventory.md	10858	| 1121 | Variable | TestMxfParser::private_usage_requires_primer_and_exact_integer | value | value | Keep | No clear improvement from the naming rules; retain pending a more specific semantic reason. |
F08	Historical review; assess against current source	docs/reviews/2026-09-29-code-quality/naming-inventory.md	10859	| 1123 | Variable | TestMxfParser::private_usage_requires_primer_and_exact_integer | malformed | malformed | Keep | No clear improvement from the naming rules; retain pending a more specific semantic reason. |
F08	Historical review; assess against current source	docs/reviews/2026-09-29-code-quality/naming-inventory.md	10902	| 1294 | Variable | TestMxfParser::avid_alpha_respects_descriptor_selection_and_primer | temp | temp | Keep | No clear improvement from the naming rules; retain pending a more specific semantic reason. |
F08	Historical review; assess against current source	docs/reviews/2026-09-29-code-quality/naming-inventory.md	10903	| 1295 | Variable | TestMxfParser::avid_alpha_respects_descriptor_selection_and_primer | pack | pack | Keep | No clear improvement from the naming rules; retain pending a more specific semantic reason. |
F08	Historical review; assess against current source	docs/reviews/2026-09-29-code-quality/naming-inventory.md	10904	| 1297 | Variable | TestMxfParser::avid_alpha_respects_descriptor_selection_and_primer | dimensions | dimensions | Keep | No clear improvement from the naming rules; retain pending a more specific semantic reason. |
F08	Historical review; assess against current source	docs/reviews/2026-09-29-code-quality/naming-inventory.md	10905	| 1298 | Variable | TestMxfParser::avid_alpha_respects_descriptor_selection_and_primer | alpha | alpha | Keep | No clear improvement from the naming rules; retain pending a more specific semantic reason. |
F08	Historical review; assess against current source	docs/reviews/2026-09-29-code-quality/naming-inventory.md	10906	| 1299 | Variable | TestMxfParser::avid_alpha_respects_descriptor_selection_and_primer | sourceId | sourceId | Keep | No clear improvement from the naming rules; retain pending a more specific semantic reason. |
F08	Historical review; assess against current source	docs/reviews/2026-09-29-code-quality/naming-inventory.md	10907	| 1300 | Variable | TestMxfParser::avid_alpha_respects_descriptor_selection_and_primer | graph | graph | Keep | No clear improvement from the naming rules; retain pending a more specific semantic reason. |
F08	Historical review; assess against current source	docs/reviews/2026-09-29-code-quality/naming-inventory.md	10908	| 1303 | Variable | TestMxfParser::avid_alpha_respects_descriptor_selection_and_primer | selected | selected | Keep | No clear improvement from the naming rules; retain pending a more specific semantic reason. |
F08	Historical review; assess against current source	docs/reviews/2026-09-29-code-quality/naming-inventory.md	10909	| 1309 | Variable | TestMxfParser::avid_alpha_respects_descriptor_selection_and_primer | ambiguous | ambiguous | Keep | No clear improvement from the naming rules; retain pending a more specific semantic reason. |
F08	Historical review; assess against current source	docs/reviews/2026-09-29-code-quality/naming-inventory.md	10910	| 1314 | Variable | TestMxfParser::avid_alpha_respects_descriptor_selection_and_primer | entries | entries | Keep | No clear improvement from the naming rules; retain pending a more specific semantic reason. |
F08	Historical review; assess against current source	docs/reviews/2026-09-29-code-quality/naming-inventory.md	10911	| 1317 | Field | TestMxfParser::avid_alpha_respects_descriptor_selection_and_primer::(unnamed struct at tests/tst_mxfparser.cpp:1315:8) | tag | tag | Keep | No clear improvement from the naming rules; retain pending a more specific semantic reason. |
F08	Historical review; assess against current source	docs/reviews/2026-09-29-code-quality/naming-inventory.md	10912	| 1318 | Field | TestMxfParser::avid_alpha_respects_descriptor_selection_and_primer::(unnamed struct at tests/tst_mxfparser.cpp:1315:8) | property | property | Keep | No clear improvement from the naming rules; retain pending a more specific semantic reason. |
F08	Historical review; assess against current source	docs/reviews/2026-09-29-code-quality/naming-inventory.md	10913	| 1319 | Variable | TestMxfParser::avid_alpha_respects_descriptor_selection_and_primer | mappings | mappings | Keep | No clear improvement from the naming rules; retain pending a more specific semantic reason. |
F08	Historical review; assess against current source	docs/reviews/2026-09-29-code-quality/naming-inventory.md	10914	| 1324 | Variable | TestMxfParser::avid_alpha_respects_descriptor_selection_and_primer | mapping | mapping | Keep | No clear improvement from the naming rules; retain pending a more specific semantic reason. |
F08	Historical review; assess against current source	docs/reviews/2026-09-29-code-quality/naming-inventory.md	10915	| 1326 | Variable | TestMxfParser::avid_alpha_respects_descriptor_selection_and_primer | primer | primer | Keep | No clear improvement from the naming rules; retain pending a more specific semantic reason. |
F08	Historical review; assess against current source	docs/reviews/2026-09-29-code-quality/naming-inventory.md	10916	| 1327 | Variable | TestMxfParser::avid_alpha_respects_descriptor_selection_and_primer | remapped | remapped | Keep | No clear improvement from the naming rules; retain pending a more specific semantic reason. |
F08	Historical review; assess against current source	docs/reviews/2026-09-29-code-quality/naming-inventory.md	10950	| 1441 | Function | | precomputePrimer | precomputePrimer | Keep | Existing test name describes a scenario or uses a QtTest convention. |
F09	Current source/test/documentation	src/mxfparser.cpp	1256	if (len >= 8 && out.compressionLabel.isEmpty())
F09	Current source/test/documentation	src/mxfparser.cpp	1273	if (len >= 4)
F09	Current source/test/documentation	src/mxfparser.cpp	1274	out.width = static_cast<int>(readUint32BE(data, pos));
F09	Current source/test/documentation	src/mxfparser.cpp	1277	if (len >= 4)
F09	Current source/test/documentation	src/mxfparser.cpp	1278	out.height = static_cast<int>(readUint32BE(data, pos));
F09	Current source/test/documentation	src/mxfparser.cpp	1285	if (len >= 8)
F09	Current source/test/documentation	src/mxfparser.cpp	1297	if (out.isAudio && len >= 8)
F09	Current source/test/documentation	src/mxfparser.cpp	1309	if (len >= 4)
F09	Current source/test/documentation	src/mxfparser.cpp	1313	if (out.isAudio && len >= 4)
F09	Current source/test/documentation	src/mxfparser.cpp	1317	if (out.isAudio && len >= 4)
F09	Current source/test/documentation	src/mxfparser.cpp	1318	out.channels = static_cast<int>(readUint32BE(data, pos));
F09	Current source/test/documentation	src/mxfparser.cpp	1325	if (out.isAudio && len >= 16 && out.compressionLabel.isEmpty())
F09	Current source/test/documentation	src/omfobjects.cpp	716	t.frameRate = int(b.uintValue(b.bytes(timecodeObjectId, p.tcFrameRate)));
F09	Current source/test/documentation	src/omfobjects.cpp	868	e.channels = int(b.uintValue(b.bytes(mediaDescriptorObjectId, p.channels)));
F09	Current source/test/documentation	src/omfobjects.cpp	882	e.width = int(b.uintValue(b.bytes(mediaDescriptorObjectId, p.width)));
F09	Current source/test/documentation	src/omfobjects.cpp	883	int height = int(b.uintValue(b.bytes(mediaDescriptorObjectId, p.height)));
F09	Current source/test/documentation	src/omfobjects.cpp	885	const int layout = layoutV.isEmpty() ? tiff.layout : int(b.uintValue(layoutV));
F09	Current source/test/documentation	tests/tst_mxfparser.cpp	172	void odd_width_duration_fields_read_exactly();
F09	Current source/test/documentation	tests/tst_mxfparser.cpp	263	void malformed_local_property_invalidates_header();
F09	Current source/test/documentation	tests/tst_mxfparser.cpp	477	void TestMxfParser::odd_width_duration_fields_read_exactly()
F09	Current source/test/documentation	tests/tst_mxfparser.cpp	1440	void TestMxfParser::malformed_local_property_invalidates_header()
F10	Current source/test/documentation	src/mxfparser.cpp	102	/// Read a big-endian duration encoded in 4–8 bytes. Other lengths and
F10	Current source/test/documentation	src/mxfparser.cpp	105	static qint64 readDuration(const QByteArray &data, qint64 pos, quint16 len)
F10	Current source/test/documentation	src/mxfparser.cpp	760	const qint64 length = readDuration(duration, 0, quint16(qMin<qsizetype>(duration.size(), 65535)));
F10	Current source/test/documentation	src/mxfparser.cpp	907	const qint64 length = readDuration(duration, 0, quint16(qMin<qsizetype>(duration.size(), 65535)));
F10	Current source/test/documentation	src/mxfparser.cpp	1288	case 0x3002: // container duration (4–8 bytes)
F10	Current source/test/documentation	src/mxfparser.cpp	1293	if (const qint64 d = readDuration(data, pos, len); d > 0)
F10	Current source/test/documentation	src/mxfparser.cpp	1387	if (tag == 0x0202) // component duration (4–8 bytes)
F10	Current source/test/documentation	src/mxfparser.cpp	1392	if (const qint64 d = readDuration(data, pos, len); d > 0)
F10	Current source/test/documentation	tests/tst_mxfparser.cpp	168	// Duration fields are big-endian integers whose recorded length varies
F10	Current source/test/documentation	tests/tst_mxfparser.cpp	169	// by flavour. The old reader handled only 4 and 8 exactly; a 5-7 byte
F10	Current source/test/documentation	tests/tst_mxfparser.cpp	172	void odd_width_duration_fields_read_exactly();
F10	Current source/test/documentation	tests/tst_mxfparser.cpp	477	void TestMxfParser::odd_width_duration_fields_read_exactly()
F10	Historical review; assess against current source	docs/reviews/2026-09-29-code-quality/assessment.md	221	MXF cleanup, 30 September 2026: the initial drop-frame assignment that was always overwritten has been removed; legacy drop-frame handling remains. The redundant duration clamp is removed after the existing 4–8-byte guard. Four private field parsers now receive the whole buffer and output metadata (`parsePackage` also retains its material-package flag); seven calls no longer pass constant zero/size bounds, and all field-boundary checks remain. Three unused includes were removed, with direct `QVector` and utility includes added. Comments now accurately describe the UL prefix/version byte, duration widths, package object order and legacy duration finalisation; obsolete read/scan-speed claims were removed. Useful byte-layout explanations and the user's prior UsageCode comment edit are retained. No new names are proposed.
F10	Historical review; assess against current source	docs/reviews/2026-09-29-code-quality/naming-inventory.md	10650	| 171 | Method | TestMxfParser | odd_width_duration_fields_read_exactly | odd_width_duration_fields_read_exactly | Keep | Existing test name describes a scenario or uses a QtTest convention. |
F10	Historical review; assess against current source	docs/reviews/2026-09-29-code-quality/naming-inventory.md	10713	| 445 | Variable | TestMxfParser::odd_width_duration_fields_read_exactly | tmp | temporaryDirectory | Candidate | Type-supported expansion of a short local name; verify scope before applying. |
F10	Historical review; assess against current source	docs/reviews/2026-09-29-code-quality/naming-inventory.md	10714	| 450 | Variable | TestMxfParser::odd_width_duration_fields_read_exactly | value | value | Keep | No clear improvement from the naming rules; retain pending a more specific semantic reason. |
F10	Historical review; assess against current source	docs/reviews/2026-09-29-code-quality/naming-inventory.md	10715	| 455 | Variable | TestMxfParser::odd_width_duration_fields_read_exactly | key | key | Keep | Keep for now: multiple local names would become bytes. Choose names for their distinct roles during refactoring. |
F10	Historical review; assess against current source	docs/reviews/2026-09-29-code-quality/naming-inventory.md	10716	| 459 | Variable | TestMxfParser::odd_width_duration_fields_read_exactly | set | set | Keep | Keep for now: multiple local names would become bytes. Choose names for their distinct roles during refactoring. |
F10	Historical review; assess against current source	docs/reviews/2026-09-29-code-quality/naming-inventory.md	10717	| 463 | Variable | TestMxfParser::odd_width_duration_fields_read_exactly | meta | meta | Keep | No clear improvement from the naming rules; retain pending a more specific semantic reason. |
F11	Current source/test/documentation	src/omfobjects.cpp	171	QByteArray ulFromResId(quint32 resId)
F11	Current source/test/documentation	src/omfobjects.cpp	173	if (resId <= 1234 || resId >= 1490)
F11	Current source/test/documentation	src/omfobjects.cpp	176	// the other DNxHD IDs here use 0x0A.
F11	Current source/test/documentation	src/omfobjects.cpp	181	ul.append(char(resId - 1234));
F11	Current source/test/documentation	src/omfobjects.cpp	737	label = ulFromResId(resId);
F11	Current source/test/documentation	src/mediametadata.cpp	353	{"060E2B340401010D0401020271160000", "Avid DNx 444"}, // vcid 1256  1920x1080p
F11	Current source/test/documentation	src/mediametadata.cpp	354	{"060E2B340401010D0401020271180000", "Avid DNx TR"},  // vcid 1258  960x720p
F11	Current source/test/documentation	src/mediametadata.cpp	355	{"060E2B340401010D0401020271190000", "Avid DNx TR"},  // vcid 1259  1440x1080p
F11	Current source/test/documentation	src/mediametadata.cpp	356	{"060E2B340401010D04010202711A0000", "Avid DNx TR"},  // vcid 1260  decode only
F11	Current source/test/documentation	src/mediametadata.cpp	357	{"060E2B340401010D0401020271240000", "Avid DNx 444"}, // vcid 1270  DNxHR 444
F11	Current source/test/documentation	src/omfresolutions.cpp	60	// Ids 1235–1489 (the DNxHD family) are absent on purpose — see the header.
F11	Current source/test/documentation	tests/tst_mdbparser.cpp	777	// The DNxHD range is deliberately absent — those route through ulFromResId.
F11	Current source/test/documentation	tests/tst_mdbparser.cpp	787	QCOMPARE(OmfObjects::ulFromResId(1244), QByteArray::fromHex("060E2B340401010D04010202710A0000"));
F11	Current source/test/documentation	tests/tst_mdbparser.cpp	788	QCOMPARE(MediaMetadataUtil::codecFromCompressionLabel(OmfObjects::ulFromResId(1244), QStringLiteral("29.97")),
F11	Current source/test/documentation	tests/tst_mdbparser.cpp	790	QCOMPARE(OmfObjects::ulFromResId(1243), QByteArray::fromHex("060e2b340401010a0401020271090000"));
F11	Current source/test/documentation	tests/tst_mdbparser.cpp	791	QCOMPARE(OmfObjects::ulFromResId(1237), QByteArray::fromHex("060e2b340401010a0401020271030000"));
F11	Current source/test/documentation	tests/tst_mdbparser.cpp	792	QVERIFY(OmfObjects::ulFromResId(1234).isEmpty());
F11	Current source/test/documentation	tests/tst_mdbparser.cpp	793	QVERIFY(OmfObjects::ulFromResId(1490).isEmpty());
F11	Current source/test/documentation	tests/tst_mdbparser.cpp	985	MediaMetadataUtil::codecFromCompressionLabel(OmfObjects::ulFromResId(1242), QStringLiteral("29.97"));
F11	Current source/test/documentation	tests/tst_mdbparser.cpp	987	MediaMetadataUtil::codecFromCompressionLabel(OmfObjects::ulFromResId(1252), QStringLiteral("59.94"));
F11	Current source/test/documentation	tests/tst_mdbparser.cpp	1021	// DNxHD-era ids through ulFromResId, including the 1244 gap fix
F11	Current source/test/documentation	tests/tst_omfparser.cpp	392	//               pair; DNxHD-era ids (1235..1489) through OmfObjects::ulFromResId
F11	Historical review; assess against current source	docs/reviews/2026-09-06-current-code/file-operations.md	141	- **Volume-resolution drift:** resolvePath (oprescue.cpp:737-743) chooses the longest matching recorded root, but production resolveRecord (681-691) separately rewrites the first matching root. resolvePath has no production caller; only its own tests exercise it. Extract one owner-selection/rewrite implementation and have the actual bulk resolver use it. No physical nested-mount failure was tested; report the duplication/inconsistent logic as verified refactoring debt, not a claimed field incident.
F11	Historical review; assess against current source	docs/reviews/2026-09-22-current-code/parsers.md	33	- **P3:** repeated OMF-era preambles in omfobjects.h / omfparser.h / omfresolutions.h / omfuid.h frame supported semantics as only Avid's old flat, version 2/12-byte setup. Readers now support OMF1 and OMF2, generic 12-byte namespace IDs, Bento2, and embedded RIFF/RF64 omfi. Centralize the era explanation in docs and keep per-module responsibility/contracts concise.
F11	Historical review; assess against current source	docs/reviews/2026-09-22-current-code/parsers.md	47	Read all executable parser/walker logic in avbparser, bentofile, mdbparser, pmrparser, mxfparser, omfparser, omfobjects, omfresolutions, mediametadata, avideffects and binmetadataresolver; all assigned public/helper headers (avidtext/usage/precompute, mobid, pmrkey, mxfproperties, omfuid). Checked related test cases/builders for expected behavior and missing boundaries; root ran the full current test suite. Programmatically compared all 887 compiled effect catalogue rows (name/category/localised aliases) with the catalogue captured during the earlier review: zero field differences, 887 distinct pairs.
F11	Historical review; assess against current source	docs/reviews/2026-09-29-code-quality/naming-inventory.md	2663	| 52 | Field | MediaFile | resolution | resolutionText | Rename | Clarifies the specific role, result, state or units. |
F11	Historical review; assess against current source	docs/reviews/2026-09-29-code-quality/naming-inventory.md	2766	| 84 | Function | | resolutionSortValue | resolutionSortValue | Keep | No clear improvement from the naming rules; retain pending a more specific semantic reason. |
F11	Historical review; assess against current source	docs/reviews/2026-09-29-code-quality/naming-inventory.md	2767	| 84 | Parameter | resolutionSortValue | res | res | Keep | No clear improvement from the naming rules; retain pending a more specific semantic reason. |
F11	Historical review; assess against current source	docs/reviews/2026-09-29-code-quality/naming-inventory.md	2929	| 46 | Field | MediaMetadata | resolution | resolutionText | Rename | Clarifies the specific role, result, state or units. |
F11	Historical review; assess against current source	docs/reviews/2026-09-29-code-quality/naming-inventory.md	3379	| 31 | Enum value | MediaTableModel::Column | Resolution | Resolution | Keep | No clear improvement from the naming rules; retain pending a more specific semantic reason. |
F11	Historical review; assess against current source	docs/reviews/2026-09-29-code-quality/naming-inventory.md	4379	| 106 | Parameter | OmfResolutions::name | resolutionId | resolutionId | Keep | No clear improvement from the naming rules; retain pending a more specific semantic reason. |
F11	Historical review; assess against current source	docs/reviews/2026-09-29-code-quality/naming-inventory.md	4380	| 106 | Parameter | OmfResolutions::name | compression | compression | Keep | No clear improvement from the naming rules; retain pending a more specific semantic reason. |
F11	Historical review; assess against current source	docs/reviews/2026-09-29-code-quality/naming-inventory.md	4381	| 110 | Variable | OmfResolutions::name | len | len | Keep | No clear improvement from the naming rules; retain pending a more specific semantic reason. |
F11	Historical review; assess against current source	docs/reviews/2026-09-29-code-quality/naming-inventory.md	4382	| 113 | Variable | OmfResolutions::name | r | r | Keep | No clear improvement from the naming rules; retain pending a more specific semantic reason. |
F11	Historical review; assess against current source	docs/reviews/2026-09-29-code-quality/naming-inventory.md	4383	| 129 | Parameter | OmfResolutions::audioName | descriptorClass | descriptorClass | Keep | No clear improvement from the naming rules; retain pending a more specific semantic reason. |
F11	Historical review; assess against current source	docs/reviews/2026-09-29-code-quality/naming-inventory.md	4390	| 18 | Function | OmfResolutions | name | name | Keep | No clear improvement from the naming rules; retain pending a more specific semantic reason. |
F11	Historical review; assess against current source	docs/reviews/2026-09-29-code-quality/naming-inventory.md	4391	| 18 | Parameter | OmfResolutions::name | resolutionId | resolutionId | Keep | No clear improvement from the naming rules; retain pending a more specific semantic reason. |
F11	Historical review; assess against current source	docs/reviews/2026-09-29-code-quality/naming-inventory.md	4392	| 18 | Parameter | OmfResolutions::name | compression | compression | Keep | No clear improvement from the naming rules; retain pending a more specific semantic reason. |
F11	Historical review; assess against current source	docs/reviews/2026-09-29-code-quality/naming-inventory.md	4393	| 26 | Function | OmfResolutions | audioName | audioName | Keep | No clear improvement from the naming rules; retain pending a more specific semantic reason. |
F11	Historical review; assess against current source	docs/reviews/2026-09-29-code-quality/naming-inventory.md	4394	| 26 | Parameter | OmfResolutions::audioName | descriptorClass | descriptorClass | Keep | No clear improvement from the naming rules; retain pending a more specific semantic reason. |
F11	Historical review; assess against current source	docs/reviews/2026-09-29-code-quality/naming-inventory.md	9081	| 1506 | Variable | TestFileOperations::journal_volume_paths_survive_two_resolutions | f | f | Keep | No clear improvement from the naming rules; retain pending a more specific semantic reason. |
F11	Historical review; assess against current source	docs/reviews/2026-09-29-code-quality/naming-inventory.md	9082	| 1507 | Variable | TestFileOperations::journal_volume_paths_survive_two_resolutions | first | first | Keep | No clear improvement from the naming rules; retain pending a more specific semantic reason. |
F11	Historical review; assess against current source	docs/reviews/2026-09-29-code-quality/naming-inventory.md	9083	| 1507 | Variable | TestFileOperations::journal_volume_paths_survive_two_resolutions | second | second | Keep | No clear improvement from the naming rules; retain pending a more specific semantic reason. |
F11	Historical review; assess against current source	docs/reviews/2026-09-29-code-quality/naming-inventory.md	9084	| 1508 | Variable | TestFileOperations::journal_volume_paths_survive_two_resolutions | third | third | Keep | No clear improvement from the naming rules; retain pending a more specific semantic reason. |
F11	Historical review; assess against current source	docs/reviews/2026-09-29-code-quality/naming-inventory.md	9085	| 1509 | Variable | TestFileOperations::journal_volume_paths_survive_two_resolutions | request | request | Keep | No clear improvement from the naming rules; retain pending a more specific semantic reason. |
F11	Historical review; assess against current source	docs/reviews/2026-09-29-code-quality/naming-inventory.md	9086	| 1511 | Variable | TestFileOperations::journal_volume_paths_survive_two_resolutions | error | error | Keep | No clear improvement from the naming rules; retain pending a more specific semantic reason. |
F11	Historical review; assess against current source	docs/reviews/2026-09-29-code-quality/naming-inventory.md	9087	| 1513 | Variable | TestFileOperations::journal_volume_paths_survive_two_resolutions | journal | journal | Keep | No clear improvement from the naming rules; retain pending a more specific semantic reason. |
F11	Historical review; assess against current source	docs/reviews/2026-09-29-code-quality/naming-inventory.md	9088	| 1516 | Variable | TestFileOperations::journal_volume_paths_survive_two_resolutions | record | record | Keep | No clear improvement from the naming rules; retain pending a more specific semantic reason. |
F11	Historical review; assess against current source	docs/reviews/2026-09-29-code-quality/naming-inventory.md	9089	| 1517 | Variable | TestFileOperations::journal_volume_paths_survive_two_resolutions | original | original | Keep | No clear improvement from the naming rules; retain pending a more specific semantic reason. |
F11	Historical review; assess against current source	docs/reviews/2026-09-29-code-quality/naming-inventory.md	9090	| 1521 | Variable | TestFileOperations::journal_volume_paths_survive_two_resolutions | mounted | mounted | Keep | No clear improvement from the naming rules; retain pending a more specific semantic reason. |
F11	Historical review; assess against current source	docs/reviews/2026-09-29-code-quality/naming-inventory.md	9091	| 1525 | Variable | TestFileOperations::journal_volume_paths_survive_two_resolutions | journal | journal | Keep | No clear improvement from the naming rules; retain pending a more specific semantic reason. |
F11	Historical review; assess against current source	docs/reviews/2026-09-29-code-quality/naming-inventory.md	9092	| 1528 | Variable | TestFileOperations::journal_volume_paths_survive_two_resolutions | read | read | Keep | No clear improvement from the naming rules; retain pending a more specific semantic reason. |
F11	Historical review; assess against current source	docs/reviews/2026-09-29-code-quality/naming-inventory.md	9093	| 1536 | Variable | TestFileOperations::journal_volume_paths_survive_two_resolutions | journal | journal | Keep | No clear improvement from the naming rules; retain pending a more specific semantic reason. |
F11	Historical review; assess against current source	docs/reviews/2026-09-29-code-quality/naming-inventory.md	9094	| 1539 | Variable | TestFileOperations::journal_volume_paths_survive_two_resolutions | final | final | Keep | No clear improvement from the naming rules; retain pending a more specific semantic reason. |
F11	Historical review; assess against current source	docs/reviews/2026-09-29-code-quality/naming-inventory.md	9878	| 952 | Variable | TestMdbParser::omf_era_mdb_video_facts_by_resolution_id | pmr | pmr | Keep | No clear improvement from the naming rules; retain pending a more specific semantic reason. |
F11	Historical review; assess against current source	docs/reviews/2026-09-29-code-quality/naming-inventory.md	9879	| 957 | Variable | TestMdbParser::omf_era_mdb_video_facts_by_resolution_id | dnx1242 | dnx1242 | Keep | No clear improvement from the naming rules; retain pending a more specific semantic reason. |
F11	Historical review; assess against current source	docs/reviews/2026-09-29-code-quality/naming-inventory.md	9880	| 959 | Variable | TestMdbParser::omf_era_mdb_video_facts_by_resolution_id | dnx1252 | dnx1252 | Keep | No clear improvement from the naming rules; retain pending a more specific semantic reason. |
F11	Historical review; assess against current source	docs/reviews/2026-09-29-code-quality/naming-inventory.md	9882	| 966 | Field | TestMdbParser::omf_era_mdb_video_facts_by_resolution_id::Pin | file | file | Keep | No clear improvement from the naming rules; retain pending a more specific semantic reason. |
F11	Historical review; assess against current source	docs/reviews/2026-09-29-code-quality/naming-inventory.md	9883	| 967 | Field | TestMdbParser::omf_era_mdb_video_facts_by_resolution_id::Pin | codec | codec | Keep | No clear improvement from the naming rules; retain pending a more specific semantic reason. |
F11	Historical review; assess against current source	docs/reviews/2026-09-29-code-quality/naming-inventory.md	9884	| 968 | Field | TestMdbParser::omf_era_mdb_video_facts_by_resolution_id::Pin | resolution | resolution | Keep | No clear improvement from the naming rules; retain pending a more specific semantic reason. |
F11	Historical review; assess against current source	docs/reviews/2026-09-29-code-quality/naming-inventory.md	9885	| 969 | Field | TestMdbParser::omf_era_mdb_video_facts_by_resolution_id::Pin | fps | fps | Keep | No clear improvement from the naming rules; retain pending a more specific semantic reason. |
F11	Historical review; assess against current source	docs/reviews/2026-09-29-code-quality/naming-inventory.md	9886	| 970 | Field | TestMdbParser::omf_era_mdb_video_facts_by_resolution_id::Pin | project | project | Keep | No clear improvement from the naming rules; retain pending a more specific semantic reason. |
F11	Historical review; assess against current source	docs/reviews/2026-09-29-code-quality/naming-inventory.md	9887	| 971 | Field | TestMdbParser::omf_era_mdb_video_facts_by_resolution_id::Pin | dropFrame | dropFrame | Keep | No clear improvement from the naming rules; retain pending a more specific semantic reason. |
F11	Historical review; assess against current source	docs/reviews/2026-09-29-code-quality/naming-inventory.md	9888	| 973 | Variable | TestMdbParser::omf_era_mdb_video_facts_by_resolution_id | kPins | kPins | Keep | No clear improvement from the naming rules; retain pending a more specific semantic reason. |
F11	Historical review; assess against current source	docs/reviews/2026-09-29-code-quality/naming-inventory.md	9889	| 1000 | Variable | TestMdbParser::omf_era_mdb_video_facts_by_resolution_id | pin | pin | Keep | No clear improvement from the naming rules; retain pending a more specific semantic reason. |
F11	Historical review; assess against current source	docs/reviews/2026-09-29-code-quality/naming-inventory.md	9890	| 1002 | Variable | TestMdbParser::omf_era_mdb_video_facts_by_resolution_id | name | name | Keep | No clear improvement from the naming rules; retain pending a more specific semantic reason. |
F11	Historical review; assess against current source	docs/reviews/2026-09-29-code-quality/naming-inventory.md	9891	| 1004 | Variable | TestMdbParser::omf_era_mdb_video_facts_by_resolution_id | e | e | Keep | No clear improvement from the naming rules; retain pending a more specific semantic reason. |
F11	Historical review; assess against current source	docs/reviews/2026-09-29-code-quality/naming-inventory.md	9892	| 1006 | Variable | TestMdbParser::omf_era_mdb_video_facts_by_resolution_id | f | f | Keep | No clear improvement from the naming rules; retain pending a more specific semantic reason. |
F11	Historical review; assess against current source	docs/reviews/2026-09-29-code-quality/naming-inventory.md	9893	| 1023 | Variable | TestMdbParser::omf_era_mdb_video_facts_by_resolution_id | jfif35 | jfif35 | Keep | No clear improvement from the naming rules; retain pending a more specific semantic reason. |
F11	Historical review; assess against current source	docs/reviews/2026-09-29-code-quality/naming-inventory.md	9894	| 1026 | Variable | TestMdbParser::omf_era_mdb_video_facts_by_resolution_id | dv420 | dv420 | Keep | No clear improvement from the naming rules; retain pending a more specific semantic reason. |
F11	Historical review; assess against current source	docs/reviews/2026-09-29-code-quality/naming-inventory.md	9895	| 1031 | Variable | TestMdbParser::omf_era_mdb_video_facts_by_resolution_id | avhd | avhd | Keep | No clear improvement from the naming rules; retain pending a more specific semantic reason. |
F11	Historical review; assess against current source	docs/reviews/2026-09-29-code-quality/naming-inventory.md	11104	| 400 | Field | TestOmfParser::omf_video_facts_by_resolution_id::Pin | file | file | Keep | No clear improvement from the naming rules; retain pending a more specific semantic reason. |
F11	Historical review; assess against current source	docs/reviews/2026-09-29-code-quality/naming-inventory.md	11105	| 401 | Field | TestOmfParser::omf_video_facts_by_resolution_id::Pin | codec | codec | Keep | No clear improvement from the naming rules; retain pending a more specific semantic reason. |
F11	Historical review; assess against current source	docs/reviews/2026-09-29-code-quality/naming-inventory.md	11106	| 402 | Field | TestOmfParser::omf_video_facts_by_resolution_id::Pin | resolution | resolution | Keep | No clear improvement from the naming rules; retain pending a more specific semantic reason. |
F11	Historical review; assess against current source	docs/reviews/2026-09-29-code-quality/naming-inventory.md	11107	| 403 | Field | TestOmfParser::omf_video_facts_by_resolution_id::Pin | fps | fps | Keep | No clear improvement from the naming rules; retain pending a more specific semantic reason. |
F11	Historical review; assess against current source	docs/reviews/2026-09-29-code-quality/naming-inventory.md	11108	| 404 | Field | TestOmfParser::omf_video_facts_by_resolution_id::Pin | frameLayout | frameLayout | Keep | No clear improvement from the naming rules; retain pending a more specific semantic reason. |
F11	Historical review; assess against current source	docs/reviews/2026-09-29-code-quality/naming-inventory.md	11109	| 406 | Variable | TestOmfParser::omf_video_facts_by_resolution_id | kPins | kPins | Keep | No clear improvement from the naming rules; retain pending a more specific semantic reason. |
F11	Historical review; assess against current source	docs/reviews/2026-09-29-code-quality/naming-inventory.md	11111	| 434 | Variable | TestOmfParser::omf_video_facts_by_resolution_id | pin | pin | Keep | No clear improvement from the naming rules; retain pending a more specific semantic reason. |
F11	Historical review; assess against current source	docs/reviews/2026-09-29-code-quality/naming-inventory.md	11112	| 436 | Variable | TestOmfParser::omf_video_facts_by_resolution_id | name | name | Keep | No clear improvement from the naming rules; retain pending a more specific semantic reason. |
F11	Historical review; assess against current source	docs/reviews/2026-09-29-code-quality/naming-inventory.md	11113	| 437 | Variable | TestOmfParser::omf_video_facts_by_resolution_id | m | m | Keep | No clear improvement from the naming rules; retain pending a more specific semantic reason. |
F11	Historical review; assess against current source	docs/reviews/2026-09-29-code-quality/naming-inventory.md	13446	| 2194 | Field | TestScanner::omf_video_rows_show_avid_short_names::Pin | resolution | resolution | Keep | No clear improvement from the naming rules; retain pending a more specific semantic reason. |
F11	Historical review; assess against current source	docs/reviews/2026-09-29-code-quality/naming-inventory.md	13459	| 2250 | Field | TestScanner::shared_omf_folder_uses_current_databases_and_header_fallback::Pin | resolution | resolution | Keep | No clear improvement from the naming rules; retain pending a more specific semantic reason. |
F12	Current source/test/documentation	src/avidtext.h	9	/// Avid's databases still carry MacRoman, a legacy of Media Composer's
F12	Current source/test/documentation	src/avidtext.h	10	/// Mac-only early years. The PMR writes MacRoman in its first record set
F12	Current source/test/documentation	src/avidtext.h	11	/// and UTF-8 filenames in its second; the MDB writes MacRoman unless the
F12	Current source/test/documentation	src/avidtext.h	15	/// decode() takes whatever bytes it is given: valid UTF-8 decodes as
F12	Current source/test/documentation	src/avidtext.h	16	/// UTF-8 (ASCII is a subset, so plain names go straight through);
F12	Current source/test/documentation	src/avidtext.h	17	/// anything else goes through the MacRoman table. A MacRoman-only value
F12	Current source/test/documentation	src/avidtext.h	18	/// is therefore never blanked or shown as replacement characters — the
F12	Current source/test/documentation	src/avidtext.h	22	/// Apple's MacRoman upper half (0x80–0xFF) to Unicode. 0xDB is €,
F12	Current source/test/documentation	src/avidtext.h	24	inline constexpr char16_t kMacRomanHigh[128] = {
F12	Current source/test/documentation	src/avidtext.h	64	out.append(b < 0x80 ? QChar(char16_t(b)) : QChar(kMacRomanHigh[b - 0x80]));
F12	Current source/test/documentation	tests/tst_pmrparser.cpp	232	// Avid writes PMR strings in MacRoman — Media Composer's 1988 Mac
F12	Current source/test/documentation	tests/tst_pmrparser.cpp	236	// 2026-07-30). Valid UTF-8 must still decode as UTF-8, so a future
F12	Current source/test/documentation	tests/tst_pmrparser.cpp	238	void macroman_project_names_decode_correctly();
F12	Current source/test/documentation	tests/tst_pmrparser.cpp	241	// UTF-8 — the only place a character MacRoman cannot hold survives. It
F12	Current source/test/documentation	tests/tst_pmrparser.cpp	481	void TestPmrParser::macroman_project_names_decode_correctly()
F12	Current source/test/documentation	tests/tst_pmrparser.cpp	486	// Pair 1: MacRoman project "tëst_25P" (ë = 0x91) — the real corpus bytes.
F12	Current source/test/documentation	tests/tst_pmrparser.cpp	488	// as MacRoman ("Ã©" mojibake in the other direction).
F12	Current source/test/documentation	tests/tst_pmrparser.cpp	489	const QByteArray macRoman("t\x91st_25P");
F12	Current source/test/documentation	tests/tst_pmrparser.cpp	492	fileRecord(fileMob(), "CLIP.A01.mxf", macRoman) +
F12	Current source/test/documentation	tests/tst_pmrparser.cpp	521	// Avid writes '?' where MacRoman has no character (ę); the UTF-8 set has it.
F12	Current source/test/documentation	tests/tst_pmrparser.cpp	816	// in MacRoman (0xA7) everywhere, and trailers equal to each file's mtime
F12	Current source/test/documentation	src/pmrparser.cpp	85	bool readMbcs(PmrValueParser &cursor, quint16 capacity, QString &value)
F12	Current source/test/documentation	src/pmrparser.cpp	177	: readMbcs(cursor, kMbcsNameCapacity, entry.fileName);
F12	Current source/test/documentation	src/pmrparser.cpp	178	if (!nameRead || (version != 1 && !readMbcs(cursor, kProjectCapacity, entry.project)))
F12	Current source/test/documentation	docs/parser-compatibility.md	60	- Real PMR specimens currently cover little-endian versions 2 and 8. Other accepted version layouts and big-endian PMRs have instruction-derived tests, rather than historical specimen coverage. Untagged legacy text still uses the existing valid-UTF-8/MacRoman heuristic; another old code page can remain ambiguous.
F12	Historical review; assess against current source	docs/reviews/2026-09-30-live-media-audit/report.txt	162	The earlier report's UTF-8/MacRoman ambiguity, swapped AVB identity aliases,
F12	Historical review; assess against current source	docs/reviews/2026-09-22-current-code/identity-audit.md	34	- The root `msmMMOB_macroman.mdb` is documented as a real MC 2025 database captured 20 July 2026 in `tests/tst_mdbparser.cpp`, `real_accented_bin_mdb_never_yields_mojibake`.
F12	Historical review; assess against current source	docs/reviews/2026-09-30-parser-audit/probe.cpp	20	else if(a[1]=="pmr") {bool ok;auto es=PmrParser::parse(a[i],&ok);QJsonArray rows;for(auto e:es)rows.append(QJsonObject{{"file",e.fileName},{"id",e.mobId},{"master",e.masterMobId},{"project",e.project},{"mtime",double(e.fileModifiedSecs)}});o["ok"]=ok;o["rows"]=rows; if(a[i].endsWith("ambiguous-macroman.pmr"))o["matchesActualFilename"]=PmrKey::primary(es.first().fileName)==PmrKey::primary(QString::fromUtf8("√©.mxf"));}
F12	Historical review; assess against current source	docs/reviews/2026-09-30-parser-audit/report.txt	38	MacRoman decoder and are not affected by this particular helper bug.
F12	Historical review; assess against current source	docs/reviews/2026-09-30-parser-audit/report.txt	40	Bytes C3 A9 mean two characters, "√©", in MacRoman, but one character, "é",
F12	Historical review; assess against current source	docs/reviews/2026-09-30-parser-audit/report.txt	44	returns false. A generated MDB master containing the same MacRoman name
F12	Historical review; assess against current source	docs/reviews/2026-09-30-parser-audit/report.txt	47	Evidence: reproduce.py, probe.cpp, reproductions.jsonl, ambiguous-macroman.pmr
F12	Historical review; assess against current source	docs/reviews/2026-09-30-parser-audit/report.txt	48	and ambiguous-macroman.mdb. The PMR counterexample is hand-authored; the MDB
F12	Historical review; assess against current source	docs/reviews/2026-09-30-parser-audit/report.txt	56	than establishing MacRoman as the only possible encoding.
F12	Historical review; assess against current source	docs/reviews/2026-09-30-parser-audit/report.txt	191	general, every code page, big-endian specimens or concurrent writers.
F12	Historical review; assess against current source	docs/reviews/2026-09-29-code-quality/filename-inventory.md	1004	| tests/fixtures/msmMMOB_macroman.mdb | tests/fixtures/msmMMOB_macroman.mdb | Keep | Preserve original fixture identity, provenance and test references; renaming does not improve the source code. |
F12	Historical review; assess against current source	docs/reviews/2026-09-29-code-quality/naming-inventory.md	751	| 24 | Variable | AvidText | kMacRomanHigh | kMacRomanHigh | Keep | No clear improvement from the naming rules; retain pending a more specific semantic reason. |
F12	Historical review; assess against current source	docs/reviews/2026-09-29-code-quality/naming-inventory.md	7824	| 62 | Method | TestAvbParser | macroman_names_are_decoded_without_utf8_extension | macroman_names_are_decoded_without_utf8_extension | Keep | Existing test name describes a scenario or uses a QtTest convention. |
F12	Historical review; assess against current source	docs/reviews/2026-09-29-code-quality/naming-inventory.md	7883	| 228 | Variable | TestAvbParser::macroman_names_are_decoded_without_utf8_extension | tmp | temporaryDirectory | Candidate | Type-supported expansion of a short local name; verify scope before applying. |
F12	Historical review; assess against current source	docs/reviews/2026-09-29-code-quality/naming-inventory.md	7884	| 230 | Variable | TestAvbParser::macroman_names_are_decoded_without_utf8_extension | d | d | Keep | No clear improvement from the naming rules; retain pending a more specific semantic reason. |
F12	Historical review; assess against current source	docs/reviews/2026-09-29-code-quality/naming-inventory.md	7885	| 233 | Variable | TestAvbParser::macroman_names_are_decoded_without_utf8_extension | result | result | Keep | No clear improvement from the naming rules; retain pending a more specific semantic reason. |
F12	Historical review; assess against current source	docs/reviews/2026-09-29-code-quality/naming-inventory.md	9678	| 142 | Method | TestMdbParser | macroman_only_precompute_names_decode | macroman_only_precompute_names_decode | Keep | Existing test name describes a scenario or uses a QtTest convention. |
F12	Historical review; assess against current source	docs/reviews/2026-09-29-code-quality/naming-inventory.md	9799	| 544 | Variable | TestMdbParser::macroman_only_precompute_names_decode | ok | ok | Keep | Short conventional name retained when local context supplies its meaning; no mechanical lengthening. |
F12	Historical review; assess against current source	docs/reviews/2026-09-29-code-quality/naming-inventory.md	9800	| 545 | Variable | TestMdbParser::macroman_only_precompute_names_decode | db | database | Candidate | Context-based abbreviation expansion; confirm the role and check for a name collision. |
F12	Historical review; assess against current source	docs/reviews/2026-09-29-code-quality/naming-inventory.md	9801	| 547 | Variable | TestMdbParser::macroman_only_precompute_names_decode | pmr | pmr | Keep | No clear improvement from the naming rules; retain pending a more specific semantic reason. |
F12	Historical review; assess against current source	docs/reviews/2026-09-29-code-quality/naming-inventory.md	9802	| 550 | Variable | TestMdbParser::macroman_only_precompute_names_decode | renders | renders | Keep | No clear improvement from the naming rules; retain pending a more specific semantic reason. |
F12	Historical review; assess against current source	docs/reviews/2026-09-29-code-quality/naming-inventory.md	9803	| 550 | Variable | TestMdbParser::macroman_only_precompute_names_decode | withEszett | withEszett | Keep | No clear improvement from the naming rules; retain pending a more specific semantic reason. |
F12	Historical review; assess against current source	docs/reviews/2026-09-29-code-quality/naming-inventory.md	9804	| 551 | Variable | TestMdbParser::macroman_only_precompute_names_decode | names | names | Keep | No clear improvement from the naming rules; retain pending a more specific semantic reason. |
F12	Historical review; assess against current source	docs/reviews/2026-09-29-code-quality/naming-inventory.md	9805	| 552 | Variable | TestMdbParser::macroman_only_precompute_names_decode | e | e | Keep | No clear improvement from the naming rules; retain pending a more specific semantic reason. |
F12	Historical review; assess against current source	docs/reviews/2026-09-29-code-quality/naming-inventory.md	9806	| 556 | Variable | TestMdbParser::macroman_only_precompute_names_decode | f | f | Keep | No clear improvement from the naming rules; retain pending a more specific semantic reason. |
F12	Historical review; assess against current source	docs/reviews/2026-09-29-code-quality/naming-inventory.md	9807	| 557 | Variable | TestMdbParser::macroman_only_precompute_names_decode | m | m | Keep | No clear improvement from the naming rules; retain pending a more specific semantic reason. |
F12	Historical review; assess against current source	docs/reviews/2026-09-29-code-quality/naming-inventory.md	12346	| 238 | Method | TestPmrParser | macroman_project_names_decode_correctly | macroman_project_names_decode_correctly | Keep | Existing test name describes a scenario or uses a QtTest convention. |
F12	Historical review; assess against current source	docs/reviews/2026-09-29-code-quality/naming-inventory.md	12420	| 483 | Variable | TestPmrParser::macroman_project_names_decode_correctly | tmp | temporaryDirectory | Candidate | Type-supported expansion of a short local name; verify scope before applying. |
F12	Historical review; assess against current source	docs/reviews/2026-09-29-code-quality/naming-inventory.md	12421	| 489 | Variable | TestPmrParser::macroman_project_names_decode_correctly | macRoman | macRoman | Keep | No clear improvement from the naming rules; retain pending a more specific semantic reason. |
F12	Historical review; assess against current source	docs/reviews/2026-09-29-code-quality/naming-inventory.md	12422	| 490 | Variable | TestPmrParser::macroman_project_names_decode_correctly | utf8 | utf8 | Keep | No clear improvement from the naming rules; retain pending a more specific semantic reason. |
F12	Historical review; assess against current source	docs/reviews/2026-09-29-code-quality/naming-inventory.md	12423	| 491 | Variable | TestPmrParser::macroman_project_names_decode_correctly | buf | buffer | Candidate | Context-based abbreviation expansion; confirm the role and check for a name collision. |
F12	Historical review; assess against current source	docs/reviews/2026-09-29-code-quality/naming-inventory.md	12424	| 497 | Variable | TestPmrParser::macroman_project_names_decode_correctly | entries | entries | Keep | No clear improvement from the naming rules; retain pending a more specific semantic reason. |
F13	Current source/test/documentation	src/mdbparser.cpp	75	//  - Multiple objects may share a MobID. Merge their first non-empty fields
F13	Current source/test/documentation	src/mdbparser.cpp	132	// more than one object, so each clip is the union of its objects.
F13	Current source/test/documentation	src/mdbparser.cpp	133	OmfObjects::ObjectIdByMobId objectByMob; ///< First object per MobID (for SCLP hops).
F13	Current source/test/documentation	src/mdbparser.cpp	183	if (fileMobObjectId == 0 && OmfObjects::isMediaClass(b.objectClass(desc)))
F13	Current source/test/documentation	src/omfparser.cpp	53	struct MobGroup
F13	Current source/test/documentation	src/omfparser.cpp	124	QHash<QString, MobGroup> groups;
F13	Current source/test/documentation	src/omfparser.cpp	135	objectByMob.insert(raw, obj);
F13	Current source/test/documentation	src/omfparser.cpp	139	it = groups.insert(mobId, MobGroup{mobId, {}, 0, 0, false, -1});
F13	Current source/test/documentation	src/omfparser.cpp	157	if (it->fileMobObjectId == 0 && OmfObjects::isMediaClass(b.objectClass(desc)))
F13	Current source/test/documentation	src/omfparser.cpp	167	const MobGroup *fileMob = nullptr;
F13	Current source/test/documentation	src/omfparser.cpp	168	const MobGroup *master = nullptr;
F13	Current source/test/documentation	src/omfparser.cpp	171	const MobGroup &g = groups[mobId];
F13	Current source/test/documentation	src/omfparser.cpp	172	if (g.fileMobObjectId == 0 || (!out.fileMobId.isEmpty() && mobId != out.fileMobId))
F13	Current source/test/documentation	src/omfparser.cpp	189	const MobGroup &g = groups[mobId];
F13	Current source/test/documentation	src/omfobjects.cpp	378	if (path.isEmpty())
F13	Current source/test/documentation	src/omfobjects.cpp	380	if (path.isEmpty())
F13	Current source/test/documentation	src/omfobjects.cpp	382	if (path.isEmpty())
F13	Current source/test/documentation	src/omfobjects.cpp	384	if (path.isEmpty() && b.objectClass(locator) == "WINL")
F13	Current source/test/documentation	src/omfobjects.cpp	386	if (path.isEmpty() && b.objectClass(locator) == "MACL")
F13	Current source/test/documentation	src/omfobjects.cpp	400	// A stack preserves the recursive walk's first-non-empty order
F13	Current source/test/documentation	src/omfobjects.cpp	406	while (!pending.isEmpty())
F13	Current source/test/documentation	src/omfobjects.cpp	419	if (a.bin.isEmpty())
F13	Current source/test/documentation	src/omfobjects.cpp	422	if (a.bin.isEmpty())
F13	Current source/test/documentation	src/omfobjects.cpp	436	if (a.sourceFilePath.isEmpty())
F13	Current source/test/documentation	src/omfobjects.cpp	442	if (a.mediaFilePath.isEmpty())
F13	Current source/test/documentation	src/omfobjects.cpp	454	if (a.sourceContainer.isEmpty())
F13	Current source/test/documentation	src/omfobjects.cpp	459	if (a.sourceFilePath.isEmpty())
F13	Current source/test/documentation	src/omfobjects.cpp	466	if (a.project.isEmpty())
F13	Current source/test/documentation	src/omfobjects.cpp	507	if (!name.ok() || name.data.isEmpty() || name.data.indexOf('\0') != name.data.size() - 1)
F13	Current source/test/documentation	src/omfobjects.cpp	543	if (status != BentoFile::ReadStatus::Ok || component == 0 || b.objectClass(component).isEmpty())
F13	Current source/test/documentation	src/omfobjects.cpp	563	if (p.revision != Revision::Omf1 || p.omf2 || masters.isEmpty())
F13	Current source/test/documentation	src/omfobjects.cpp	609	while (!stack.isEmpty())
F13	Current source/test/documentation	src/omfobjects.cpp	662	while (!pending.isEmpty())
F13	Current source/test/documentation	src/omfobjects.cpp	714	if (!start.isEmpty())
F13	Current source/test/documentation	src/omfobjects.cpp	736	if (label.isEmpty())
F13	Current source/test/documentation	src/omfobjects.cpp	749	if (!bare.isEmpty())
F13	Current source/test/documentation	src/omfobjects.cpp	760	if (cls == "RGBA" && e.codec.isEmpty() && label.isEmpty() &&
F13	Current source/test/documentation	src/omfobjects.cpp	781	if (p.omf2 && e.codec.isEmpty() && label.isEmpty() && (cls == "CDCI" || cls == "RGBA"))
F13	Current source/test/documentation	src/omfobjects.cpp	788	tableHit = !e.codec.isEmpty();
F13	Current source/test/documentation	src/omfobjects.cpp	791	*codecKnown = !label.isEmpty() || tableHit || e.pcmDescriptor;
F13	Current source/test/documentation	src/omfobjects.cpp	806	if (e.codec.isEmpty())
F13	Current source/test/documentation	src/omfobjects.cpp	808	if (codecKnown && !e.codec.isEmpty())
F13	Current source/test/documentation	src/omfobjects.cpp	871	if (e.bitDepth.isEmpty() && blobBits > 0)
F13	Current source/test/documentation	src/omfobjects.cpp	885	const int layout = layoutV.isEmpty() ? tiff.layout : int(b.uintValue(layoutV));
F13	Current source/test/documentation	src/omfobjects.cpp	894	*codecKnown = !e.codec.isEmpty();
F13	Historical review; assess against current source	docs/reviews/2026-09-22-current-code/scanner-filters.md	30	- `src/mediascanner.cpp:191-193`: says `assignIfMissing` makes call order irrelevant, immediately followed by “first non-empty wins.” Different nonempty values make order decisive. State the intended PMR/MDB/header precedence.
F13	Historical review; assess against current source	docs/reviews/2026-09-22-current-code/REVIEW.md	167	- Scanner comments say “first non-empty wins” while claiming source order is irrelevant, and wrongly limit MDB clip-name use to header-read failures.
F14	Current source/test/documentation	src/omfparser.cpp	8	// A HEAD object (object 1) indexes the mobs — OMFI:SourceMobs,
F14	Current source/test/documentation	src/omfparser.cpp	9	// OMFI:CompositionMobs, OMFI:MediaData — but the reader does not need it:
F14	Current source/test/documentation	src/omfparser.cpp	67	QByteArray mediaDataMobId(const BentoFile &b, const OmfObjects::PropertyIds &p, bool &ambiguous)
F14	Current source/test/documentation	src/omfparser.cpp	74	for (quint32 obj : b.objectsWithProperty(prop))
F14	Current source/test/documentation	src/omfparser.cpp	115	const QByteArray fileMobRaw = mediaDataMobId(b, p, ambiguousData);
F14	Current source/test/documentation	src/omfparser.cpp	126	for (quint32 obj : b.objectsWithProperty(p.mobId))
F14	Current source/test/documentation	src/mdbparser.cpp	136	for (quint32 obj : b.objectsWithProperty(p.mobId))
F14	Current source/test/documentation	src/bentofile.cpp	303	QByteArray header;
F14	Current source/test/documentation	src/bentofile.cpp	304	if (!at(0, 12, header) || (header.first(4) != "RIFF" && header.first(4) != "RF64") || header.sliced(8, 4) != "WAVE")
F14	Current source/test/documentation	src/bentofile.cpp	309	const bool rf64 = header.first(4) == "RF64";
F14	Current source/test/documentation	src/bentofile.cpp	314	end = quint64(u32At(header.constData() + 4)) + 8;
F14	Current source/test/documentation	src/bentofile.cpp	324	if (!at(pos, 8, header))
F14	Current source/test/documentation	src/bentofile.cpp	329	const QByteArray id = header.first(4);
F14	Current source/test/documentation	src/bentofile.cpp	330	quint64 length = u32At(header.constData() + 4);
F14	Current source/test/documentation	src/bentofile.cpp	501	QByteArray version = bytes(1, propertyId("OMFI:HEAD:Version"));
F14	Current source/test/documentation	src/bentofile.cpp	505	QByteArray order = bytes(1, propertyId(m_omf2References ? "OMFI:HEAD:ByteOrder" : "OMFI:ByteOrder"));
F15	Current source/test/documentation	src/omfobjects.cpp	104	sourceId(b.propertyId("OMFI:SCLP:SourceID")), tcFlags(b.propertyId("OMFI:TCCP:Flags")),
F15	Current source/test/documentation	src/omfobjects.cpp	130	tcFlags = b.propertyId("OMFI:TCCP:Drop");
F15	Current source/test/documentation	src/omfobjects.cpp	634	QVector<quint32> referencedMobObjectIds(const BentoFile &b, const PropertyIds &p, quint32 mobObjectId,
F15	Current source/test/documentation	src/omfobjects.cpp	653	QVector<quint32> referencedMobObjectIds(const BentoFile &b, const PropertyIds &p, quint32 mobObjectId, const ObjectIdByMobId &objectByMob)
F15	Current source/test/documentation	src/omfobjects.cpp	655	return referencedMobObjectIds(b, p, mobObjectId, objectByMob, componentObjectIds(b, p, mobObjectId));
F15	Current source/test/documentation	src/omfobjects.cpp	658	quint32 findTimecodeComponent(const BentoFile &b, const PropertyIds &p, quint32 mobObjectId, const ObjectIdByMobId &objectByMob,
F15	Current source/test/documentation	src/omfobjects.cpp	672	const auto sources = referencedMobObjectIds(b, p, current, objectByMob, componentIds);
F15	Current source/test/documentation	src/omfobjects.cpp	681	const auto sources = referencedMobObjectIds(b, p, mobObjectId, objectByMob);
F15	Current source/test/documentation	src/omfobjects.cpp	711	t.dropFrame = b.uintValue(b.bytes(timecodeObjectId, p.tcFlags)) != 0;
F15	Current source/test/documentation	src/omfobjects.cpp	911	if (const quint32 timecodeObjectId = findTimecodeComponent(b, p, fileMobObjectId, objectByMob, seen))
F15	Current source/test/documentation	src/omfobjects.cpp	912	e.dropFrame = b.uintValue(b.bytes(timecodeObjectId, p.tcFlags)) != 0;
F15	Current source/test/documentation	src/omfparser.cpp	290	// Timecode: the TCCP sits on the source mob, reached through the file
F15	Current source/test/documentation	src/omfparser.cpp	295	quint32 timecodeObjectId = OmfObjects::findTimecodeComponent(b, p, fileMob->fileMobObjectId, objectByMob, tcSeen);
F15	Current source/test/documentation	src/omfparser.cpp	298	if ((timecodeObjectId = OmfObjects::findTimecodeComponent(b, p, obj, objectByMob, tcSeen)) != 0)
F15	Current source/test/documentation	src/omfparser.cpp	303	out.startTimecode = tc.start;
F15	Current source/test/documentation	src/omfobjects.h	4	// media descriptors, source links and timecode. Schema revision is
F15	Current source/test/documentation	src/omfobjects.h	46	int tracks, trackComp, sequence, sourceId, tcFlags;
F15	Current source/test/documentation	src/omfobjects.h	49	// timecode start/rate, the media-data MobIDs an essence
F15	Current source/test/documentation	src/omfobjects.h	54	int tcFrameRate, tcStart;
F15	Current source/test/documentation	src/omfobjects.h	66	/// whichever width the mob was written in (12 or 32), since a SourceID
F15	Current source/test/documentation	src/omfobjects.h	192	// MARK: - Track walk (timecode, source mob)
F15	Current source/test/documentation	src/omfobjects.h	196	/// timecode lives on the tape/import source mob, not the file mob). 0
F15	Current source/test/documentation	src/omfobjects.h	198	[[nodiscard]] quint32 findTimecodeComponent(const BentoFile &b, const PropertyIds &p, quint32 mobObjectId,
F15	Current source/test/documentation	src/omfobjects.h	211	struct Timecode
F15	Current source/test/documentation	src/omfobjects.h	218	[[nodiscard]] Timecode readTimecode(const BentoFile &b, const PropertyIds &p, quint32 timecodeObjectId);
F15	Current source/test/documentation	src/mdbparser.cpp	52	//     OMFI:TRKG:Tracks → TRAK → TrackComponent → SEQU/SCLP/TCCP: drop frame
F15	Current source/test/documentation	src/mdbparser.cpp	54	//                                    source mobs a SCLP points at
F16	Current source/test/documentation	src/omfobjects.cpp	114	slotRate(b.propertyId("OMFI:MSLT:EditRate")),
F16	Current source/test/documentation	src/omfobjects.cpp	685	bool readMobEditRate(const BentoFile &b, const PropertyIds &p, quint32 mobObjectId, qint32 &num, qint32 &den)
F16	Current source/test/documentation	src/omfobjects.cpp	689	// Slots own rates in OMF2. A mob has no single rate when they disagree.
F16	Current source/test/documentation	src/omfobjects.cpp	694	if (!b.rationalValue(b.bytes(slot, p.slotRate), n, d) || n <= 0 || d <= 0)
F16	Current source/test/documentation	src/omfobjects.cpp	854	if (readMobEditRate(b, p, fileMobObjectId, erNum, erDen) && erDen > 0 && erNum > 0)
F16	Current source/test/documentation	src/omfobjects.h	57	int slotRate, nestedSlots, selected, choices, inputSegment;
F17	Current source/test/documentation	src/mdbparser.cpp	212	// An MXF-era file mob carries neither, so this reads empty there.
F17	Current source/test/documentation	src/mdbparser.cpp	215	a.omfEra = b.value(fileMobObjectId, p.mobId).size() == OmfUid::kUidSize; // OMF-era: 12-byte mob
F17	Current source/test/documentation	src/mdbparser.cpp	254	a.omfEra = b.value(objs.first(), p.mobId).size() == OmfUid::kUidSize;
F17	Current source/test/documentation	src/omfobjects.cpp	10	//    2500 — so for an OMF-era (12-byte) file mob the OmfResolutions table
F17	Current source/test/documentation	src/omfobjects.cpp	12	//    keeps the database and file codec names consistent. MXF-era (32-byte)
F17	Current source/test/documentation	src/omfobjects.cpp	73	if (out.size() == OmfUid::kUidSize && b.isBigEndian())
F17	Current source/test/documentation	src/omfobjects.cpp	74	for (int offset = 0; offset < OmfUid::kUidSize; offset += 4)
F17	Current source/test/documentation	src/omfobjects.cpp	597	return size == MobId::kRawSize || size == OmfUid::kUidSize;
F17	Current source/test/documentation	src/omfobjects.cpp	744	// `codec` for. A 32-byte (MXF-era) mob never reaches this branch.
F17	Current source/test/documentation	src/omfobjects.cpp	746	if (!e.isAudio && b.bytes(fileMobObjectId, p.mobId).size() == OmfUid::kUidSize)
F17	Current source/test/documentation	src/omfresolutions.cpp	3	// it sits. Entirely OMF-specific — no MXF-era row is ever looked up here.
F18	Current source/test/documentation	src/omfobjects.cpp	155	QByteArray auidToUl(QByteArrayView auid)
F18	Current source/test/documentation	src/omfobjects.cpp	735	QByteArray label = auidToUl(b.bytes(mediaDescriptorObjectId, p.essComp));
F18	Current source/test/documentation	src/omfobjects.h	102	[[nodiscard]] QByteArray auidToUl(QByteArrayView auid);
F18	Current source/test/documentation	src/mdbparser.cpp	42	//     OMFI:DIDD:EssenceCompression   the 16-byte codec label — in AAF AUID byte
F18	Current source/test/documentation	src/mdbparser.cpp	73	//  - Codec labels use GUID order; auidToUl converts them to MXF byte order.
F19	Current source/test/documentation	src/omfobjects.cpp	96	posixPath(b.propertyId("OMFI:FL:POSIXPathName")), pathUtf8(b.propertyId("OMFI:FL:PathNameUTF8")),
F19	Current source/test/documentation	src/omfobjects.cpp	97	pathName(b.propertyId("OMFI:FL:PathName")), essComp(b.propertyId("OMFI:DIDD:EssenceCompression")),
F19	Current source/test/documentation	src/omfobjects.cpp	111	unxlPath(b.propertyId("OMFI:UNXL:PathName")), locator(b.propertyId("OMFI:MDES:Locator")),
F19	Current source/test/documentation	src/omfobjects.cpp	117	winlPath(b.propertyId("OMFI:WINL:PathName")), maclPath(b.propertyId("OMFI:MACL:PathName")),
F19	Current source/test/documentation	src/omfobjects.cpp	148	bool isLocatorClass(const QByteArray &cls)
F19	Current source/test/documentation	src/omfobjects.cpp	150	return cls == "MACL" || cls == "WINL" || cls == "UNXL"; // OMF-era: WINL/UNXL beside the MDB's MACL.
F19	Current source/test/documentation	src/omfobjects.cpp	375	QString locatorPath(const BentoFile &b, const PropertyIds &p, quint32 locator)
F19	Current source/test/documentation	src/omfobjects.cpp	381	path = BentoFile::string(b.bytes(locator, p.pathName));
F19	Current source/test/documentation	src/omfobjects.cpp	383	path = BentoFile::string(b.bytes(locator, p.unxlPath)); // OMF-era: UNXL keeps its own property.
F19	Current source/test/documentation	src/omfobjects.cpp	384	if (path.isEmpty() && b.objectClass(locator) == "WINL")
F19	Current source/test/documentation	src/omfobjects.cpp	385	path = BentoFile::string(b.bytes(locator, p.winlPath));
F19	Current source/test/documentation	src/omfobjects.cpp	386	if (path.isEmpty() && b.objectClass(locator) == "MACL")
F19	Current source/test/documentation	src/omfobjects.cpp	387	path = BentoFile::string(b.bytes(locator, p.maclPath));
F19	Current source/test/documentation	src/omfobjects.cpp	432	else if (name == QLatin1String("_SRCFILE") && (cls == "MACL" || (a.omfEra && isLocatorClass(cls))))
F19	Current source/test/documentation	src/omfobjects.cpp	434	// OMF-era: WINL/UNXL are admitted only for an OMF-era mob
F19	Current source/test/documentation	src/omfobjects.cpp	435	// (Attributes::omfEra); the MXF-era rule stays MACL-only.
F19	Current source/test/documentation	src/omfobjects.cpp	437	a.sourceFilePath = locatorPath(b, p, target);
F19	Current source/test/documentation	src/omfobjects.cpp	439	else if (name == QLatin1String("_MEDIAFILE") && isLocatorClass(cls))
F19	Current source/test/documentation	src/omfobjects.cpp	443	a.mediaFilePath = locatorPath(b, p, target);
F19	Current source/test/documentation	src/omfobjects.h	44	int binNameUtf8, binName, posixPath, pathUtf8, pathName;
F19	Current source/test/documentation	src/omfobjects.h	51	// UNIX locator's own path property, and the descriptor's locator
F19	Current source/test/documentation	src/omfobjects.h	56	int mobKind, unxlPath, locator, lastKnownVolumeUtf8, lastKnownVolume;
F19	Current source/test/documentation	src/omfobjects.h	58	int winlPath, maclPath, tiffSummary, rgbaLayout, rgbaStructure;
F19	Current source/test/documentation	src/omfobjects.h	88	/// OMF-era: MACL / WINL / UNXL — the Macintosh, Windows and UNIX
F19	Current source/test/documentation	src/omfobjects.h	90	/// path only ever met MACL (measured: WINL 0, UNXL 0 across every
F19	Current source/test/documentation	src/omfobjects.h	91	/// MXF-era MDB on hand); OMF files written on Windows carry WINL.
F19	Current source/test/documentation	src/omfobjects.h	158	QString sourceFilePath;  ///< _IMPORTSETTING/_SRCFILE locator path, else _USER/`UNC Path`.
F19	Current source/test/documentation	src/omfobjects.h	161	QString mediaFilePath;  ///< OMF-era: _MEDIAFILE locator path (diagnostic; often empty).
F19	Current source/test/documentation	src/omfobjects.h	165	/// _SRCFILE accept a WINL / UNXL target; an MXF-era (32-byte) mob
F19	Current source/test/documentation	src/omfobjects.h	166	/// keeps the MACL-only rule the MDB reader always had, so a
F19	Current source/test/documentation	src/omfobjects.h	168	/// did before — the kind-2 `UNC Path` — whatever order its
F19	Current source/test/documentation	src/omfobjects.h	173	/// OMF-era: the path a locator object carries — OMFI:FL:POSIXPathName,
F19	Current source/test/documentation	src/omfobjects.h	174	/// else FL:PathNameUTF8, else FL:PathName, else OMFI:UNXL:PathName (the
F19	Current source/test/documentation	src/omfobjects.h	175	/// UNIX locator's own property). Works for MACL, WINL and UNXL alike.
F19	Current source/test/documentation	src/omfobjects.h	176	[[nodiscard]] QString locatorPath(const BentoFile &b, const PropertyIds &p, quint32 locator);
F19	Current source/test/documentation	src/omfobjects.h	208	/// path's rule); OMF-era: `start` and `frameRate` are OMFI:TCCP:StartTC (in
F19	Current source/test/documentation	src/omfobjects.h	224	/// every derived value comes from the same code as the header path.
F19	Current source/test/documentation	docs/parser-compatibility.md	13	| OMF | OMF1 and OMF2 have separate schema handling. The Bento container version is identified independently; an OMF1 file can legitimately use a Bento2 container. |
F19	Current source/test/documentation	docs/parser-compatibility.md	49	| OMF1/OMF2 objects | The [OMF2.1 specification](https://www.cubase.it/wp/wp-content/uploads/2014/12/omfspec21.pdf), Appendix A, defines classes, properties and relationships. `src/omfobjects.cpp` separates OMF1 MOBJ/TRKG/TRAK from OMF2 MMOB/SMOB/CMOB and slots/segments. Recognized OMF1 and OMF2 schemas distinguish compositions from masters. A present but unreadable physical descriptor does not qualify its owner as a master. |
F19	Current source/test/documentation	docs/parser-compatibility.md	62	- OMF1 and OMF2 metadata reading is implemented, including TIFF descriptors. The readers do not decode or transcode picture/audio payloads, evaluate an arbitrary timeline, or support every custom OMF subclass. A genuine Pro Tools `omfi`-wrapped WAVE specimen remains a testing gap.
F20	Current source/test/documentation	src/omfobjects.cpp	101	compWidth(b.propertyId("OMFI:CDCI:ComponentWidth")), bits(b.propertyId("OMFI:MDAU:BitsPerSample")),
F20	Current source/test/documentation	src/omfobjects.cpp	303	WaveSummary readWaveSummary(QByteArrayView blob)
F20	Current source/test/documentation	src/omfobjects.cpp	319	s.formatTag = qFromLittleEndian<quint16>(f);
F20	Current source/test/documentation	src/omfobjects.cpp	322	s.bitsPerSample = qFromLittleEndian<quint16>(f + 14);
F20	Current source/test/documentation	src/omfobjects.cpp	355	s.bitsPerSample = qFromBigEndian<qint16>(c + 6);
F20	Current source/test/documentation	src/omfobjects.cpp	820	const WaveSummary s = readWaveSummary(b.bytes(mediaDescriptorObjectId, p.wavdSummary));
F20	Current source/test/documentation	src/omfobjects.cpp	825	blobBits = s.bitsPerSample;
F20	Current source/test/documentation	src/omfobjects.cpp	837	blobBits = s.bitsPerSample;
F20	Current source/test/documentation	src/omfobjects.h	120	struct WaveSummary
F20	Current source/test/documentation	src/omfobjects.h	145	[[nodiscard]] WaveSummary readWaveSummary(QByteArrayView blob);
F20	Current source/test/documentation	src/omfresolutions.cpp	132	return QStringLiteral("WAVE (OMF)");
F20	Current source/test/documentation	tests/tst_omfparser.cpp	238	w.set(desc, "OMFI:WAVD:Summary", TestOmf::waveSummary());
F20	Current source/test/documentation	tests/tst_omfparser.cpp	584	riff.append("WAVEfmt ");
F20	Current source/test/documentation	tests/tst_omfparser.cpp	721	w.set(desc, "OMFI:WAVD:Summary", TestOmf::waveSummary());
F21	Current source/test/documentation	src/omfobjects.cpp	316	if (size < 16 || pos + 8 + 16 > blob.size())
F21	Current source/test/documentation	src/omfobjects.cpp	323	s.valid = s.channels > 0 && s.sampleRate > 0;
F21	Current source/test/documentation	src/omfobjects.cpp	350	if (size < 18 || pos + 8 + 18 > blob.size())
F21	Current source/test/documentation	src/omfobjects.cpp	361	if (size >= 22 && pos + 8 + 22 <= blob.size())
F21	Current source/test/documentation	src/omfobjects.cpp	362	s.compressionType = QByteArray(reinterpret_cast<const char *>(c + 18), 4);
F21	Current source/test/documentation	src/omfobjects.cpp	363	s.valid = s.channels > 0 && s.sampleRate > 0;
F21	Current source/test/documentation	src/omfobjects.h	119	/// trusting a fixed offset. `valid` is false when no `fmt ` chunk fits.
F21	Current source/test/documentation	src/omfobjects.h	126	bool valid = false;
F21	Current source/test/documentation	src/omfobjects.h	140	QByteArray compressionType;    ///< Empty for a plain AIFF `COMM`.
F21	Current source/test/documentation	src/omfobjects.h	141	bool valid = false;
F22	Current source/test/documentation	src/pmrparser.cpp	204	bool PmrParser::trailerMatchesModified(quint32 trailer, const QDateTime &onDisk)
F22	Current source/test/documentation	src/pmrparser.cpp	210	// EXACTLY one hour in either direction (CompareDirectory 0x4537a8–c0,
F22	Current source/test/documentation	src/pmrparser.cpp	221	constexpr qint64 kMacToUnix = 2082844800;
F22	Current source/test/documentation	src/pmrparser.cpp	222	const qint64 utcOffsetSeconds = QDateTime::fromSecsSinceEpoch(mtime).offsetFromUtc();
F22	Current source/test/documentation	src/pmrparser.cpp	223	return matches(qint64(trailer) - kMacToUnix - utcOffsetSeconds);
F22	Current source/test/documentation	src/mediascanner.cpp	1058	const bool databaseTimestampMatches = pmrHit && pmrHit->fileModifiedSecs != 0 &&
F22	Current source/test/documentation	src/mediascanner.cpp	1060	mf.databaseMetadataCurrent = databaseMetadataComplete && databaseTimestampMatches;
F22	Current source/test/documentation	src/mediascanner.cpp	1061	if (isNonEmpty && mf.databaseMetadataCurrent)
F22	Current source/test/documentation	src/mediascanner.cpp	1070	mf.needsHeaderRead = isNonEmpty && ((FeatureFlags::kClipDurationEnabled && !mf.omfEra) || !mf.databaseMetadataCurrent ||
F22	Current source/test/documentation	src/mediascanner.cpp	1121	mf.databaseMetadataCurrent = false;
F22	Current source/test/documentation	src/mediascanner.cpp	1184	if (mf.databaseMetadataCurrent && metadata.classificationKnown && metadata.isPrecompute &&
F22	Current source/test/documentation	src/pmrparser.h	22	/// seconds; zero means absent. PmrParser::trailerMatchesModified handles
F22	Current source/test/documentation	src/pmrparser.h	67	/// Does a PMR trailer agree with the file's modification time under the
F22	Current source/test/documentation	src/pmrparser.h	72	/// A zero trailer or invalid date never matches. A writing-machine time
F22	Current source/test/documentation	src/pmrparser.h	75	[[nodiscard]] static bool trailerMatchesModified(quint32 trailer, const QDateTime &onDisk);
F22	Current source/test/documentation	docs/current-behaviour.md	197	Column headings have no tooltips. File modification timestamps are retained
F22	Current source/test/documentation	docs/usage-code-identification.md	52	On 5 September 2026, both the normal build and the AddressSanitizer/UndefinedBehaviorSanitizer build passed `tst_mxfparser` **80**, `tst_mdbparser` **32**, and `tst_omfparser` **36** test checks, including setup/cleanup: **148 total, no failures or skips**. The external-fixture semantic regression ran with `OMF_TOOLKIT_SAMPLES` set. There were no sanitizer diagnostics; 35 expected parser warnings came from negative fixtures. All 122 checked repository dependency-to-object timestamps were current in each build.
F22	Current source/test/documentation	docs/avb-error-examples.md	28	For example, the message text for a rejected drag, a damaged bin and an unsupported bin can look like this. The console adds its normal timestamp, warning level and `filters` module prefix:
F22	Current source/test/documentation	docs/parser-compatibility.md	46	| Timestamp exception | `CompareDirectory` at `0x4537a8–0x4537c0` and the cached directory scan at `0x44c738–0x44c74c` accept an exact one-hour difference. MediaMuster adds that exact exception to its existing two-second filesystem tolerance around its Unix/local-1904 interpretations. It does not accept a one-hour interval or infer arbitrary foreign time zones. |
F22	Current source/test/documentation	docs/parser-compatibility.md	66	- The user reports successful field testing with real Avid systems and NEXIS/NAS storage. Automated shared-storage cases use local directories; these do not independently establish simultaneous-writer behaviour on every server. File modification dates provide a practical cache check, not proof that another application cannot change a file during scanning.
F22	Current source/test/documentation	docs/CONTRIBUTING.md	22	the native unit of opaque platform timestamps. Treat acronyms as words (`MxfParser`,
F22	Historical review; assess against current source	docs/reviews/2026-09-20-media-scope/code-audit.md	18	6. Current, sufficiently complete database facts avoid media-header I/O. Missing, incomplete or stale records trigger a header read (`src/mediascanner.cpp:1217–1235`). PMR timestamps are freshness heuristics, not byte-level proof of file identity. A file changed while preserving the recorded timestamp can therefore retain cached metadata until another reason triggers header verification.
F22	Historical review; assess against current source	docs/reviews/2026-09-20-media-scope/validation-history.md	26	During final review, the user requested removal of the old **Force header scan** prototype feature. Its menu action, state, scanner option and branch have been removed. The comparison test now changes the file timestamp to exercise automatic header verification and compare its results with current database metadata. The app and scanner test target were rebuilt after that removal; the scanner suite passed in 5.17 seconds.
F22	Historical review; assess against current source	docs/reviews/2026-09-20-media-scope/REVIEW.md	100	a matching modification timestamp can avoid reading media headers. Missing,
F22	Historical review; assess against current source	docs/reviews/2026-09-30-live-media-audit/report.txt	44	2,615 records: filenames, IDs, master IDs, projects and timestamps. Specimens
F22	Historical review; assess against current source	docs/reviews/2026-09-06-current-code/ui-build-tests.md	83	**Engineer:** The common fixture's start timestamp is fixed at 29 August 2026. Production intentionally prunes completed undo candidates older than seven days. By this review date, three cases expecting a fresh retained candidate instead exercise aged retention.
F22	Historical review; assess against current source	docs/reviews/2026-09-06-current-code/ui-build-tests.md	85	**Proof:** The clean C++17 build succeeds, but CTest output records failures at test lines 238, 255 and 759: `clean_journal_is_kept_as_undo_candidate`, `superseded_finished_journals_are_pruned`, and `cancelled_run_is_not_resumable_but_is_undo_candidate`. All three use that shared timestamp and the retention branch. `tst_oprescue` has 39 passing cases and three failures; all other 30 CTest executables pass.
F22	Historical review; assess against current source	docs/reviews/2026-09-06-current-code/ui-build-tests.md	89	**Fix:** Use a controlled clock, or fresh timestamps for fresh-journal cases and explicitly old timestamps only for aging tests. Do not extend production retention to make these fixtures pass.
F22	Historical review; assess against current source	docs/reviews/2026-09-06-current-code/file-operations.md	139	- **Time-dependent tests:** tst_oprescue.cpp:24-28 fixes begin.started to 2026-08-29; production retention at oprescue.cpp:870-874 expires >7-day journals. This explains the three root-observed failures on 2026-09-06: clean_journal_is_kept_as_undo_candidate, superseded_finished_journals_are_pruned, cancelled_run_is_not_resumable_but_is_undo_candidate. Use a controlled clock or derive fresh test timestamps; keep the explicitly aged test separate. This is a test-fixture defect, not a production retention regression.
F22	Historical review; assess against current source	docs/reviews/2026-09-06-current-code/REVIEW.md	104	**Database trust is another policy boundary.** The current fast path deliberately trusts complete PMR/MDB metadata and matching file timestamp/name enough to skip header parsing. A scanner test explicitly demonstrates that behavior. This review does not assume every fast-path scan must reread every media header. Decide whether bin/project-based destructive selections require an additional identity confirmation when executing; the answer should balance shared-storage scan cost against selection assurance. No stale-database wrong-file deletion was reproduced here.
F22	Historical review; assess against current source	docs/reviews/2026-09-22-current-code/ui-build-docs.md	97	- `cmake --build build -j 6` compiled and linked the app and tests. The app's post-build Developer ID signing failed with `A timestamp was expected but was not found`. No compiler diagnostic was recorded. Do not call this a successful signed application build.
F22	Historical review; assess against current source	docs/reviews/2026-09-22-current-code/REVIEW.md	152	| `OpStamp::size`, `modified` | `sizeBytes`, `nativeModifiedTime` | Exposes byte units and the deliberately platform-specific timestamp. |
F22	Historical review; assess against current source	docs/reviews/2026-09-22-current-code/REVIEW.md	181	- App/test compilation and linking completed, but post-build app signing failed: **“A timestamp was expected but was not found.”** This was not a successful signed-app build.
F22	Historical review; assess against current source	docs/reviews/2026-09-30-parser-audit/report.txt	185	Filename, project, file ID, master ID and timestamp all matched. Both
F22	Historical review; assess against current source	docs/reviews/2026-09-30-parser-audit/report.txt	239	timestamps.asm.txt: exact absolute delta 0xe10 (3600 seconds) is accepted;
F22	Historical review; assess against current source	docs/reviews/2026-09-29-code-quality/assessment.md	59	The reproduction used a real temporary `clip.mxf` pathname and a generated PMR containing an unrelated `CLIP.mxf` entry before the correct `clip.mxf` entry. Both index timestamps matched, and both had complete generated MDB records. The resulting row used `WrongProject` and `WRONG uppercase record`, with `databaseCurrent=true` and `needsHeader=false`. A placeholder media body deliberately established that no header check occurred; this does not claim that a shipped real-media fixture contains this collision.
F22	Historical review; assess against current source	docs/reviews/2026-09-29-code-quality/assessment.md	67	Recommended correction: preserve the existing primary database precedence, prefer the exact original filename within that source, and treat unresolved conflicting identities as ambiguity requiring verification. Do not silently choose a different identity. Add a regression with matching timestamps and conflicting records, including the exact-name case.
F22	Historical review; assess against current source	docs/reviews/2026-09-29-code-quality/assessment.md	116	**Stronger types.** Operation fields such as `policy`, `undoAction` and `mechanism` drive important behaviour using text. Use typed values inside the program, while keeping existing serialized journal keys and values unchanged at the file boundary. Distinguish file and master MOB identities and native timestamps from Unix milliseconds. Replace the destination assessment's parallel vectors with one vector of per-item records, so their indexes cannot drift apart. See [operation input](/Users/martymclean/Developer/MediaMuster/src/oprequest.h:119), [journal state](/Users/martymclean/Developer/MediaMuster/src/opjournal.h:56) and [destination assessment](/Users/martymclean/Developer/MediaMuster/src/managemediadialog.h:139).
F22	Historical review; assess against current source	docs/reviews/2026-09-29-code-quality/naming-inventory.md	31	Scanner metadata update, 2 October 2026: approved local names are implemented, including isNonEmpty, databaseMetadataComplete and databaseTimestampMatches. PMR selection assigns fields directly, and timestamp checks reuse the captured modification time. Database precedence, replacement clearing and parsed fields are preserved. The subsequent MediaFile update applies its field rename.
F22	Historical review; assess against current source	docs/reviews/2026-09-29-code-quality/naming-inventory.md	3170	| 998 | Variable | MediaScanner::buildMediaFile | indexedFileCurrent | databaseTimestampMatches | Implemented | Approved scanner name states the evidence or specific Mob identity. |
F22	Historical review; assess against current source	docs/reviews/2026-09-29-code-quality/naming-inventory.md	4816	| 555 | Variable | OpFile::preserveMetadataFrom | times | sourceTimestamps | Candidate | Non-macOS POSIX fallback: access and modification times to preserve. |
F22	Historical review; assess against current source	docs/reviews/2026-09-29-code-quality/naming-inventory.md	5081	| 746 | Parameter | OpJournal::prune | now | timestamp | Candidate | Type-supported expansion of a short local name; verify scope before applying. |
F22	Historical review; assess against current source	docs/reviews/2026-09-29-code-quality/naming-inventory.md	5088	| 763 | Parameter | OpJournal::pruneRecords | now | timestamp | Candidate | Type-supported expansion of a short local name; verify scope before applying. |
F22	Historical review; assess against current source	docs/reviews/2026-09-29-code-quality/naming-inventory.md	5268	| 136 | Parameter | OpJournal::prune | now | timestamp | Candidate | Type-supported expansion of a short local name; verify scope before applying. |
F22	Historical review; assess against current source	docs/reviews/2026-09-29-code-quality/naming-inventory.md	5273	| 141 | Parameter | OpJournal::pruneRecords | now | timestamp | Candidate | Type-supported expansion of a short local name; verify scope before applying. |
F22	Historical review; assess against current source	docs/reviews/2026-09-29-code-quality/naming-inventory.md	5448	| 130 | Field | OpItem | expectedModified | expectedModifiedNative | Rename | The value uses the native file-identity timestamp units, not Unix milliseconds. |
F22	Historical review; assess against current source	docs/reviews/2026-09-29-code-quality/naming-inventory.md	6297	| 75 | Method | PmrParser | trailerMatchesModified | indexedTimestampMatches | Rename | Clarifies the specific role, result, state or units. |
F22	Historical review; assess against current source	docs/reviews/2026-09-29-code-quality/naming-inventory.md	12122	| 827 | Variable | TestOpJournal::pruning_uses_last_update | now | timestamp | Candidate | Type-supported expansion of a short local name; verify scope before applying. |
F22	Historical review; assess against current source	docs/reviews/2026-09-29-code-quality/naming-inventory.md	12133	| 877 | Variable | TestOpJournal::pruning_preserves_recovery_evidence | now | timestamp | Candidate | Type-supported expansion of a short local name; verify scope before applying. |
F22	Historical review; assess against current source	docs/reviews/2026-09-29-code-quality/naming-inventory.md	12143	| 935 | Variable | TestOpJournal::pruning_keeps_the_latest_undo_candidate_with_undo_disabled | now | timestamp | Candidate | Type-supported expansion of a short local name; verify scope before applying. |
F22	Historical review; assess against current source	docs/reviews/2026-09-29-code-quality/naming-inventory.md	12153	| 965 | Variable | TestOpJournal::pruning_keeps_the_completed_undo_barrier | now | timestamp | Candidate | Type-supported expansion of a short local name; verify scope before applying. |
F22	Historical review; assess against current source	docs/reviews/2026-09-29-code-quality/naming-inventory.md	12163	| 1004 | Variable | TestOpJournal::pruning_keeps_linked_history | now | timestamp | Candidate | Type-supported expansion of a short local name; verify scope before applying. |
F22	Historical review; assess against current source	docs/reviews/2026-09-29-code-quality/naming-inventory.md	12189	| 1085 | Variable | TestOpJournal::pruning_preserves_missing_links | now | timestamp | Candidate | Type-supported expansion of a short local name; verify scope before applying. |
F22	Historical review; assess against current source	docs/reviews/2026-09-29-code-quality/naming-inventory.md	12199	| 1118 | Variable | TestOpJournal::pruning_respects_the_operation_lock | now | timestamp | Candidate | Type-supported expansion of a short local name; verify scope before applying. |
F22	Historical review; assess against current source	docs/reviews/2026-09-29-code-quality/naming-inventory.md	12207	| 1142 | Variable | TestOpJournal::pruning_leaves_media_and_unrelated_files_untouched | now | timestamp | Candidate | Type-supported expansion of a short local name; verify scope before applying. |
F22	Historical review; assess against current source	docs/reviews/2026-09-29-code-quality/naming-inventory.md	12903	| 83 | Method | TestScanner | zero_pmr_timestamp_forces_header_and_keeps_kind_and_type_unknown | zero_pmr_timestamp_forces_header_and_keeps_kind_and_type_unknown | Keep | Existing test name describes a scenario or uses a QtTest convention. |
F22	Historical review; assess against current source	docs/reviews/2026-09-29-code-quality/naming-inventory.md	13247	| 1323 | Variable | TestScanner::zero_pmr_timestamp_forces_header_and_keeps_kind_and_type_unknown | tmp | temporaryDirectory | Candidate | Type-supported expansion of a short local name; verify scope before applying. |
F22	Historical review; assess against current source	docs/reviews/2026-09-29-code-quality/naming-inventory.md	13248	| 1325 | Variable | TestScanner::zero_pmr_timestamp_forces_header_and_keeps_kind_and_type_unknown | folder | folder | Keep | No clear improvement from the naming rules; retain pending a more specific semantic reason. |
F22	Historical review; assess against current source	docs/reviews/2026-09-29-code-quality/naming-inventory.md	13249	| 1333 | Variable | TestScanner::zero_pmr_timestamp_forces_header_and_keeps_kind_and_type_unknown | rows | rows | Keep | No clear improvement from the naming rules; retain pending a more specific semantic reason. |
F22	Historical review; assess against current source	docs/reviews/2026-09-29-code-quality/naming-inventory.md	13250	| 1335 | Variable | TestScanner::zero_pmr_timestamp_forces_header_and_keeps_kind_and_type_unknown | mf | mediaFile | Candidate | Context-based abbreviation expansion; confirm the role and check for a name collision. |
F23	Current source/test/documentation	src/pmrkey.h	11	/// The canonical lookup: NFC-normalised, lower-cased filename.
F23	Current source/test/documentation	src/pmrkey.h	18	return filename.normalized(QString::NormalizationForm_C).toLower();
F23	Current source/test/documentation	src/pmrparser.cpp	305	map[PmrKey::primary(entry.fileName)].append(entry);
F23	Current source/test/documentation	src/mediascanner.cpp	916	dbs.pmr[it.key()].append(it.value());
F23	Current source/test/documentation	src/mediascanner.cpp	1027	const PmrEntry *pmrHit = nullptr;
F23	Current source/test/documentation	src/mediascanner.cpp	1030	const auto pmrIt = pmrMap.constFind(primaryKey);
F23	Current source/test/documentation	src/mediascanner.cpp	1031	if (pmrIt != pmrMap.constEnd() && !pmrIt->isEmpty())
F23	Current source/test/documentation	src/mediascanner.cpp	1033	pmrHit = &pmrIt->first();
F23	Historical review; assess against current source	docs/reviews/2026-09-06-current-code/ui-build-tests.md	97	**Proof:** Each helper's return path is unconditional. PMR's missing-file case at lines 428–430 expects empty/not-ok, the same broad outcome used by its wrong-magic test at lines 470–480. Therefore the wrong-magic test's assertions do not distinguish a failed fixture creation from a successfully created wrong-magic file. This is a source-derived test weakness; normal test-fixture creation succeeded during this review.
F23	Historical review; assess against current source	docs/reviews/2026-09-30-parser-audit/report.txt	60	scanner the PMR lookup is an exact normalized-name lookup at
F23	Historical review; assess against current source	docs/reviews/2026-09-29-code-quality/assessment.md	57	The PMR index groups filenames after case normalization. The scanner takes the first record in a matching group without first resolving an exact-name match or conflicting identities. It can then treat that record's database metadata as current and skip checking the media header.
F23	Historical review; assess against current source	docs/reviews/2026-09-29-code-quality/assessment.md	65	Evidence: [normalization](/Users/martymclean/Developer/MediaMuster/src/pmrkey.h:16), [first-record selection](/Users/martymclean/Developer/MediaMuster/src/mediascanner.cpp:975), and [database fast path](/Users/martymclean/Developer/MediaMuster/src/mediascanner.cpp:998).
F23	Historical review; assess against current source	docs/reviews/2026-09-29-code-quality/naming-inventory.md	12331	| 205 | Method | TestPmrParser | filename_key_normalizes_nfd_to_nfc | filename_key_normalizes_nfd_to_nfc | Keep | Existing test name describes a scenario or uses a QtTest convention. |
F23	Historical review; assess against current source	docs/reviews/2026-09-29-code-quality/naming-inventory.md	12332	| 206 | Method | TestPmrParser | filename_key_preserves_already_normalised | filename_key_preserves_already_normalised | Keep | Existing test name describes a scenario or uses a QtTest convention. |
F23	Historical review; assess against current source	docs/reviews/2026-09-29-code-quality/naming-inventory.md	12374	| 289 | Variable | TestPmrParser::filename_key_normalizes_nfd_to_nfc | nfd | nfd | Keep | No clear improvement from the naming rules; retain pending a more specific semantic reason. |
F23	Historical review; assess against current source	docs/reviews/2026-09-29-code-quality/naming-inventory.md	12375	| 290 | Variable | TestPmrParser::filename_key_normalizes_nfd_to_nfc | nfc | nfc | Keep | No clear improvement from the naming rules; retain pending a more specific semantic reason. |
F24	Current source/test/documentation	src/pmrparser.cpp	230	QFile file(pmrFilePath);
F24	Current source/test/documentation	src/pmrparser.cpp	236	const QByteArray data = file.readAll();
F24	Current source/test/documentation	src/mdbparser.cpp	99	QFile file(mdbFilePath);
F24	Current source/test/documentation	src/mdbparser.cpp	105	const QByteArray data = file.readAll();
F24	Current source/test/documentation	src/mediascanner.cpp	875	readFolderPmrs(task, dbs, logs);
F24	Current source/test/documentation	src/mediascanner.cpp	876	readFolderMdbs(task, dbs, logs);
F24	Current source/test/documentation	src/mediascanner.cpp	892	void MediaScanner::readFolderPmrs(const ScanTask &task, FolderDatabases &dbs,
F24	Current source/test/documentation	src/mediascanner.cpp	939	void MediaScanner::readFolderMdbs(const ScanTask &task, FolderDatabases &dbs,
F24	Current source/test/documentation	docs/parser-compatibility.md	66	- The user reports successful field testing with real Avid systems and NEXIS/NAS storage. Automated shared-storage cases use local directories; these do not independently establish simultaneous-writer behaviour on every server. File modification dates provide a practical cache check, not proof that another application cannot change a file during scanning.
F25	Current source/test/documentation	src/mediascanner.cpp	230	if (metadata.timecodeBase > 0)
F25	Current source/test/documentation	src/mediascanner.cpp	231	mf.timecodeBase = metadata.timecodeBase;
F25	Current source/test/documentation	src/mediascanner.cpp	232	if (metadata.dropFrame)
F25	Current source/test/documentation	src/mediascanner.cpp	233	mf.dropFrame = true;
F25	Current source/test/documentation	src/mediascanner.cpp	1116	mf.timecodeBase = 0;
F25	Current source/test/documentation	src/mediametadata.h	111	int timecodeBase = 0;
F25	Current source/test/documentation	src/mediametadata.h	113	/// A timecode component (set 0x14) carried DropFrame=true (tag 0x1503).
F25	Current source/test/documentation	src/mediametadata.h	114	bool dropFrame = false;
F25	Current source/test/documentation	src/mxfparser.cpp	831	const auto readDropFrame = [&](const QSet<qsizetype> &candidates)
F25	Current source/test/documentation	src/mxfparser.cpp	849	int drop = readDropFrame(reachableObjectIndexes(header, materialPackageIndex, false));
F25	Current source/test/documentation	src/mxfparser.cpp	851	drop = readDropFrame(scope);
F25	Current source/test/documentation	src/mxfparser.cpp	852	meta.dropFrame = drop == 1;
F25	Current source/test/documentation	src/mxfparser.cpp	1401	out.dropFrame = true;
F25	Current source/test/documentation	src/omfobjects.cpp	711	t.dropFrame = b.uintValue(b.bytes(timecodeObjectId, p.tcFlags)) != 0;
F25	Current source/test/documentation	src/omfobjects.cpp	912	e.dropFrame = b.uintValue(b.bytes(timecodeObjectId, p.tcFlags)) != 0;
F26	Current source/test/documentation	src/mediascanner.cpp	170	void assignIfMissing(T &dst, const T &src)
F26	Current source/test/documentation	src/mediascanner.cpp	186	void applyMdbRecord(MediaFile &mf, const MdbMasterMob &rec)
F26	Current source/test/documentation	src/mediascanner.cpp	189	assignIfMissing(mf.originalBin, rec.bin);
F26	Current source/test/documentation	src/mediascanner.cpp	190	assignIfMissing(mf.sourceFilePath, rec.sourceFilePath);
F26	Current source/test/documentation	src/mediascanner.cpp	191	assignIfMissing(mf.sourceFileName, rec.sourceFileName);
F26	Current source/test/documentation	src/mediascanner.cpp	192	assignIfMissing(mf.sourceContainer, rec.sourceContainer);
F26	Current source/test/documentation	src/mediascanner.cpp	242	assignIfMissing(mf.sourceFilePath, metadata.sourceFilePath);
F26	Current source/test/documentation	src/mediascanner.cpp	243	assignIfMissing(mf.sourceContainer, metadata.sourceContainer);
F26	Current source/test/documentation	src/mediascanner.cpp	1047	applyMdbRecord(mf, masterIt.value());
F26	Current source/test/documentation	src/mediascanner.cpp	1048	assignIfMissing(mf.project, masterIt->project);
F26	Current source/test/documentation	src/mediascanner.cpp	1051	assignIfMissing(mf.project, fileIt->project);
F26	Current source/test/documentation	src/mediascanner.cpp	1071	mf.project.isEmpty() || mf.masterMobId.isEmpty() || mf.type == MediaFile::Type::Unknown ||
F26	Current source/test/documentation	src/mediascanner.cpp	1174	assignIfMissing(mf.fileMobId, headerFileMobId);
F26	Current source/test/documentation	src/mediascanner.cpp	1177	assignIfMissing(mf.masterMobId, headerMasterMobId);
F26	Current source/test/documentation	src/mediascanner.cpp	1178	assignIfMissing(mf.originalBin, headerBin);
F26	Current source/test/documentation	src/mediascanner.cpp	1191	// media metadata; preserve an existing database value.
F26	Current source/test/documentation	src/mediascanner.cpp	1192	if (headerUsable && mf.project.isEmpty())
F26	Current source/test/documentation	src/mediascanner.cpp	1201	applyMdbRecord(mf, record.value());
F26	Current source/test/documentation	docs/parser-compatibility.md	22	| Stale databases | A missing or mismatched indexed modification time triggers a header check. If the header proves that a filename now belongs to different media, old clip details are cleared before the replacement is described. |
F26	Current source/test/documentation	docs/current-behaviour.md	141	| Avid's folder databases | The PMR file index connects filenames to Avid identifiers. MDB records provide clip relationships, names and technical details. Project information can also come from these databases. |
F26	Current source/test/documentation	docs/current-behaviour.md	146	matches the file. Missing, unreadable, incomplete or stale information causes a
F26	Current source/test/documentation	docs/current-behaviour.md	166	These labels describe separate facts. A file can have no project name and also
F26	Current source/test/documentation	docs/current-behaviour.md	174	| No project | No project name was recovered for the file. This does not mean that the file is unused. |
F26	Current source/test/documentation	docs/current-behaviour.md	179	The Project field is recorded metadata, not a search through every Avid project.
F26	Current source/test/documentation	docs/current-behaviour.md	186	The default column order is Clip Name, Project, Bin, Kind, Duration, Size (MB),
F26	Current source/test/documentation	docs/current-behaviour.md	251	Enabling precompute features also adds Precomputes. Project selection, including
F26	Current source/test/documentation	docs/current-behaviour.md	252	**No project**, is available in the sidebar. Database membership remains visible
F26	Current source/test/documentation	docs/current-behaviour.md	253	in Project tooltips, and the scan log reports recovered all-zero media identifiers.
F26	Current source/test/documentation	docs/current-behaviour.md	256	Project, tab, search, bin and enabled precompute filters combine: a row must pass
F26	Current source/test/documentation	docs/current-behaviour.md	257	each active restriction to appear. Choosing several projects includes any of
F26	Current source/test/documentation	docs/current-behaviour.md	258	those selected projects. Search ignores letter case but keeps accents significant.
F26	Current source/test/documentation	docs/current-behaviour.md	260	Hovering over a project in the sidebar shows its file count and total size across
F26	Current source/test/documentation	docs/current-behaviour.md	262	**No project** entry when files have no recorded project.
F26	Current source/test/documentation	docs/current-behaviour.md	273	the loaded bins and recoverable identifiers; it is not a search of every project
F26	Current source/test/documentation	docs/current-behaviour.md	340	After Move or Delete, the table removes source rows reported as removed. Project
F26	Current source/test/documentation	docs/current-behaviour.md	341	counts and sizes refresh, empty projects and their filters disappear, and the
F26	Current source/test/documentation	docs/current-behaviour.md	342	status bar reflects the remaining visible rows. Selections of remaining projects
F26	Current source/test/documentation	docs/current-behaviour.md	383	with locations still represented in the table. The table, Projects list, filters
F27	Current source/test/documentation	src/featureflags.h	8	inline constexpr bool kClipDurationEnabled = true;
F27	Current source/test/documentation	src/mediascanner.cpp	181	// database fast path, which skips reading the media header.
F27	Current source/test/documentation	src/mediascanner.cpp	328	// MARK: Pass 2 — headers for the rows the databases didn't cover
F27	Current source/test/documentation	src/mediascanner.cpp	333	qCDebug(lcScanner) << "pass 2 (headers):" << stageTimer.restart() << "ms";
F27	Current source/test/documentation	src/mediascanner.cpp	855	// Cache the clip records for pass 2's UMID re-join — only the masters;
F27	Current source/test/documentation	src/mediascanner.cpp	1070	mf.needsHeaderRead = isNonEmpty && ((FeatureFlags::kClipDurationEnabled && !mf.omfEra) || !mf.databaseMetadataCurrent ||
F27	Current source/test/documentation	src/mediascanner.cpp	1087	// MARK: - Header pass (pass 2)
F27	Current source/test/documentation	src/mediascanner.cpp	1125	// MediaScanner; the database records remain read-only throughout pass 2.
F27	Current source/test/documentation	src/mediascanner.cpp	1227	// Pass 1 marks rows with stale, incomplete or unknown database metadata.
F27	Current source/test/documentation	docs/parser-compatibility.md	14	| Media family | The accepted managed tree selects MXF or OMF, independently of unrelated database IDs. Each family admits only its own supported suffixes. Current, complete database records retain the no-header-read fast path. |
F27	Current source/test/documentation	docs/parser-compatibility.md	26	| Debug menu | The obsolete **Force header scan** control has been removed. Header checks happen automatically when database information needs verification. |
F27	Current source/test/documentation	docs/current-behaviour.md	144	The scanner reads databases first. It can avoid opening a media file when the
F27	Current source/test/documentation	docs/current-behaviour.md	233	multiple track lengths rather than inventing one aggregate. MXF headers are read
F27	Current source/test/documentation	docs/current-behaviour.md	319	Conflicts offer Keep Both or Skip. Keep Both chooses a numbered alternative name;
F27	Current source/test/documentation	docs/current-behaviour.md	325	skipped files remain untouched. A completed copy can also retain its source when
F27	Current source/test/documentation	docs/release-feature-gates.md	72	the existing header fallback. A current complete database record can avoid
F27	Current source/test/documentation	docs/release-feature-gates.md	90	| kClipDurationEnabled | Adds separate per-track Clip Duration values to the table and CSV; reads MXF headers even when database metadata is current. | Omits the Clip Duration column and its extra header-read requirement. |
F27	Current source/test/documentation	docs/release-feature-gates.md	126	With this flag enabled, the scanner also reads MXF headers when a current
F28	Current source/test/documentation	docs/parser-compatibility.md	64	- MXF reading describes the header and selected metadata graph. It does not certify essence integrity, decode codecs, reconstruct metadata available only in a footer, or provide a complete multi-track MXF demultiplexer. Ambiguous multiple picture descriptors remain unresolved. The reader bounds selected metadata to 64 MiB and reports that limit separately from success.
F28	Current source/test/documentation	src/mxfparser.cpp	377	// The accumulated buffer must remain representable by Qt's index
F28	Current source/test/documentation	src/mxfparser.cpp	378	// type, including its trailing NUL; there is no policy size ceiling.
F28	Current source/test/documentation	src/mxfparser.h	13	/// size or item-count ceiling; framing must fit within the file.
F28	Current source/test/documentation	tests/tst_mxfparser.cpp	1032	// Write each set separately to avoid a second 64 MiB test-fixture buffer.
F28	Current source/test/documentation	tests/tst_mxfparser.cpp	1035	const QByteArray material = packageSet(0x36, QByteArray(32, 'm'), QStringLiteral("Beyond 64 MiB"));
F28	Current source/test/documentation	tests/tst_mxfparser.cpp	1042	QCOMPARE(result.clipName, QStringLiteral("Beyond 64 MiB"));
F28	Current source/test/documentation	src/bentofile.cpp	17	constexpr quint64 kDictionaryPrefetchBytes = 64 * 1024 * 1024;
F28	Current source/test/documentation	src/bentofile.cpp	467	if (hi > lo && hi - lo <= kDictionaryPrefetchBytes)
F29	Current source/test/documentation	src/pmrparser.cpp	236	const QByteArray data = file.readAll();
F29	Current source/test/documentation	src/mdbparser.cpp	105	const QByteArray data = file.readAll();
F29	Current source/test/documentation	src/mdbparser.cpp	115	if (!b.load(data, &why))
F29	Current source/test/documentation	src/mxfparser.cpp	226	// partition to less than 65536 bytes. This is a format constraint, not
F29	Current source/test/documentation	src/mxfparser.cpp	435	QByteArray fieldData;
F29	Current source/test/documentation	src/mxfparser.cpp	464	QVector<QPair<quint8, QByteArray>> rawSets;
F29	Current source/test/documentation	src/mxfparser.cpp	509	rawSets.append({quint8(data[pos + 14]), data.mid(value, size)});
F29	Current source/test/documentation	src/mxfparser.cpp	512	for (const auto &raw : rawSets)
F29	Current source/test/documentation	src/mxfparser.cpp	542	set.fieldData += char(tag >> 8);
F29	Current source/test/documentation	src/mxfparser.cpp	543	set.fieldData += char(tag & 0xff);
F29	Current source/test/documentation	src/mxfparser.cpp	544	set.fieldData += char(size >> 8);
F29	Current source/test/documentation	src/mxfparser.cpp	545	set.fieldData += char(size & 0xff);
F29	Current source/test/documentation	src/mxfparser.cpp	546	set.fieldData += value;
F29	Current source/test/documentation	src/mxfparser.cpp	969	parsePackage(set.fieldData, meta, true);
F29	Current source/test/documentation	src/mxfparser.cpp	1120	parsePackage(set.fieldData, meta, false);
F29	Current source/test/documentation	src/mxfparser.cpp	1127	parsePackage(set.fieldData, meta, false);
F29	Current source/test/documentation	src/mxfparser.cpp	1137	parseDescriptorSet(set.fieldData, meta);
F29	Current source/test/documentation	src/mxfparser.cpp	1157	parseStructuralComponent(set.fieldData, meta);
F29	Current source/test/documentation	src/mxfparser.cpp	1159	parseTaggedValue(set.fieldData, meta);
F29	Current source/test/documentation	src/mxfparser.cpp	1176	parseTaggedValue(set.fieldData, attribute);
F29	Current source/test/documentation	src/bentofile.cpp	17	constexpr quint64 kDictionaryPrefetchBytes = 64 * 1024 * 1024;
F29	Current source/test/documentation	src/bentofile.cpp	271	bool BentoFile::fetch(quint64 at, quint64 length, QByteArray &out) const
F29	Current source/test/documentation	src/bentofile.cpp	289	return fetch(offset, length, out);
F29	Current source/test/documentation	src/bentofile.cpp	448	if (!fetch(m_tocOffset, m_tocLength, m_toc))
F29	Current source/test/documentation	src/bentofile.cpp	467	if (hi > lo && hi - lo <= kDictionaryPrefetchBytes)
F29	Current source/test/documentation	src/bentofile.cpp	470	if (!fetch(lo, hi - lo, m_dict))
F29	Current source/test/documentation	src/bentofile.cpp	563	if (!fetch(e->value, e->length, part))
F30	Current source/test/documentation	src/oprunner.cpp	110	(expected == actual || expected == MobId::swapMaterialByteOrder(actual));
F30	Current source/test/documentation	src/mediascanner.cpp	1151	const auto canonicalHeaderId = [&](const QString &id)
F30	Current source/test/documentation	src/mediascanner.cpp	1161	const QString headerFileMobId = headerUsable || hasOmfMediaDescriptor ? canonicalHeaderId(metadata.fileMobId) : QString{};
F30	Current source/test/documentation	src/mediascanner.cpp	1163	const QString headerMasterMobId = headerUsable && headerMasterKnown ? canonicalHeaderId(metadata.umid) : QString{};
F30	Current source/test/documentation	src/binfilereferences.h	90	if (!file.fullId.isEmpty() && fullIds.contains(file.fullId))
F30	Current source/test/documentation	docs/avb-parser.md	5	The reader validates the document header, object count, root and class/length records, then indexes object offsets. It reads identity-bearing properties at their class-defined positions and checks references in shared component/track prefixes and common sequence/reference-list objects. MOB-looking comment text and the `NewlyArrivedMobList` history are not identity fields. Ordinary tagged binary MOBs and legacy scalar MOB words are decoded with the file's byte order. The retained outputs are `MSML` file identities and composition identities with clip/original-bin metadata. Other supported identity fields are still validated, but the parser no longer builds a broad ID collection or its byte-order aliases.
F30	Current source/test/documentation	docs/avb-parser.md	13	A failed comparison between two modern full IDs never enables a shortened comparison. Master IDs, source-clip IDs, filenames and byte-order aliases do not supply alternative bin matches. Legacy matching cannot distinguish IDs beyond the eight bytes the older format provides. General 12-byte OMF IDs in the `omf:` namespace are not assumed to have Avid's legacy bridge.
F31	Current source/test/documentation	src/oprunner.cpp	98	bool mediaIdentityMatches(const OpItem &item, OpFile &source, QString &error)
F31	Current source/test/documentation	src/oprunner.cpp	100	if (!Conventions::hasMxfExtension(item.src))
F31	Current source/test/documentation	src/oprunner.cpp	668	!mediaIdentityMatches(e.item, *source, error) || !source->stillAt(e.item.src, current))
F31	Current source/test/documentation	src/omfparser.h	67	[[nodiscard]] static OmfMetadata parseHeader(const QString &mediaFilePath, qint64 *bytesRead = nullptr);
F31	Current source/test/documentation	src/opfile.h	61	QFile &io()
F31	Current source/test/documentation	docs/file-operations-native-api-validation.md	21	`Debug → Verify copies` and `Debug → Enable Undo` start off on every launch. Verification policy is saved with each job; resuming a job keeps that policy. Verification off avoids checksum reads, while retaining native error handling, identity, length and metadata checks. It cannot detect silent content changes that preserve the recorded file identity, length and modification time.
F31	Current source/test/documentation	docs/file-operations-native-api-validation.md	39	The regression coverage includes native copying with verification on/off; bounded retries; late destination conflicts; source changes; cancellation; abrupt child-process termination; journal and directory-flush failures; original-removal crash boundaries; whole-job Move barriers; partial Undo; Undo ownership and Resume; regenerated Avid indexes; network Trash routing; volume-remount identity handling; and a real macOS system Trash/Undo round trip using disposable data.
F31	Current source/test/documentation	docs/file-operations-native-api-validation.md	54	- Real SMB/NAS/NEXIS copying, disconnect/reconnect, remount and cancellation tests. Automated tests exercise routing and recorded identity rules, not a live NEXIS installation. A proprietary client exposing only an ambiguous workspace label remains unresolved rather than being matched by name alone.
F31	Current source/test/documentation	docs/file-operations-native-api-validation.md	81	Move accounts for every required temporary copy. Identity-confirmed files already at
F31	Current source/test/documentation	docs/file-operations-native-api-validation.md	85	validate the recorded identity evidence; an all-unchanged job does not replace the
F31	Current source/test/documentation	docs/file-operations-native-api-validation.md	88	Preview filesystem, identity, volume and free-space checks run in a background worker.
F32	Current source/test/documentation	src/rebalancedialog.cpp	608	"open. Avid will rebuild its media database on next project open.")
F32	Current source/test/documentation	docs/architecture.md	101	`MainWindow::rebuildProjectList()` groups the inventory by displayed project name
F32	Historical review; assess against current source	docs/reviews/2026-09-06-current-code/ui-build-tests.md	59	**Engineer:** Operation completion removes successful paths from the model and updates filter/status counts. It does not rebuild project aggregation. The sidebar's project names and file/byte tooltips are rebuilt by `onScanFinished()` only.
F32	Historical review; assess against current source	docs/reviews/2026-09-06-current-code/independent-audit.md	21	- Removing model rows after move/delete does not rebuild project sidebar items/counts.
F32	Historical review; assess against current source	docs/reviews/2026-09-06-current-code/scanner-filters.md	151	Independent MainWindow inspection confirms the project's sidebar is rebuilt only by onScanFinished1583-1613. Move/Delete completion933-940 removes model rows and updates filter/status counts but leaves project names and count/byte tooltips unchanged. No model mutation signal rebuilds it. Partial removal leaves old totals, complete removal leaves a selectable empty project until rescan. The [UI report](ui-build-tests.md) covers that finding.
F32	Historical review; assess against current source	docs/reviews/2026-09-22-current-code/ui-build-docs.md	61	The handler updates the model, tab counts and status bar, but never rebuilds the project list. Moving/deleting a project's final file leaves a project row whose tooltip still describes removed media. Partial removals also leave stale counts and byte totals. The probe begins with one project/one file; after the source-removal signal, the table has zero rows and the sidebar still has one project.
F32	Historical review; assess against current source	docs/reviews/2026-09-22-current-code/ui-build-docs.md	63	Rebuild project statistics after source removal, preserving remaining project selections and refreshing the chips when selected projects disappear. Test both partial and complete project removal. This restores the whole-inventory promise in `docs/current-behaviour.md:169–171` and `docs/architecture.md`.
F32	Historical review; assess against current source	docs/reviews/2026-09-22-current-code/REVIEW.md	23	now rebuild project totals and filter chips, preserving remaining project
F32	Historical review; assess against current source	docs/reviews/2026-09-22-current-code/REVIEW.md	95	| P3 | `src/mainwindow.cpp:856`: project rows and tooltip totals remain after Move/Delete removes files. | Rebuild project statistics and associated chips after source removal. [U5](ui-build-docs.md#u5--p3-project-sidebar-totals-outlive-removed-media). |
F32	Historical review; assess against current source	docs/reviews/2026-09-29-code-quality/naming-inventory.md	1985	| 1491 | Variable | MainWindow::rebuildProjectList | selected | selected | Keep | No clear improvement from the naming rules; retain pending a more specific semantic reason. |
F32	Historical review; assess against current source	docs/reviews/2026-09-29-code-quality/naming-inventory.md	1986	| 1492 | Variable | MainWindow::rebuildProjectList | item | item | Keep | No clear improvement from the naming rules; retain pending a more specific semantic reason. |
F32	Historical review; assess against current source	docs/reviews/2026-09-29-code-quality/naming-inventory.md	1987	| 1494 | Variable | MainWindow::rebuildProjectList | blocker | blocker | Keep | No clear improvement from the naming rules; retain pending a more specific semantic reason. |
F32	Historical review; assess against current source	docs/reviews/2026-09-29-code-quality/naming-inventory.md	1988	| 1496 | Struct | MainWindow::rebuildProjectList | ProjectStat | ProjectStatistics | Rename | Makes the responsibility explicit; rename the type and its constructors together. |
F32	Historical review; assess against current source	docs/reviews/2026-09-29-code-quality/naming-inventory.md	1989	| 1498 | Field | MainWindow::rebuildProjectList::ProjectStat | count | count | Keep | No clear improvement from the naming rules; retain pending a more specific semantic reason. |
F32	Historical review; assess against current source	docs/reviews/2026-09-29-code-quality/naming-inventory.md	1990	| 1499 | Field | MainWindow::rebuildProjectList::ProjectStat | bytes | bytes | Keep | No clear improvement from the naming rules; retain pending a more specific semantic reason. |
F32	Historical review; assess against current source	docs/reviews/2026-09-29-code-quality/naming-inventory.md	1991	| 1500 | Field | MainWindow::rebuildProjectList::ProjectStat | hasProject | hasProject | Keep | No clear improvement from the naming rules; retain pending a more specific semantic reason. |
F32	Historical review; assess against current source	docs/reviews/2026-09-29-code-quality/naming-inventory.md	1992	| 1503 | Variable | MainWindow::rebuildProjectList | projectStats | projectStats | Keep | No clear improvement from the naming rules; retain pending a more specific semantic reason. |
F32	Historical review; assess against current source	docs/reviews/2026-09-29-code-quality/naming-inventory.md	1993	| 1504 | Variable | MainWindow::rebuildProjectList | file | file | Keep | No clear improvement from the naming rules; retain pending a more specific semantic reason. |
F32	Historical review; assess against current source	docs/reviews/2026-09-29-code-quality/naming-inventory.md	1994	| 1506 | Variable | MainWindow::rebuildProjectList | stat | stat | Keep | No clear improvement from the naming rules; retain pending a more specific semantic reason. |
F32	Historical review; assess against current source	docs/reviews/2026-09-29-code-quality/naming-inventory.md	1995	| 1511 | Variable | MainWindow::rebuildProjectList | names | names | Keep | No clear improvement from the naming rules; retain pending a more specific semantic reason. |
F32	Historical review; assess against current source	docs/reviews/2026-09-29-code-quality/naming-inventory.md	1996	| 1513 | Variable | MainWindow::rebuildProjectList | name | name | Keep | No clear improvement from the naming rules; retain pending a more specific semantic reason. |
F32	Historical review; assess against current source	docs/reviews/2026-09-29-code-quality/naming-inventory.md	1997	| 1515 | Variable | MainWindow::rebuildProjectList | stat | stat | Keep | No clear improvement from the naming rules; retain pending a more specific semantic reason. |
F32	Historical review; assess against current source	docs/reviews/2026-09-29-code-quality/naming-inventory.md	1998	| 1516 | Variable | MainWindow::rebuildProjectList | icon | icon | Keep | No clear improvement from the naming rules; retain pending a more specific semantic reason. |
F32	Historical review; assess against current source	docs/reviews/2026-09-29-code-quality/naming-inventory.md	1999	| 1518 | Variable | MainWindow::rebuildProjectList | item | item | Keep | No clear improvement from the naming rules; retain pending a more specific semantic reason. |
F32	Historical review; assess against current source	docs/reviews/2026-09-29-code-quality/naming-inventory.md	2000	| 1520 | Variable | MainWindow::rebuildProjectList | tip | tip | Keep | No clear improvement from the naming rules; retain pending a more specific semantic reason. |
F32	Historical review; assess against current source	docs/reviews/2026-09-29-code-quality/naming-inventory.md	2001	| 1527 | Variable | MainWindow::rebuildProjectList | retained | retained | Keep | No clear improvement from the naming rules; retain pending a more specific semantic reason. |
F32	Historical review; assess against current source	docs/reviews/2026-09-29-code-quality/naming-inventory.md	2002	| 1528 | Variable | MainWindow::rebuildProjectList | item | item | Keep | No clear improvement from the naming rules; retain pending a more specific semantic reason. |
F32	Historical review; assess against current source	docs/reviews/2026-09-29-code-quality/naming-inventory.md	2256	| 160 | Method | MainWindow | rebuildProjectList | rebuildProjectList | Keep | No clear improvement from the naming rules; retain pending a more specific semantic reason. |
F33	Current source/test/documentation	src/mxfparser.cpp	44	static constexpr quint8 kSetEssenceGroup = 0x05;
F33	Current source/test/documentation	src/mxfparser.cpp	62	case kSetEssenceGroup:
F33	Current source/test/documentation	src/mxfparser.cpp	191	// skip padding/unknown payloads without loading essence into memory.
F33	Current source/test/documentation	src/mxfparser.cpp	253	QByteArray partitionEssenceContainer;
F33	Current source/test/documentation	src/mxfparser.cpp	270	const bool isPartition = key.startsWith(QByteArray::fromHex("060e2b34020501010d0102010102")) ||
F33	Current source/test/documentation	src/mxfparser.cpp	273	// GC essence elements and subsequent body/footer partitions end this
F33	Current source/test/documentation	src/mxfparser.cpp	275	const bool isEssence = key.startsWith(QByteArray::fromHex("060e2b34010201010d010301"));
F33	Current source/test/documentation	src/mxfparser.cpp	276	if (isEssence || (isPartition && sawPartition))
F33	Current source/test/documentation	src/mxfparser.cpp	282	if (isPartition)
F33	Current source/test/documentation	src/mxfparser.cpp	331	// This status certifies metadata, never the integrity of essence.
F33	Current source/test/documentation	src/mxfparser.cpp	342	if (isPartition)
F33	Current source/test/documentation	src/mxfparser.cpp	368	partitionEssenceContainer = read(16);
F33	Current source/test/documentation	src/mxfparser.cpp	369	if (partitionEssenceContainer.size() != 16)
F33	Current source/test/documentation	src/mxfparser.cpp	403	// Avid's alpha-only MXF files omit PictureEssenceCoding. Their single
F33	Current source/test/documentation	src/mxfparser.cpp	408	partitionEssenceContainer == QByteArray::fromHex(kAvidUncRgbaContainerHex))
F33	Current source/test/documentation	src/mxfparser.cpp	534	if (set.type == kSetEssenceGroup &&
F33	Current source/test/documentation	src/mxfparser.cpp	608	if (object.type == kSetEssenceGroup)
F33	Current source/test/documentation	src/mxfparser.cpp	645	// EssenceContainerData explicitly identifies the package for the stored
F33	Current source/test/documentation	src/mxfparser.cpp	646	// essence. Prefer it over an unrelated/tape SourcePackage in the header.
F33	Current source/test/documentation	src/mxfparser.cpp	704	// A row has one essence description. Never combine width from one
F33	Current source/test/documentation	src/mxfparser.cpp	871	// The selected descriptor measures the stored essence; even the file
F33	Current source/test/documentation	src/mxfparser.cpp	1079	// segment, never its nested sources or the physical essence kind.
F33	Current source/test/documentation	src/mxfparser.cpp	1254	case 0x3201: // picture essence coding UL — identifies the codec
F33	Current source/test/documentation	src/mxfparser.cpp	1291	// overrides the stored essence length.
F33	Current source/test/documentation	src/mxfparser.cpp	1320	case 0x3D06: // sound essence compression UL
F33	Current source/test/documentation	src/mxfparser.h	9	/// Reads an MXF file's header partition and pulls out the metadata
F33	Current source/test/documentation	src/mxfparser.h	22	/// recovery path when the header-partition pack is absent.
F33	Current source/test/documentation	src/mediametadata.cpp	124	meta.valid = true;
F33	Current source/test/documentation	src/mediametadata.cpp	133	meta.valid = true;
F33	Current source/test/documentation	docs/parser-compatibility.md	64	- MXF reading describes the header and selected metadata graph. It does not certify essence integrity, decode codecs, reconstruct metadata available only in a footer, or provide a complete multi-track MXF demultiplexer. Ambiguous multiple picture descriptors remain unresolved. The reader bounds selected metadata to 64 MiB and reports that limit separately from success.
F33	Current source/test/documentation	docs/release-feature-gates.md	5	The supported workflow families are Avid-managed MXF OP-Atom and OMF media.
F33	Current source/test/documentation	docs/release-feature-gates.md	6	MXF OP-Atom is available by default; OMF remains behind `FeatureFlags::kOmfEnabled` as
F33	Current source/test/documentation	docs/release-feature-gates.md	12	Media Composer's OP1a workflow under `Avid MediaFiles/UME` is deferred. These
F33	Current source/test/documentation	docs/release-feature-gates.md	13	trees are excluded from volume scans and explicitly added paths, including
F33	Current source/test/documentation	docs/release-feature-gates.md	15	every `.mxf` encountered outside UME has been structurally certified as OP-Atom.
F33	Current source/test/documentation	docs/release-feature-gates.md	16	Adding UME/OP1a later will require its own discovery, metadata and destination
F33	Current source/test/documentation	docs/release-feature-gates.md	17	handling rather than treating UME as another MXF OP-Atom folder.
F33	Current source/test/documentation	docs/release-feature-gates.md	23	the filename allowlist just like unrelated documents. There is no SDII-specific
F33	Current source/test/documentation	docs/release-feature-gates.md	30	Automatic volume scans look for immediate `Avid MediaFiles/MXF` and enabled
F33	Current source/test/documentation	docs/release-feature-gates.md	31	`OMFI MediaFiles` roots. The documented system-drive bases remain supported.
F33	Current source/test/documentation	docs/release-feature-gates.md	64	Rebalance uses a **5,000-file target**, matching Avid's documented
F34	Current source/test/documentation	src/avbparser.cpp	152	void skip(qint64 size)
F34	Current source/test/documentation	src/avbparser.cpp	158	// Read the last skipped byte to make sure it's there.
F34	Current source/test/documentation	src/avbparser.cpp	394	m_result.complete = true;
F34	Current source/test/documentation	src/avbparser.cpp	458	m_result.complete = false;
F34	Current source/test/documentation	src/avbparser.cpp	487	r.skip(8);
F34	Current source/test/documentation	src/avbparser.cpp	491	r.skip(16);
F34	Current source/test/documentation	src/avbparser.cpp	505	r.skip(size - 1);
F34	Current source/test/documentation	src/avbparser.cpp	531	r.skip(8);
F34	Current source/test/documentation	src/avbparser.cpp	552	r.skip(9);
F34	Current source/test/documentation	src/avbparser.cpp	560	r.skip(2);
F34	Current source/test/documentation	src/avbparser.cpp	572	r.skip(2);
F34	Current source/test/documentation	src/avbparser.cpp	574	r.skip(2);
F34	Current source/test/documentation	src/avbparser.cpp	576	r.skip(4);
F34	Current source/test/documentation	src/avbparser.cpp	578	r.skip(1);
F34	Current source/test/documentation	src/avbparser.cpp	588	r.skip(2);
F34	Current source/test/documentation	src/avbparser.cpp	605	r.skip(4);
F34	Current source/test/documentation	src/avbparser.cpp	615	r.skip(4);
F34	Current source/test/documentation	src/avbparser.cpp	634	r.skip(4);
F34	Current source/test/documentation	src/avbparser.cpp	638	r.skip(6);
F34	Current source/test/documentation	src/avbparser.cpp	656	r.skip(8);
F34	Current source/test/documentation	src/avbparser.cpp	661	r.skip(9);
F34	Current source/test/documentation	src/avbparser.cpp	663	r.skip(7);
F34	Current source/test/documentation	src/avbparser.cpp	666	r.skip(2);
F34	Current source/test/documentation	src/avbparser.cpp	673	r.skip(1);
F34	Current source/test/documentation	src/avbparser.cpp	676	r.skip(6);
F34	Current source/test/documentation	src/avbparser.cpp	679	r.skip(8);
F34	Current source/test/documentation	src/avbparser.cpp	684	r.skip(6);
F34	Current source/test/documentation	src/avbparser.cpp	686	r.skip(2);
F34	Current source/test/documentation	src/avbparser.cpp	688	r.skip(1);
F34	Current source/test/documentation	src/avbparser.cpp	692	r.skip(4);
F34	Current source/test/documentation	src/avbparser.cpp	709	r.skip(4);
F34	Current source/test/documentation	src/avbparser.cpp	725	r.skip(size);
F34	Current source/test/documentation	src/avbparser.cpp	761	void readMediaLocator(AvbValueParser &r)
F34	Current source/test/documentation	src/avbparser.cpp	775	r.skip(4);
F34	Current source/test/documentation	src/avbparser.cpp	804	r.skip(4);
F34	Current source/test/documentation	src/avbparser.cpp	815	r.skip(4);
F34	Current source/test/documentation	src/avbparser.cpp	819	r.skip(6);
F34	Current source/test/documentation	src/avbparser.cpp	825	r.skip(1);
F34	Current source/test/documentation	src/avbparser.cpp	831	r.skip(12);
F34	Current source/test/documentation	src/avbparser.cpp	836	r.skip(21);
F34	Current source/test/documentation	src/avbparser.cpp	841	r.skip(3);
F34	Current source/test/documentation	src/avbparser.cpp	845	r.skip(2);
F34	Current source/test/documentation	src/avbparser.cpp	846	r.skip(static_cast<qint64>(count) * 5);
F34	Current source/test/documentation	src/avbparser.cpp	857	r.skip(24);
F34	Current source/test/documentation	src/avbparser.cpp	859	r.skip(2);
F34	Current source/test/documentation	src/avbparser.cpp	872	r.skip(12);
F34	Current source/test/documentation	src/avbparser.cpp	877	r.skip(20);
F34	Current source/test/documentation	src/avbparser.cpp	879	r.skip(size);
F34	Current source/test/documentation	src/avbparser.cpp	896	r.skip(8);
F34	Current source/test/documentation	src/avbparser.cpp	900	r.skip(4);
F34	Current source/test/documentation	src/avbparser.cpp	905	r.skip(4);
F34	Current source/test/documentation	src/avbparser.cpp	919	r.skip(size);
F34	Current source/test/documentation	src/avbparser.cpp	954	r.skip(4);
F34	Current source/test/documentation	src/avbparser.cpp	960	r.skip(16);
F34	Current source/test/documentation	src/avbparser.cpp	962	r.skip(20);
F34	Current source/test/documentation	src/avbparser.cpp	964	r.skip(4);
F34	Current source/test/documentation	src/avbparser.cpp	981	r.skip(1);
F34	Current source/test/documentation	src/avbparser.cpp	996	r.skip(4);
F34	Current source/test/documentation	src/avbparser.cpp	1004	r.skip(4);
F34	Current source/test/documentation	src/avbparser.cpp	1007	r.skip(5);
F34	Current source/test/documentation	src/avbparser.cpp	1009	r.skip(4);
F34	Current source/test/documentation	src/avbparser.cpp	1012	r.skip(8);
F34	Current source/test/documentation	src/avbparser.cpp	1019	r.skip(8);
F34	Current source/test/documentation	src/avbparser.cpp	1029	r.skip(1);
F34	Current source/test/documentation	src/avbparser.cpp	1037	// Remaining effect payloads are skipped after their shared prefixes.
F34	Current source/test/documentation	src/avbparser.cpp	1038	// Indexed objects are visited independently; links inside skipped data are not validated here.
F34	Current source/test/documentation	src/avbparser.cpp	1064	else if (type == "MSML")
F34	Current source/test/documentation	src/avbparser.cpp	1065	readMediaLocator(r);
F34	Current source/test/documentation	src/avbparser.cpp	1071	// Known payloads without direct MobIds are skipped; their chunk framing was checked.
F34	Current source/test/documentation	src/avbparser.cpp	1154	result.complete = false;
F34	Current source/test/documentation	src/avbparser.h	37	/// Filtering needs both valid and complete so unsupported references cannot
F34	Current source/test/documentation	src/avbparser.h	39	/// This doesn't mean every effect or timeline has been checked.
F34	Current source/test/documentation	src/avbparser.h	41	bool complete = false;
F34	Current source/test/documentation	src/avbparser.h	46	[[nodiscard]] bool isUsable() const noexcept { return valid && complete; }
F34	Current source/test/documentation	docs/avb-parser.md	3	The AVB reader implements a bounded subset of Avid's serialized object format for whole-bin identity matching and clip/original-bin metadata. It does not evaluate timelines or write bins. The [original review](avb-review-2026-09-05.md) records the format evidence and earlier validation.
F34	Current source/test/documentation	docs/avb-parser.md	15	`AvbBin::valid` describes structural validity of the framing and understood properties. `complete` additionally describes the supported whole-bin identity coverage. `isUsable()` requires both for filtering and metadata; the dialog checks loading state separately. Unsupported identity-bearing data is reported; unrelated known descriptor payloads can be skipped by their validated chunk sizes without parsing codecs or essence metadata. This status does not certify that every optional property or media reference can be evaluated as a timeline.
F34	Current source/test/documentation	docs/avb-parser.md	17	The parser visits all indexed objects independently. That does not validate links inside skipped descriptor or effect payloads; reference checks apply only to fields the parser reads explicitly.
F34	Current source/test/documentation	docs/avb-parser.md	82	The universal macOS app rebuilt and passed strict signature verification. All 26 CTest suites passed. Three unrelated cases skipped because the optional external OMF corpora were not configured and the temporary filesystem is case-insensitive. The parser, proxy, bin-dialog and metadata suites had no skips.
F34	Current source/test/documentation	docs/avb-parser.md	88	The implemented rule uses full equality for modern identities and the eight-byte section only when either side is explicitly legacy, as described above. This covers older media as well as older bins. The existing OMF/PMR representation already preserves Avid's wrapper, so the change needs no journal schema or scanner changes. Traversing clip/track references would be a separate feature for determining usage within a clip or sequence, beyond this whole-bin media inventory.
F34	Current source/test/documentation	docs/avb-parser.md	94	The full-ID revision's universal macOS application rebuilt and passed strict signature verification. All 26 CTest suites passed, including 111 parser cases, 31 proxy cases and 40 bin-dialog cases with no skips in those suites. Three unrelated cases skipped: two optional external OMF-fixture checks and a case-sensitive-directory check on the case-insensitive temporary filesystem. The build and test logs are `full-id-app-build.log`, `full-id-ctest.log` and `full-id-test-details.log` in the audit directory below.
F34	Current source/test/documentation	docs/avb-parser.md	116	The suite reported 827 passing test cases and three environmental skips: two optional external OMF-fixture checks whose environment variables were unset, and a case-sensitive-directory check on this case-insensitive filesystem. None of the AVB/parser/filter/metadata cases were skipped.
F34	Current source/test/documentation	src/binmetadataresolver.cpp	40	if (mob.mobType != AvbMob::masterMobType || mob.mobId.isEmpty())
F35	Current source/test/documentation	src/mdbparser.cpp	80	/// Avid's placeholder MOB — byte-identical across unrelated projects, in no
F35	Current source/test/documentation	src/mdbparser.cpp	81	/// MXF. Never a real clip; skipped on sight.
F35	Current source/test/documentation	src/mdbparser.cpp	82	const QByteArray &placeholderMobId()
F35	Current source/test/documentation	src/mdbparser.cpp	143	if (mobId.isEmpty() || raw == QByteArrayView(placeholderMobId()))
F36	Current source/test/documentation	src/conventions.h	35	// MARK: - OMF-era folder
F36	Current source/test/documentation	src/conventions.h	37	/// Legacy media uses a separate OMFI MediaFiles tree, with files directly
F36	Current source/test/documentation	src/conventions.h	41	inline constexpr QLatin1String kOmfMediaFilesDir("OMFI MediaFiles");
F36	Current source/test/documentation	src/conventions.h	43	/// OMF-era: case-insensitive like isMxfRootName, for the same reasons.
F36	Current source/test/documentation	src/conventions.h	44	inline bool isOmfRootName(QStringView name)
F36	Current source/test/documentation	src/conventions.h	46	return name.compare(kOmfMediaFilesDir, Qt::CaseInsensitive) == 0;
F36	Current source/test/documentation	src/conventions.h	56	/// OMF-era: "<base>/OMFI MediaFiles" — one level, not two, because the
F36	Current source/test/documentation	src/conventions.h	57	/// OMF folder is the media root itself; there is no "MXF" inside it.
F36	Current source/test/documentation	src/conventions.h	58	inline QString omfRootUnder(const QString &base)
F36	Current source/test/documentation	src/conventions.h	60	return base + QLatin1Char('/') + kOmfMediaFilesDir;
F36	Current source/test/documentation	src/conventions.h	67	/// (under "Avid MediaFiles/MXF" and under "OMFI MediaFiles"). Its
F36	Current source/test/documentation	src/conventions.h	109	/// OMF databases live in the root or a shared workstation folder.
F36	Current source/test/documentation	src/conventions.h	134	/// Legacy media candidates: .omf may contain audio or video; .aif and
F36	Current source/test/documentation	src/conventions.h	136	/// These suffixes select the OMF reader, not proof of a valid container.
F36	Current source/test/documentation	src/conventions.h	137	inline bool hasOmfEraExtension(QStringView fileName)
F36	Current source/test/documentation	src/conventions.h	139	return fileName.endsWith(QLatin1String(".omf"), Qt::CaseInsensitive) ||
F36	Current source/test/documentation	src/conventions.h	140	fileName.endsWith(QLatin1String(".aif"), Qt::CaseInsensitive) ||
F36	Current source/test/documentation	src/bentofile.cpp	62	reason = QStringLiteral("unsupported Bento label version %1.%2").arg(m_major).arg(minor);
F36	Current source/test/documentation	src/bentofile.cpp	168	return fail(start, QStringLiteral("unsupported opcode %1").arg(code));
F36	Current source/test/documentation	src/bentofile.cpp	301	// Avid's IsOMFIFile also checks an omfi chunk in RIFF/RF64 WAVE.
F36	Current source/test/documentation	src/bentofile.cpp	304	if (!at(0, 12, header) || (header.first(4) != "RIFF" && header.first(4) != "RF64") || header.sliced(8, 4) != "WAVE")
F36	Current source/test/documentation	src/bentofile.cpp	309	const bool rf64 = header.first(4) == "RF64";
F36	Current source/test/documentation	src/bentofile.cpp	312	if (!rf64)
F36	Current source/test/documentation	src/bentofile.cpp	332	if (rf64 && id == "data" && length == 0xffffffffu)
F36	Current source/test/documentation	src/bentofile.cpp	336	reason = QStringLiteral("RF64 data has no preceding ds64 length");
F36	Current source/test/documentation	src/bentofile.cpp	352	if (rf64 && id == "ds64")
F36	Current source/test/documentation	src/bentofile.cpp	357	reason = QStringLiteral("malformed RF64 ds64 chunk");
F36	Current source/test/documentation	src/bentofile.cpp	363	reason = QStringLiteral("invalid RF64 extent");
F36	Current source/test/documentation	src/omfobjects.cpp	143	bool isMediaClass(const QByteArray &cls)
F36	Current source/test/documentation	src/omfobjects.cpp	728	if (!isMediaClass(cls))
F36	Current source/test/documentation	docs/release-feature-gates.md	19	For managed OMF audio, the observed AIFF-C filename suffix is `.aif`, and WAVE
F36	Current source/test/documentation	docs/release-feature-gates.md	20	uses `.wav`. A missing `.aiff` alias is not a v1 requirement for that workflow.
F36	Current source/test/documentation	docs/release-feature-gates.md	22	descriptors under that suffix. Other suffixes, including `.sd2`, are ignored by
F36	Current source/test/documentation	docs/release-feature-gates.md	23	the filename allowlist just like unrelated documents. There is no SDII-specific
F36	Current source/test/documentation	docs/release-feature-gates.md	31	`OMFI MediaFiles` roots. The documented system-drive bases remain supported.
F36	Current source/test/documentation	docs/release-feature-gates.md	42	lives in `OMFI MediaFiles`, either directly or one level down in a legacy shared
F36	Current source/test/documentation	docs/release-feature-gates.md	43	workstation folder; only `.omf`, `.wav` and `.aif` files enter that family.
F36	Current source/test/documentation	docs/release-feature-gates.md	77	`OMFI MediaFiles` for OMF alongside `Avid MediaFiles/MXF/<folder>` for MXF.
F36	Current source/test/documentation	docs/release-feature-gates.md	88	| kOmfEnabled | Scans discover and parse managed OMF essence. | Scans admit MXF essence only and skip OMFI MediaFiles trees, including manually added folders. |
F36	Current source/test/documentation	docs/parser-compatibility.md	13	| OMF | OMF1 and OMF2 have separate schema handling. The Bento container version is identified independently; an OMF1 file can legitimately use a Bento2 container. |
F36	Current source/test/documentation	docs/parser-compatibility.md	47	| Real Bento2 | `omf2DualStream::getNextTOCEntry` at `0x4ad824` implements compact TOC opcodes. `src/bentofile.cpp` now decodes them rather than interpreting Bento2 as a renamed Bento1 table. |
F36	Current source/test/documentation	docs/parser-compatibility.md	48	| Embedded WAVE OMF metadata | `IsOMFIFile` at `0xddc3c` checks RIFF/RF64 `omfi` chunks as well as the ordinary tail label. Authored tests verify the absolute stream offsets observed in those instructions. Avid gates this path with a preference; MediaMuster's read-only reader recognizes the wrapper directly. |
F36	Current source/test/documentation	docs/parser-compatibility.md	50	| Avid legacy OMF version | `omfiHPDomain::CloseContainer` at `0xe28e8` stores a native 16-bit `0x100`; the property-17 write at `0xe2a90–0xe2ab8` copies its two bytes as `OMFI:Version`. The observed `00 01` value is recognized as OMF1 only with the legacy `OMFI:ObjID` HEAD property and without `OMFI:OOBJ:ObjClass`. This does not reinterpret arbitrary version bytes or substitute the Bento version. |
F36	Current source/test/documentation	docs/parser-compatibility.md	61	- Bento1.0 and Bento2.0 are implemented. Extended Bento1.1 labels, update-container overlays and RF64 extension-table mappings for oversized non-data chunks are not implemented. Unknown or malformed structures fail explicitly.
F36	Current source/test/documentation	docs/parser-compatibility.md	62	- OMF1 and OMF2 metadata reading is implemented, including TIFF descriptors. The readers do not decode or transcode picture/audio payloads, evaluate an arbitrary timeline, or support every custom OMF subclass. A genuine Pro Tools `omfi`-wrapped WAVE specimen remains a testing gap.
F36	Current source/test/documentation	docs/parser-compatibility.md	81	MEDIAMUSTER_OMFKT22=/path/to/omfkt22 build/tests/tst_bentofile toolkit_corpus
F37	Current source/test/documentation	src/mediametadata.cpp	194	// labels are the complete fractional set Media
F37	Current source/test/documentation	src/mediametadata.cpp	197	// the closest fractional/integer pair (23.976 vs 24)
F37	Current source/test/documentation	src/mediametadata.cpp	205	static constexpr FractionalRate kFractional[] = {
F37	Current source/test/documentation	src/mediametadata.cpp	214	for (const auto &k : kFractional)
F37	Current source/test/documentation	src/mediametadata.cpp	216	if (qAbs(rate - k.value) < 0.01)
F37	Current source/test/documentation	src/mediametadata.cpp	224	else if (rate < 1000.0 && qAbs(rate - qRound(rate)) < 0.01)
F37	Current source/test/documentation	src/mediametadata.cpp	260	// DNx is the exception: these strings are routing keys into kDnxTiers,
F37	Current source/test/documentation	src/mediametadata.cpp	484	static constexpr DnxEntry kDnxTiers[] = {
F37	Current source/test/documentation	src/mediametadata.cpp	500	for (const auto &e : kDnxTiers)
F37	Current source/test/documentation	tests/tst_mxfparser.cpp	155	// Every fractional rate Media Composer can produce must render as its
F37	Current source/test/documentation	tests/tst_mxfparser.cpp	158	void fractional_frame_rates_are_never_rounded();
F37	Current source/test/documentation	tests/tst_mxfparser.cpp	165	void equivalent_rate_fractions_resolve_by_value();
F37	Current source/test/documentation	tests/tst_mxfparser.cpp	392	void TestMxfParser::fractional_frame_rates_are_never_rounded()
F37	Current source/test/documentation	tests/tst_mxfparser.cpp	422	void TestMxfParser::equivalent_rate_fractions_resolve_by_value()
F37	Current source/test/documentation	docs/parser-compatibility.md	54	| DNx rates | The user's **DNx Specs old.pdf**, printed pages 9–10, contains the legacy 1080 and 720 tables, including high frame rates. The newer **The Avid DNx Video Codec - Avid White Paper.pdf**, pages 3–6, supplies the current family/tier terminology. Unsupported or missing rates retain the known tier, as chosen by the user. |
F37	Historical review; assess against current source	docs/reviews/2026-09-20-media-scope/binary-dispatch.md	27	`GetMediaDirectoryDomainType` (`0x4386ac`) examines the directory locator and supported media-directory information. Its fallback path iterates the 18-entry supported-directory table using `GetSupportedMediaDirInfo` (`0x433188`), compares against path text, and returns the matched record's domain field (`0x4388e4`). If the initial special-location check yields a domain it returns it; if not, `isAMA=true` selects AAF (3) before the supported-directory path loop. Not every imported locator helper was independently named in this bounded pass, so this report does not invent the exact special-location predicate.
F37	Historical review; assess against current source	docs/reviews/2026-09-06-current-code/scanner-filters.md	81	Proof: The strengthened probe uses two video rows with supported real rates: `fps="29.97"`, nominal base30, drop-frame true, 107,893 frames; and `fps="30"`, nominal base30, drop-frame false, 108,000 frames. At exact 30000/1001 rate, the first lasts 107893*1001/30000 = 3600.0297667 seconds; the second lasts exactly3600 seconds. Display values are respectively `01;00;00;01` and `01:00:00:00`. Ascending sort returns the longer first row before the shorter second row: `DURATION_SORT DF=01;00;00;01 then NDF=01:00:00:00`. This uses generated model rows carrying legitimate supported rate values, not an assertion that this pair was observed in a production corpus. The earlier v1 probe omitted fps; v2 explicitly supplies it and the video kinds.
F38	Current source/test/documentation	src/omfresolutions.cpp	7	// Every row was built from two things and nothing else:
F38	Current source/test/documentation	src/omfresolutions.cpp	26	//      D25A = 0x008C → 140, MP50 = 0x00A0 → 160). Every row below was
F38	Current source/test/documentation	src/omfresolutions.cpp	45	//   UNVERIFIED — token only, no .vr exists for them in the bundle:
F38	Current source/test/documentation	src/omfresolutions.cpp	60	// Ids 1235–1489 (the DNxHD family) are absent on purpose — see the header.
F38	Current source/test/documentation	src/omfresolutions.cpp	98	// MARK: DV 100 — UNVERIFIED (filename tokens only; no .vr in the bundle)
F38	Current source/test/documentation	src/avideffects.cpp	13	// A catalogue of effects from Media Composer 2026.8 — see docs/avid-effects-catalogue.md
F38	Current source/test/documentation	src/avideffects.cpp	20	const Entry kEffects[] = {
F38	Current source/test/documentation	src/avideffects.cpp	922	/// Built once, on first use, from the compiled-in catalogue. Names are
F38	Current source/test/documentation	src/avideffects.cpp	930	out.rows.reserve(std::size(kEffects));
F38	Current source/test/documentation	src/avideffects.cpp	931	for (const Entry &e : kEffects)
F38	Current source/test/documentation	src/avidusage.h	97	// header. No usage properties is the ordinary-media form in the Avid corpus.
F38	Current source/test/documentation	src/avidusage.h	99	constexpr Classification materialClassification(qint32 code, StandardUsage standard)
F38	Current source/test/documentation	src/omfuid.h	52	/// random here (8e40da9649f531f4 in every specimen above), never this.
F38	Current source/test/documentation	docs/avid-effects-catalogue.md	5	Recognition from a clip name is **not a definitive effect ID**. Clip names are editable, and a name does not identify a specific AlphaFlex execution variant. The application must first classify a row as a precompute using its usage metadata. Unmatched tokens retain their original text and an **unknown** category, including uppercase `TITLE`, `SLATE` and arbitrary template names.
F38	Current source/test/documentation	docs/avid-effects-catalogue.md	36	The original review inspected ARM64 registration paths and referenced strings/tables, checked both AlphaFlex states and the other observed name/category gates, and considered all 65,536 low-16-bit identifier inputs. It modeled only the reviewed name/category operations; it did not emulate the application or invoke plug-ins. These findings describe the inspected 26.8 binaries. A future version requires renewed verification of its registrations and resources.
F38	Current source/test/documentation	docs/avid-effects-catalogue.md	42	These historical checks validate name recognition on that sample. They do not prove an effect graph, plug-in availability or live AlphaFlex state from a clip name.
F38	Current source/test/documentation	docs/usage-code-identification.md	41	- A selected MXF MaterialPackage with both usage properties absent retains the ordinary-media convention found throughout this corpus. This is an explicit compatibility rule supported by the files and their databases, **not a claim that every absent usage or stored integer 0 means Media**.
F38	Current source/test/documentation	docs/usage-code-identification.md	54	Complete final test output is preserved as `usage-identity-parser-qttest.log` and `usage-identity-sanitizer-qttest.log`; build logs use the same prefixes with `-build.log`. `usage-identity-validation-evidence.json` records the check totals, dependency audit and source hashes. The sanitizer build uses `-fsanitize=address,undefined -fno-omit-frame-pointer -fno-sanitize-recover=all`; the run sets `UBSAN_OPTIONS=print_stacktrace=1:halt_on_error=1`. These are reader tests, not a claim to have exercised every Media Composer behavior or every effects UI path.
F39	Current source/test/documentation	src/mxfparser.cpp	1216	// traverse. Recover a project only if every readable _PJ/PROJNAME in
F39	Current source/test/documentation	src/mxfparser.cpp	1217	// this header agrees; never choose an arbitrary unrelated package.
F39	Current source/test/documentation	src/mxfparser.cpp	1221	projects = projectsIn(all);
F39	Current source/test/documentation	tests/tst_mxfparser.cpp	134	void project_recovers_unique_orphan_attribute();
F39	Current source/test/documentation	tests/tst_mxfparser.cpp	135	void project_leaves_conflicting_fallbacks_unknown();
F39	Current source/test/documentation	tests/tst_mxfparser.cpp	1635	void TestMxfParser::project_recovers_unique_orphan_attribute()
F39	Current source/test/documentation	tests/tst_mxfparser.cpp	1646	void TestMxfParser::project_leaves_conflicting_fallbacks_unknown()
F39	Historical review; assess against current source	docs/reviews/2026-09-29-code-quality/naming-inventory.md	10640	| 134 | Method | TestMxfParser | project_recovers_unique_orphan_attribute | project_recovers_unique_orphan_attribute | Keep | Existing test name describes a scenario or uses a QtTest convention. |
F39	Historical review; assess against current source	docs/reviews/2026-09-29-code-quality/naming-inventory.md	10939	| 1406 | Variable | TestMxfParser::project_recovers_unique_orphan_attribute | temp | temp | Keep | No clear improvement from the naming rules; retain pending a more specific semantic reason. |
F39	Historical review; assess against current source	docs/reviews/2026-09-29-code-quality/naming-inventory.md	10940	| 1407 | Variable | TestMxfParser::project_recovers_unique_orphan_attribute | content | content | Keep | No clear improvement from the naming rules; retain pending a more specific semantic reason. |
F39	Historical review; assess against current source	docs/reviews/2026-09-29-code-quality/naming-inventory.md	10941	| 1410 | Variable | TestMxfParser::project_recovers_unique_orphan_attribute | result | result | Keep | No clear improvement from the naming rules; retain pending a more specific semantic reason. |
F40	Current source/test/documentation	src/mxfparser.cpp	642	MxfPackageSelection selectPackages(const MxfHeaderObjects &header)
F40	Current source/test/documentation	src/mxfparser.cpp	647	QSet<qsizetype> linkedFiles;
F40	Current source/test/documentation	src/mxfparser.cpp	648	for (const auto &set : header.objects)
F40	Current source/test/documentation	src/mxfparser.cpp	653	linkedFiles.insert(candidate);
F40	Current source/test/documentation	src/mxfparser.cpp	655	if (linkedFiles.size() == 1)
F40	Current source/test/documentation	src/mxfparser.cpp	656	filePackageIndex = *linkedFiles.constBegin();
F40	Current source/test/documentation	src/mxfparser.cpp	657	else if (linkedFiles.isEmpty() && header.files.size() == 1)
F40	Current source/test/documentation	src/mxfparser.cpp	680	for (const auto &set : header.objects)
F40	Current source/test/documentation	src/mxfparser.cpp	955	const auto selection = selectPackages(header);
F40	Current source/test/documentation	src/mxfparser.cpp	1124	for (const auto &set : header.objects)
F40	Current source/test/documentation	src/mxfproperties.h	48	{"060e2b34010101040601010401080000", 0x3b08}, // Preface::PrimaryPackage
F40	Current source/test/documentation	src/mxfproperties.h	49	{"060e2b34010101020601010405020000", 0x1902}, // ContentStorage::EssenceContainerData
F40	Current source/test/documentation	src/mxfproperties.h	50	{"060e2b34010101020601010601000000", 0x2701}, // EssenceContainerData::LinkedPackageUID
F40	Current source/test/documentation	src/mxfproperties.h	51	// EssenceContainerData::BodySID and
F40	Current source/test/documentation	docs/parser-compatibility.md	17	| Clip identity | The owning file package, master and descriptor are joined by their recorded relationships, including EssenceGroup Choices and StillFrame references. Once the file package is identified, a master must connect to it; being the only master in the header is insufficient. An unrelated descriptor later in the file cannot overwrite the selected clip's dimensions or codec. |
